suburb,MODE,stop_count,School_Type,school_count,region,Housing_Type,timestamp,Latest_Median,Forecasted_Next_Quarter
Abbeyard,,,,,,,,,
Abbotsford,METRO BUS,12.0,Pri/Sec,1.0,,,,,
Abbotsford,METRO BUS,12.0,Primary,1.0,,,,,
Abbotsford,METRO TRAIN,18.0,Pri/Sec,1.0,,,,,
Abbotsford,METRO TRAIN,18.0,Primary,1.0,,,,,
Abbotsford,METRO TRAM,6.0,Pri/Sec,1.0,,,,,
Abbotsford,METRO TRAM,6.0,Primary,1.0,,,,,
Aberfeldie,METRO BUS,15.0,Primary,2.0,,,,,
Aberfeldie,METRO BUS,15.0,Secondary,1.0,,,,,
Aberfeldy,,,,,,,,,
Acheron,METRO BUS,1.0,,,,,,,
Ada,,,,,,,,,
Adams Estate,,,,,,,,,
Addington,,,,,,,,,
Adelaide Lead,,,,,,,,,
Agnes,,,,,,,,,
Aintree,METRO BUS,18.0,Primary,1.0,,,,,
Aintree,METRO BUS,18.0,Secondary,1.0,,,,,
Aintree,METRO BUS,18.0,Special,1.0,,,,,
Aire Valley,,,,,,,,,
Aireys Inlet,REGIONAL COACH,2.0,Primary,1.0,,,,,
Airly,,,Primary,1.0,,,,,
Airport West,METRO BUS,28.0,Primary,2.0,,,,,
Airport West,METRO TRAM,6.0,Primary,2.0,,,,,
Albacutya,,,,,,,,,
Albanvale,METRO BUS,16.0,Primary,1.0,,,,,
Albert Park,METRO BUS,5.0,Primary,2.0,,,,,
Albert Park,METRO BUS,5.0,Secondary,1.0,,,,,
Albert Park,METRO TRAM,17.0,Primary,2.0,,,,,
Albert Park,METRO TRAM,17.0,Secondary,1.0,,,,,
Alberton,REGIONAL COACH,1.0,Primary,1.0,,,,,
Alberton West,,,,,,,,,
Albion,METRO BUS,15.0,Primary,2.0,,,,,
Albion,METRO TRAIN,2.0,Primary,2.0,,,,,
Alexandra,METRO BUS,1.0,Primary,2.0,,,,,
Alexandra,METRO BUS,1.0,Secondary,1.0,,,,,
Alexandra,REGIONAL BUS,2.0,Primary,2.0,,,,,
Alexandra,REGIONAL BUS,2.0,Secondary,1.0,,,,,
Alexandra,REGIONAL COACH,1.0,Primary,2.0,,,,,
Alexandra,REGIONAL COACH,1.0,Secondary,1.0,,,,,
Alfredton,REGIONAL BUS,30.0,Primary,2.0,,,,,
Allambee,,,,,,,,,
Allambee Reserve,,,,,,,,,
Allambee South,,,,,,,,,
Allans Flat,,,,,,,,,
Allansford,,,Primary,1.0,,,,,
Allendale,REGIONAL COACH,1.0,,,,,,,
Allestree,,,,,,,,,
Alma,,,,,,,,,
Almonds,,,,,,,,,
Almurta,,,,,,,,,
Alphington,METRO BUS,24.0,Pri/Sec,1.0,,,,,
Alphington,METRO BUS,24.0,Primary,2.0,,,,,
Alphington,METRO TRAIN,3.0,Pri/Sec,1.0,,,,,
Alphington,METRO TRAIN,3.0,Primary,2.0,,,,,
Altona,METRO BUS,45.0,Pri/Sec,1.0,Outer Western Melbourne,1 bedroom flat,2025-03-01,360.0,365.0
Altona,METRO BUS,45.0,Pri/Sec,1.0,Outer Western Melbourne,2 bedroom flat,2025-03-01,470.0,472.0
Altona,METRO BUS,45.0,Pri/Sec,1.0,Outer Western Melbourne,2 bedroom house,2025-03-01,480.0,490.0
Altona,METRO BUS,45.0,Pri/Sec,1.0,Outer Western Melbourne,3 bedroom flat,2025-03-01,550.0,575.0
Altona,METRO BUS,45.0,Pri/Sec,1.0,Outer Western Melbourne,3 bedroom house,2025-03-01,525.0,549.0
Altona,METRO BUS,45.0,Pri/Sec,1.0,Outer Western Melbourne,4 bedroom house,2025-03-01,585.0,658.0
Altona,METRO BUS,45.0,Pri/Sec,1.0,Outer Western Melbourne,All properties,2025-03-01,550.0,530.0
Altona,METRO BUS,45.0,Primary,2.0,Outer Western Melbourne,1 bedroom flat,2025-03-01,360.0,365.0
Altona,METRO BUS,45.0,Primary,2.0,Outer Western Melbourne,2 bedroom flat,2025-03-01,470.0,472.0
Altona,METRO BUS,45.0,Primary,2.0,Outer Western Melbourne,2 bedroom house,2025-03-01,480.0,490.0
Altona,METRO BUS,45.0,Primary,2.0,Outer Western Melbourne,3 bedroom flat,2025-03-01,550.0,575.0
Altona,METRO BUS,45.0,Primary,2.0,Outer Western Melbourne,3 bedroom house,2025-03-01,525.0,549.0
Altona,METRO BUS,45.0,Primary,2.0,Outer Western Melbourne,4 bedroom house,2025-03-01,585.0,658.0
Altona,METRO BUS,45.0,Primary,2.0,Outer Western Melbourne,All properties,2025-03-01,550.0,530.0
Altona,METRO BUS,45.0,Secondary,1.0,Outer Western Melbourne,1 bedroom flat,2025-03-01,360.0,365.0
Altona,METRO BUS,45.0,Secondary,1.0,Outer Western Melbourne,2 bedroom flat,2025-03-01,470.0,472.0
Altona,METRO BUS,45.0,Secondary,1.0,Outer Western Melbourne,2 bedroom house,2025-03-01,480.0,490.0
Altona,METRO BUS,45.0,Secondary,1.0,Outer Western Melbourne,3 bedroom flat,2025-03-01,550.0,575.0
Altona,METRO BUS,45.0,Secondary,1.0,Outer Western Melbourne,3 bedroom house,2025-03-01,525.0,549.0
Altona,METRO BUS,45.0,Secondary,1.0,Outer Western Melbourne,4 bedroom house,2025-03-01,585.0,658.0
Altona,METRO BUS,45.0,Secondary,1.0,Outer Western Melbourne,All properties,2025-03-01,550.0,530.0
Altona,METRO TRAIN,6.0,Pri/Sec,1.0,Outer Western Melbourne,1 bedroom flat,2025-03-01,360.0,365.0
Altona,METRO TRAIN,6.0,Pri/Sec,1.0,Outer Western Melbourne,2 bedroom flat,2025-03-01,470.0,472.0
Altona,METRO TRAIN,6.0,Pri/Sec,1.0,Outer Western Melbourne,2 bedroom house,2025-03-01,480.0,490.0
Altona,METRO TRAIN,6.0,Pri/Sec,1.0,Outer Western Melbourne,3 bedroom flat,2025-03-01,550.0,575.0
Altona,METRO TRAIN,6.0,Pri/Sec,1.0,Outer Western Melbourne,3 bedroom house,2025-03-01,525.0,549.0
Altona,METRO TRAIN,6.0,Pri/Sec,1.0,Outer Western Melbourne,4 bedroom house,2025-03-01,585.0,658.0
Altona,METRO TRAIN,6.0,Pri/Sec,1.0,Outer Western Melbourne,All properties,2025-03-01,550.0,530.0
Altona,METRO TRAIN,6.0,Primary,2.0,Outer Western Melbourne,1 bedroom flat,2025-03-01,360.0,365.0
Altona,METRO TRAIN,6.0,Primary,2.0,Outer Western Melbourne,2 bedroom flat,2025-03-01,470.0,472.0
Altona,METRO TRAIN,6.0,Primary,2.0,Outer Western Melbourne,2 bedroom house,2025-03-01,480.0,490.0
Altona,METRO TRAIN,6.0,Primary,2.0,Outer Western Melbourne,3 bedroom flat,2025-03-01,550.0,575.0
Altona,METRO TRAIN,6.0,Primary,2.0,Outer Western Melbourne,3 bedroom house,2025-03-01,525.0,549.0
Altona,METRO TRAIN,6.0,Primary,2.0,Outer Western Melbourne,4 bedroom house,2025-03-01,585.0,658.0
Altona,METRO TRAIN,6.0,Primary,2.0,Outer Western Melbourne,All properties,2025-03-01,550.0,530.0
Altona,METRO TRAIN,6.0,Secondary,1.0,Outer Western Melbourne,1 bedroom flat,2025-03-01,360.0,365.0
Altona,METRO TRAIN,6.0,Secondary,1.0,Outer Western Melbourne,2 bedroom flat,2025-03-01,470.0,472.0
Altona,METRO TRAIN,6.0,Secondary,1.0,Outer Western Melbourne,2 bedroom house,2025-03-01,480.0,490.0
Altona,METRO TRAIN,6.0,Secondary,1.0,Outer Western Melbourne,3 bedroom flat,2025-03-01,550.0,575.0
Altona,METRO TRAIN,6.0,Secondary,1.0,Outer Western Melbourne,3 bedroom house,2025-03-01,525.0,549.0
Altona,METRO TRAIN,6.0,Secondary,1.0,Outer Western Melbourne,4 bedroom house,2025-03-01,585.0,658.0
Altona,METRO TRAIN,6.0,Secondary,1.0,Outer Western Melbourne,All properties,2025-03-01,550.0,530.0
Altona Meadows,METRO BUS,31.0,Primary,3.0,,,,,
Altona North,METRO BUS,72.0,Primary,2.0,,,,,
Altona North,METRO BUS,72.0,Secondary,1.0,,,,,
Alvie,REGIONAL BUS,1.0,Primary,1.0,,,,,
Amherst,,,,,,,,,
Amor,,,,,,,,,
Amphitheatre,REGIONAL BUS,2.0,Primary,1.0,,,,,
Anakie,,,Primary,1.0,,,,,
Ancona,,,,,,,,,
Anderson,REGIONAL BUS,1.0,,,,,,,
Anderson,REGIONAL COACH,1.0,,,,,,,
Anglers Rest,,,,,,,,,
Anglesea,REGIONAL COACH,3.0,Primary,1.0,,,,,
Annuello,REGIONAL COACH,1.0,,,,,,,
Antwerp,REGIONAL BUS,1.0,,,,,,,
Apollo Bay,REGIONAL BUS,4.0,Pri/Sec,1.0,,,,,
Apollo Bay,REGIONAL COACH,2.0,Pri/Sec,1.0,,,,,
Appin,,,,,,,,,
Appin South,,,,,,,,,
Apsley,REGIONAL BUS,1.0,Primary,1.0,,,,,
Arapiles,,,,,,,,,
Ararat,INTERSTATE TRAIN,2.0,Primary,4.0,,,,,
Ararat,INTERSTATE TRAIN,2.0,Secondary,2.0,,,,,
Ararat,REGIONAL BUS,61.0,Primary,4.0,,,,,
Ararat,REGIONAL BUS,61.0,Secondary,2.0,,,,,
Ararat,REGIONAL COACH,2.0,Primary,4.0,,,,,
Ararat,REGIONAL COACH,2.0,Secondary,2.0,,,,,
Ararat,REGIONAL TRAIN,2.0,Primary,4.0,,,,,
Ararat,REGIONAL TRAIN,2.0,Secondary,2.0,,,,,
Arawata,,,,,,,,,
Arbuckle,,,,,,,,,
Arcadia,,,,,,,,,
Arcadia South,,,,,,,,,
Archdale,,,,,,,,,
Archdale Junction,,,,,,,,,
Archerton,,,,,,,,,
Archies Creek,,,,,,,,,
Ardeer,METRO BUS,12.0,Primary,2.0,,,,,
Ardmona,,,Primary,1.0,,,,,
Areegra,,,,,,,,,
Argyle,,,,,,,,,
Armadale,METRO BUS,16.0,Pri/Sec,2.0,Inner Melbourne,1 bedroom flat,2025-03-01,450.0,500.0
Armadale,METRO BUS,16.0,Pri/Sec,2.0,Inner Melbourne,2 bedroom flat,2025-03-01,630.0,658.0
Armadale,METRO BUS,16.0,Pri/Sec,2.0,Inner Melbourne,2 bedroom house,2025-03-01,778.0,742.0
Armadale,METRO BUS,16.0,Pri/Sec,2.0,Inner Melbourne,3 bedroom flat,2025-03-01,893.0,950.0
Armadale,METRO BUS,16.0,Pri/Sec,2.0,Inner Melbourne,3 bedroom house,2025-03-01,1100.0,973.0
Armadale,METRO BUS,16.0,Pri/Sec,2.0,Inner Melbourne,4 bedroom house,2025-03-01,1400.0,1325.0
Armadale,METRO BUS,16.0,Pri/Sec,2.0,Inner Melbourne,All properties,2025-03-01,625.0,640.0
Armadale,METRO BUS,16.0,Primary,1.0,Inner Melbourne,1 bedroom flat,2025-03-01,450.0,500.0
Armadale,METRO BUS,16.0,Primary,1.0,Inner Melbourne,2 bedroom flat,2025-03-01,630.0,658.0
Armadale,METRO BUS,16.0,Primary,1.0,Inner Melbourne,2 bedroom house,2025-03-01,778.0,742.0
Armadale,METRO BUS,16.0,Primary,1.0,Inner Melbourne,3 bedroom flat,2025-03-01,893.0,950.0
Armadale,METRO BUS,16.0,Primary,1.0,Inner Melbourne,3 bedroom house,2025-03-01,1100.0,973.0
Armadale,METRO BUS,16.0,Primary,1.0,Inner Melbourne,4 bedroom house,2025-03-01,1400.0,1325.0
Armadale,METRO BUS,16.0,Primary,1.0,Inner Melbourne,All properties,2025-03-01,625.0,640.0
Armadale,METRO TRAIN,5.0,Pri/Sec,2.0,Inner Melbourne,1 bedroom flat,2025-03-01,450.0,500.0
Armadale,METRO TRAIN,5.0,Pri/Sec,2.0,Inner Melbourne,2 bedroom flat,2025-03-01,630.0,658.0
Armadale,METRO TRAIN,5.0,Pri/Sec,2.0,Inner Melbourne,2 bedroom house,2025-03-01,778.0,742.0
Armadale,METRO TRAIN,5.0,Pri/Sec,2.0,Inner Melbourne,3 bedroom flat,2025-03-01,893.0,950.0
Armadale,METRO TRAIN,5.0,Pri/Sec,2.0,Inner Melbourne,3 bedroom house,2025-03-01,1100.0,973.0
Armadale,METRO TRAIN,5.0,Pri/Sec,2.0,Inner Melbourne,4 bedroom house,2025-03-01,1400.0,1325.0
Armadale,METRO TRAIN,5.0,Pri/Sec,2.0,Inner Melbourne,All properties,2025-03-01,625.0,640.0
Armadale,METRO TRAIN,5.0,Primary,1.0,Inner Melbourne,1 bedroom flat,2025-03-01,450.0,500.0
Armadale,METRO TRAIN,5.0,Primary,1.0,Inner Melbourne,2 bedroom flat,2025-03-01,630.0,658.0
Armadale,METRO TRAIN,5.0,Primary,1.0,Inner Melbourne,2 bedroom house,2025-03-01,778.0,742.0
Armadale,METRO TRAIN,5.0,Primary,1.0,Inner Melbourne,3 bedroom flat,2025-03-01,893.0,950.0
Armadale,METRO TRAIN,5.0,Primary,1.0,Inner Melbourne,3 bedroom house,2025-03-01,1100.0,973.0
Armadale,METRO TRAIN,5.0,Primary,1.0,Inner Melbourne,4 bedroom house,2025-03-01,1400.0,1325.0
Armadale,METRO TRAIN,5.0,Primary,1.0,Inner Melbourne,All properties,2025-03-01,625.0,640.0
Armadale,METRO TRAM,22.0,Pri/Sec,2.0,Inner Melbourne,1 bedroom flat,2025-03-01,450.0,500.0
Armadale,METRO TRAM,22.0,Pri/Sec,2.0,Inner Melbourne,2 bedroom flat,2025-03-01,630.0,658.0
Armadale,METRO TRAM,22.0,Pri/Sec,2.0,Inner Melbourne,2 bedroom house,2025-03-01,778.0,742.0
Armadale,METRO TRAM,22.0,Pri/Sec,2.0,Inner Melbourne,3 bedroom flat,2025-03-01,893.0,950.0
Armadale,METRO TRAM,22.0,Pri/Sec,2.0,Inner Melbourne,3 bedroom house,2025-03-01,1100.0,973.0
Armadale,METRO TRAM,22.0,Pri/Sec,2.0,Inner Melbourne,4 bedroom house,2025-03-01,1400.0,1325.0
Armadale,METRO TRAM,22.0,Pri/Sec,2.0,Inner Melbourne,All properties,2025-03-01,625.0,640.0
Armadale,METRO TRAM,22.0,Primary,1.0,Inner Melbourne,1 bedroom flat,2025-03-01,450.0,500.0
Armadale,METRO TRAM,22.0,Primary,1.0,Inner Melbourne,2 bedroom flat,2025-03-01,630.0,658.0
Armadale,METRO TRAM,22.0,Primary,1.0,Inner Melbourne,2 bedroom house,2025-03-01,778.0,742.0
Armadale,METRO TRAM,22.0,Primary,1.0,Inner Melbourne,3 bedroom flat,2025-03-01,893.0,950.0
Armadale,METRO TRAM,22.0,Primary,1.0,Inner Melbourne,3 bedroom house,2025-03-01,1100.0,973.0
Armadale,METRO TRAM,22.0,Primary,1.0,Inner Melbourne,4 bedroom house,2025-03-01,1400.0,1325.0
Armadale,METRO TRAM,22.0,Primary,1.0,Inner Melbourne,All properties,2025-03-01,625.0,640.0
Armstrong,,,,,,,,,
Armstrong Creek,REGIONAL BUS,36.0,Pri/Sec,1.0,,,,,
Armstrong Creek,REGIONAL BUS,36.0,Primary,2.0,,,,,
Armstrong Creek,REGIONAL BUS,36.0,Secondary,1.0,,,,,
Armstrong Creek,REGIONAL COACH,1.0,Pri/Sec,1.0,,,,,
Armstrong Creek,REGIONAL COACH,1.0,Primary,2.0,,,,,
Armstrong Creek,REGIONAL COACH,1.0,Secondary,1.0,,,,,
Arnold,,,,,,,,,
Arnold West,,,,,,,,,
Arthurs Creek,,,Primary,1.0,,,,,
Arthurs Seat,,,,,,,,,
Ascot,REGIONAL BUS,3.0,,,,,,,
Ascot,REGIONAL BUS,3.0,,,,,,,
Ascot Vale,METRO BUS,33.0,Primary,3.0,,,,,
Ascot Vale,METRO BUS,33.0,Special,1.0,,,,,
Ascot Vale,METRO TRAIN,3.0,Primary,3.0,,,,,
Ascot Vale,METRO TRAIN,3.0,Special,1.0,,,,,
Ascot Vale,METRO TRAM,17.0,Primary,3.0,,,,,
Ascot Vale,METRO TRAM,17.0,Special,1.0,,,,,
Ashbourne,,,,,,,,,
Ashburton,METRO BUS,22.0,Primary,3.0,,,,,
Ashburton,METRO TRAIN,4.0,Primary,3.0,,,,,
Ashwood,METRO BUS,24.0,Primary,1.0,,,,,
Ashwood,METRO BUS,24.0,Secondary,1.0,,,,,
Ashwood,METRO BUS,24.0,Special,2.0,,,,,
Aspendale,METRO BUS,12.0,Primary,2.0,,,,,
Aspendale,METRO BUS,12.0,Secondary,1.0,,,,,
Aspendale,METRO BUS,12.0,Special,1.0,,,,,
Aspendale,METRO TRAIN,2.0,Primary,2.0,,,,,
Aspendale,METRO TRAIN,2.0,Secondary,1.0,,,,,
Aspendale,METRO TRAIN,2.0,Special,1.0,,,,,
Aspendale Gardens,METRO BUS,14.0,Primary,1.0,,,,,
Athlone,REGIONAL BUS,1.0,,,,,,,
Attwood,METRO BUS,3.0,,,,,,,
Aubrey,,,,,,,,,
Auchmore,,,,,,,,,
Avalon,SKYBUS,1.0,,,,,,,
Avenel,REGIONAL COACH,1.0,Primary,1.0,,,,,
Avenel,REGIONAL TRAIN,2.0,Primary,1.0,,,,,
Avoca,REGIONAL BUS,3.0,Primary,1.0,,,,,
Avoca,REGIONAL COACH,2.0,Primary,1.0,,,,,
Avon Plains,,,,,,,,,
Avondale Heights,METRO BUS,31.0,Primary,2.0,,,,,
Avonmore,,,,,,,,,
Avonsleigh,METRO BUS,1.0,,,,,,,
Axe Creek,,,Primary,1.0,,,,,
Axedale,REGIONAL BUS,1.0,Primary,1.0,,,,,
Ayrford,,,,,,,,,
Bacchus Marsh,REGIONAL BUS,19.0,Primary,2.0,,,,,
Bacchus Marsh,REGIONAL COACH,1.0,Primary,2.0,,,,,
Baddaginnie,,,,,,,,,
Badger Creek,METRO BUS,3.0,Primary,1.0,,,,,
Bael Bael,,,,,,,,,
Bagshot,REGIONAL BUS,1.0,,,,,,,
Bagshot North,,,,,,,,,
Bahgallah,,,,,,,,,
Bailieston,,,,,,,,,
Bairnsdale,REGIONAL BUS,25.0,Pri/Sec,1.0,Other Regional Centres,1 bedroom flat,2025-03-01,285.0,275.0
Bairnsdale,REGIONAL BUS,25.0,Pri/Sec,1.0,Other Regional Centres,2 bedroom flat,2025-03-01,368.0,360.0
Bairnsdale,REGIONAL BUS,25.0,Pri/Sec,1.0,Other Regional Centres,2 bedroom house,2025-03-01,380.0,385.0
Bairnsdale,REGIONAL BUS,25.0,Pri/Sec,1.0,Other Regional Centres,3 bedroom flat,2025-03-01,448.0,450.0
Bairnsdale,REGIONAL BUS,25.0,Pri/Sec,1.0,Other Regional Centres,3 bedroom house,2025-03-01,450.0,450.0
Bairnsdale,REGIONAL BUS,25.0,Pri/Sec,1.0,Other Regional Centres,4 bedroom house,2025-03-01,550.0,555.0
Bairnsdale,REGIONAL BUS,25.0,Pri/Sec,1.0,Other Regional Centres,All properties,2025-03-01,450.0,440.0
Bairnsdale,REGIONAL BUS,25.0,Primary,4.0,Other Regional Centres,1 bedroom flat,2025-03-01,285.0,275.0
Bairnsdale,REGIONAL BUS,25.0,Primary,4.0,Other Regional Centres,2 bedroom flat,2025-03-01,368.0,360.0
Bairnsdale,REGIONAL BUS,25.0,Primary,4.0,Other Regional Centres,2 bedroom house,2025-03-01,380.0,385.0
Bairnsdale,REGIONAL BUS,25.0,Primary,4.0,Other Regional Centres,3 bedroom flat,2025-03-01,448.0,450.0
Bairnsdale,REGIONAL BUS,25.0,Primary,4.0,Other Regional Centres,3 bedroom house,2025-03-01,450.0,450.0
Bairnsdale,REGIONAL BUS,25.0,Primary,4.0,Other Regional Centres,4 bedroom house,2025-03-01,550.0,555.0
Bairnsdale,REGIONAL BUS,25.0,Primary,4.0,Other Regional Centres,All properties,2025-03-01,450.0,440.0
Bairnsdale,REGIONAL BUS,25.0,Secondary,2.0,Other Regional Centres,1 bedroom flat,2025-03-01,285.0,275.0
Bairnsdale,REGIONAL BUS,25.0,Secondary,2.0,Other Regional Centres,2 bedroom flat,2025-03-01,368.0,360.0
Bairnsdale,REGIONAL BUS,25.0,Secondary,2.0,Other Regional Centres,2 bedroom house,2025-03-01,380.0,385.0
Bairnsdale,REGIONAL BUS,25.0,Secondary,2.0,Other Regional Centres,3 bedroom flat,2025-03-01,448.0,450.0
Bairnsdale,REGIONAL BUS,25.0,Secondary,2.0,Other Regional Centres,3 bedroom house,2025-03-01,450.0,450.0
Bairnsdale,REGIONAL BUS,25.0,Secondary,2.0,Other Regional Centres,4 bedroom house,2025-03-01,550.0,555.0
Bairnsdale,REGIONAL BUS,25.0,Secondary,2.0,Other Regional Centres,All properties,2025-03-01,450.0,440.0
Bairnsdale,REGIONAL BUS,25.0,Special,1.0,Other Regional Centres,1 bedroom flat,2025-03-01,285.0,275.0
Bairnsdale,REGIONAL BUS,25.0,Special,1.0,Other Regional Centres,2 bedroom flat,2025-03-01,368.0,360.0
Bairnsdale,REGIONAL BUS,25.0,Special,1.0,Other Regional Centres,2 bedroom house,2025-03-01,380.0,385.0
Bairnsdale,REGIONAL BUS,25.0,Special,1.0,Other Regional Centres,3 bedroom flat,2025-03-01,448.0,450.0
Bairnsdale,REGIONAL BUS,25.0,Special,1.0,Other Regional Centres,3 bedroom house,2025-03-01,450.0,450.0
Bairnsdale,REGIONAL BUS,25.0,Special,1.0,Other Regional Centres,4 bedroom house,2025-03-01,550.0,555.0
Bairnsdale,REGIONAL BUS,25.0,Special,1.0,Other Regional Centres,All properties,2025-03-01,450.0,440.0
Bairnsdale,REGIONAL COACH,3.0,Pri/Sec,1.0,Other Regional Centres,1 bedroom flat,2025-03-01,285.0,275.0
Bairnsdale,REGIONAL COACH,3.0,Pri/Sec,1.0,Other Regional Centres,2 bedroom flat,2025-03-01,368.0,360.0
Bairnsdale,REGIONAL COACH,3.0,Pri/Sec,1.0,Other Regional Centres,2 bedroom house,2025-03-01,380.0,385.0
Bairnsdale,REGIONAL COACH,3.0,Pri/Sec,1.0,Other Regional Centres,3 bedroom flat,2025-03-01,448.0,450.0
Bairnsdale,REGIONAL COACH,3.0,Pri/Sec,1.0,Other Regional Centres,3 bedroom house,2025-03-01,450.0,450.0
Bairnsdale,REGIONAL COACH,3.0,Pri/Sec,1.0,Other Regional Centres,4 bedroom house,2025-03-01,550.0,555.0
Bairnsdale,REGIONAL COACH,3.0,Pri/Sec,1.0,Other Regional Centres,All properties,2025-03-01,450.0,440.0
Bairnsdale,REGIONAL COACH,3.0,Primary,4.0,Other Regional Centres,1 bedroom flat,2025-03-01,285.0,275.0
Bairnsdale,REGIONAL COACH,3.0,Primary,4.0,Other Regional Centres,2 bedroom flat,2025-03-01,368.0,360.0
Bairnsdale,REGIONAL COACH,3.0,Primary,4.0,Other Regional Centres,2 bedroom house,2025-03-01,380.0,385.0
Bairnsdale,REGIONAL COACH,3.0,Primary,4.0,Other Regional Centres,3 bedroom flat,2025-03-01,448.0,450.0
Bairnsdale,REGIONAL COACH,3.0,Primary,4.0,Other Regional Centres,3 bedroom house,2025-03-01,450.0,450.0
Bairnsdale,REGIONAL COACH,3.0,Primary,4.0,Other Regional Centres,4 bedroom house,2025-03-01,550.0,555.0
Bairnsdale,REGIONAL COACH,3.0,Primary,4.0,Other Regional Centres,All properties,2025-03-01,450.0,440.0
Bairnsdale,REGIONAL COACH,3.0,Secondary,2.0,Other Regional Centres,1 bedroom flat,2025-03-01,285.0,275.0
Bairnsdale,REGIONAL COACH,3.0,Secondary,2.0,Other Regional Centres,2 bedroom flat,2025-03-01,368.0,360.0
Bairnsdale,REGIONAL COACH,3.0,Secondary,2.0,Other Regional Centres,2 bedroom house,2025-03-01,380.0,385.0
Bairnsdale,REGIONAL COACH,3.0,Secondary,2.0,Other Regional Centres,3 bedroom flat,2025-03-01,448.0,450.0
Bairnsdale,REGIONAL COACH,3.0,Secondary,2.0,Other Regional Centres,3 bedroom house,2025-03-01,450.0,450.0
Bairnsdale,REGIONAL COACH,3.0,Secondary,2.0,Other Regional Centres,4 bedroom house,2025-03-01,550.0,555.0
Bairnsdale,REGIONAL COACH,3.0,Secondary,2.0,Other Regional Centres,All properties,2025-03-01,450.0,440.0
Bairnsdale,REGIONAL COACH,3.0,Special,1.0,Other Regional Centres,1 bedroom flat,2025-03-01,285.0,275.0
Bairnsdale,REGIONAL COACH,3.0,Special,1.0,Other Regional Centres,2 bedroom flat,2025-03-01,368.0,360.0
Bairnsdale,REGIONAL COACH,3.0,Special,1.0,Other Regional Centres,2 bedroom house,2025-03-01,380.0,385.0
Bairnsdale,REGIONAL COACH,3.0,Special,1.0,Other Regional Centres,3 bedroom flat,2025-03-01,448.0,450.0
Bairnsdale,REGIONAL COACH,3.0,Special,1.0,Other Regional Centres,3 bedroom house,2025-03-01,450.0,450.0
Bairnsdale,REGIONAL COACH,3.0,Special,1.0,Other Regional Centres,4 bedroom house,2025-03-01,550.0,555.0
Bairnsdale,REGIONAL COACH,3.0,Special,1.0,Other Regional Centres,All properties,2025-03-01,450.0,440.0
Bairnsdale,REGIONAL TRAIN,2.0,Pri/Sec,1.0,Other Regional Centres,1 bedroom flat,2025-03-01,285.0,275.0
Bairnsdale,REGIONAL TRAIN,2.0,Pri/Sec,1.0,Other Regional Centres,2 bedroom flat,2025-03-01,368.0,360.0
Bairnsdale,REGIONAL TRAIN,2.0,Pri/Sec,1.0,Other Regional Centres,2 bedroom house,2025-03-01,380.0,385.0
Bairnsdale,REGIONAL TRAIN,2.0,Pri/Sec,1.0,Other Regional Centres,3 bedroom flat,2025-03-01,448.0,450.0
Bairnsdale,REGIONAL TRAIN,2.0,Pri/Sec,1.0,Other Regional Centres,3 bedroom house,2025-03-01,450.0,450.0
Bairnsdale,REGIONAL TRAIN,2.0,Pri/Sec,1.0,Other Regional Centres,4 bedroom house,2025-03-01,550.0,555.0
Bairnsdale,REGIONAL TRAIN,2.0,Pri/Sec,1.0,Other Regional Centres,All properties,2025-03-01,450.0,440.0
Bairnsdale,REGIONAL TRAIN,2.0,Primary,4.0,Other Regional Centres,1 bedroom flat,2025-03-01,285.0,275.0
Bairnsdale,REGIONAL TRAIN,2.0,Primary,4.0,Other Regional Centres,2 bedroom flat,2025-03-01,368.0,360.0
Bairnsdale,REGIONAL TRAIN,2.0,Primary,4.0,Other Regional Centres,2 bedroom house,2025-03-01,380.0,385.0
Bairnsdale,REGIONAL TRAIN,2.0,Primary,4.0,Other Regional Centres,3 bedroom flat,2025-03-01,448.0,450.0
Bairnsdale,REGIONAL TRAIN,2.0,Primary,4.0,Other Regional Centres,3 bedroom house,2025-03-01,450.0,450.0
Bairnsdale,REGIONAL TRAIN,2.0,Primary,4.0,Other Regional Centres,4 bedroom house,2025-03-01,550.0,555.0
Bairnsdale,REGIONAL TRAIN,2.0,Primary,4.0,Other Regional Centres,All properties,2025-03-01,450.0,440.0
Bairnsdale,REGIONAL TRAIN,2.0,Secondary,2.0,Other Regional Centres,1 bedroom flat,2025-03-01,285.0,275.0
Bairnsdale,REGIONAL TRAIN,2.0,Secondary,2.0,Other Regional Centres,2 bedroom flat,2025-03-01,368.0,360.0
Bairnsdale,REGIONAL TRAIN,2.0,Secondary,2.0,Other Regional Centres,2 bedroom house,2025-03-01,380.0,385.0
Bairnsdale,REGIONAL TRAIN,2.0,Secondary,2.0,Other Regional Centres,3 bedroom flat,2025-03-01,448.0,450.0
Bairnsdale,REGIONAL TRAIN,2.0,Secondary,2.0,Other Regional Centres,3 bedroom house,2025-03-01,450.0,450.0
Bairnsdale,REGIONAL TRAIN,2.0,Secondary,2.0,Other Regional Centres,4 bedroom house,2025-03-01,550.0,555.0
Bairnsdale,REGIONAL TRAIN,2.0,Secondary,2.0,Other Regional Centres,All properties,2025-03-01,450.0,440.0
Bairnsdale,REGIONAL TRAIN,2.0,Special,1.0,Other Regional Centres,1 bedroom flat,2025-03-01,285.0,275.0
Bairnsdale,REGIONAL TRAIN,2.0,Special,1.0,Other Regional Centres,2 bedroom flat,2025-03-01,368.0,360.0
Bairnsdale,REGIONAL TRAIN,2.0,Special,1.0,Other Regional Centres,2 bedroom house,2025-03-01,380.0,385.0
Bairnsdale,REGIONAL TRAIN,2.0,Special,1.0,Other Regional Centres,3 bedroom flat,2025-03-01,448.0,450.0
Bairnsdale,REGIONAL TRAIN,2.0,Special,1.0,Other Regional Centres,3 bedroom house,2025-03-01,450.0,450.0
Bairnsdale,REGIONAL TRAIN,2.0,Special,1.0,Other Regional Centres,4 bedroom house,2025-03-01,550.0,555.0
Bairnsdale,REGIONAL TRAIN,2.0,Special,1.0,Other Regional Centres,All properties,2025-03-01,450.0,440.0
Bakery Hill,REGIONAL BUS,3.0,,,,,,,
Balaclava,METRO BUS,4.0,,,,,,,
Balaclava,METRO TRAIN,3.0,,,,,,,
Balaclava,METRO TRAM,5.0,,,,,,,
Bald Hills,,,,,,,,,
Balintore,,,,,,,,,
Ballan,REGIONAL BUS,2.0,Primary,2.0,,,,,
Ballan,REGIONAL COACH,2.0,Primary,2.0,,,,,
Ballan,REGIONAL TRAIN,2.0,Primary,2.0,,,,,
Ballangeich,REGIONAL BUS,1.0,,,,,,,
Ballapur,,,,,,,,,
Ballarat Central,REGIONAL BUS,41.0,Primary,2.0,,,,,
Ballarat Central,REGIONAL COACH,2.0,Primary,2.0,,,,,
Ballarat Central,REGIONAL TRAIN,2.0,Primary,2.0,,,,,
Ballarat East,REGIONAL BUS,31.0,Primary,2.0,,,,,
Ballarat East,REGIONAL BUS,31.0,Secondary,1.0,,,,,
Ballarat North,REGIONAL BUS,16.0,Primary,1.0,,,,,
Ballendella,,,,,,,,,
Balliang,,,,,,,,,
Balliang East,,,Primary,1.0,,,,,
Ballyrogan,,,,,,,,,
Balmattum,,,,,,,,,
Balmoral,,,Pri/Sec,1.0,,,,,
Balnarring,METRO BUS,3.0,Primary,1.0,,,,,
Balnarring Beach,,,,,,,,,
Balook,,,,,,,,,
Balwyn,METRO BUS,32.0,Pri/Sec,1.0,Inner Eastern Melbourne,1 bedroom flat,2025-03-01,479.0,470.0
Balwyn,METRO BUS,32.0,Pri/Sec,1.0,Inner Eastern Melbourne,2 bedroom flat,2025-03-01,580.0,575.0
Balwyn,METRO BUS,32.0,Pri/Sec,1.0,Inner Eastern Melbourne,2 bedroom house,2025-03-01,600.0,560.0
Balwyn,METRO BUS,32.0,Pri/Sec,1.0,Inner Eastern Melbourne,3 bedroom flat,2025-03-01,790.0,700.0
Balwyn,METRO BUS,32.0,Pri/Sec,1.0,Inner Eastern Melbourne,3 bedroom house,2025-03-01,700.0,650.0
Balwyn,METRO BUS,32.0,Pri/Sec,1.0,Inner Eastern Melbourne,4 bedroom house,2025-03-01,980.0,800.0
Balwyn,METRO BUS,32.0,Pri/Sec,1.0,Inner Eastern Melbourne,All properties,2025-03-01,700.0,650.0
Balwyn,METRO BUS,32.0,Primary,1.0,Inner Eastern Melbourne,1 bedroom flat,2025-03-01,479.0,470.0
Balwyn,METRO BUS,32.0,Primary,1.0,Inner Eastern Melbourne,2 bedroom flat,2025-03-01,580.0,575.0
Balwyn,METRO BUS,32.0,Primary,1.0,Inner Eastern Melbourne,2 bedroom house,2025-03-01,600.0,560.0
Balwyn,METRO BUS,32.0,Primary,1.0,Inner Eastern Melbourne,3 bedroom flat,2025-03-01,790.0,700.0
Balwyn,METRO BUS,32.0,Primary,1.0,Inner Eastern Melbourne,3 bedroom house,2025-03-01,700.0,650.0
Balwyn,METRO BUS,32.0,Primary,1.0,Inner Eastern Melbourne,4 bedroom house,2025-03-01,980.0,800.0
Balwyn,METRO BUS,32.0,Primary,1.0,Inner Eastern Melbourne,All properties,2025-03-01,700.0,650.0
Balwyn,METRO BUS,32.0,Special,2.0,Inner Eastern Melbourne,1 bedroom flat,2025-03-01,479.0,470.0
Balwyn,METRO BUS,32.0,Special,2.0,Inner Eastern Melbourne,2 bedroom flat,2025-03-01,580.0,575.0
Balwyn,METRO BUS,32.0,Special,2.0,Inner Eastern Melbourne,2 bedroom house,2025-03-01,600.0,560.0
Balwyn,METRO BUS,32.0,Special,2.0,Inner Eastern Melbourne,3 bedroom flat,2025-03-01,790.0,700.0
Balwyn,METRO BUS,32.0,Special,2.0,Inner Eastern Melbourne,3 bedroom house,2025-03-01,700.0,650.0
Balwyn,METRO BUS,32.0,Special,2.0,Inner Eastern Melbourne,4 bedroom house,2025-03-01,980.0,800.0
Balwyn,METRO BUS,32.0,Special,2.0,Inner Eastern Melbourne,All properties,2025-03-01,700.0,650.0
Balwyn,METRO TRAM,4.0,Pri/Sec,1.0,Inner Eastern Melbourne,1 bedroom flat,2025-03-01,479.0,470.0
Balwyn,METRO TRAM,4.0,Pri/Sec,1.0,Inner Eastern Melbourne,2 bedroom flat,2025-03-01,580.0,575.0
Balwyn,METRO TRAM,4.0,Pri/Sec,1.0,Inner Eastern Melbourne,2 bedroom house,2025-03-01,600.0,560.0
Balwyn,METRO TRAM,4.0,Pri/Sec,1.0,Inner Eastern Melbourne,3 bedroom flat,2025-03-01,790.0,700.0
Balwyn,METRO TRAM,4.0,Pri/Sec,1.0,Inner Eastern Melbourne,3 bedroom house,2025-03-01,700.0,650.0
Balwyn,METRO TRAM,4.0,Pri/Sec,1.0,Inner Eastern Melbourne,4 bedroom house,2025-03-01,980.0,800.0
Balwyn,METRO TRAM,4.0,Pri/Sec,1.0,Inner Eastern Melbourne,All properties,2025-03-01,700.0,650.0
Balwyn,METRO TRAM,4.0,Primary,1.0,Inner Eastern Melbourne,1 bedroom flat,2025-03-01,479.0,470.0
Balwyn,METRO TRAM,4.0,Primary,1.0,Inner Eastern Melbourne,2 bedroom flat,2025-03-01,580.0,575.0
Balwyn,METRO TRAM,4.0,Primary,1.0,Inner Eastern Melbourne,2 bedroom house,2025-03-01,600.0,560.0
Balwyn,METRO TRAM,4.0,Primary,1.0,Inner Eastern Melbourne,3 bedroom flat,2025-03-01,790.0,700.0
Balwyn,METRO TRAM,4.0,Primary,1.0,Inner Eastern Melbourne,3 bedroom house,2025-03-01,700.0,650.0
Balwyn,METRO TRAM,4.0,Primary,1.0,Inner Eastern Melbourne,4 bedroom house,2025-03-01,980.0,800.0
Balwyn,METRO TRAM,4.0,Primary,1.0,Inner Eastern Melbourne,All properties,2025-03-01,700.0,650.0
Balwyn,METRO TRAM,4.0,Special,2.0,Inner Eastern Melbourne,1 bedroom flat,2025-03-01,479.0,470.0
Balwyn,METRO TRAM,4.0,Special,2.0,Inner Eastern Melbourne,2 bedroom flat,2025-03-01,580.0,575.0
Balwyn,METRO TRAM,4.0,Special,2.0,Inner Eastern Melbourne,2 bedroom house,2025-03-01,600.0,560.0
Balwyn,METRO TRAM,4.0,Special,2.0,Inner Eastern Melbourne,3 bedroom flat,2025-03-01,790.0,700.0
Balwyn,METRO TRAM,4.0,Special,2.0,Inner Eastern Melbourne,3 bedroom house,2025-03-01,700.0,650.0
Balwyn,METRO TRAM,4.0,Special,2.0,Inner Eastern Melbourne,4 bedroom house,2025-03-01,980.0,800.0
Balwyn,METRO TRAM,4.0,Special,2.0,Inner Eastern Melbourne,All properties,2025-03-01,700.0,650.0
Balwyn North,METRO BUS,76.0,Primary,5.0,,,,,
Balwyn North,METRO BUS,76.0,Secondary,1.0,,,,,
Balwyn North,METRO TRAM,10.0,Primary,5.0,,,,,
Balwyn North,METRO TRAM,10.0,Secondary,1.0,,,,,
Bamawm,,,,,,,,,
Bamawm Extension,,,,,,,,,
Bambra,,,,,,,,,
Bamganie,,,,,,,,,
Bandiana,,,Primary,1.0,,,,,
Bangerang,,,,,,,,,
Bangholme,METRO BUS,11.0,Pri/Sec,1.0,,,,,
Banksia Peninsula,,,,,,,,,
Bannerton,REGIONAL COACH,2.0,,,,,,,
Bannockburn,REGIONAL BUS,3.0,Pri/Sec,1.0,,,,,
Bannockburn,REGIONAL BUS,3.0,Primary,1.0,,,,,
Bannockburn,REGIONAL COACH,1.0,Pri/Sec,1.0,,,,,
Bannockburn,REGIONAL COACH,1.0,Primary,1.0,,,,,
Banyan,,,,,,,,,
Banyena,,,,,,,,,
Baranduda,REGIONAL BUS,7.0,Primary,2.0,,,,,
Barfold,,,,,,,,,
Baringhup,REGIONAL BUS,1.0,,,,,,,
Baringhup West,,,,,,,,,
Barjarg,,,,,,,,,
Barkers Creek,REGIONAL BUS,1.0,,,,,,,
Barkly,,,,,,,,,
Barkstead,,,,,,,,,
Barmah,REGIONAL BUS,1.0,,,,,,,
Barmah,REGIONAL COACH,1.0,,,,,,,
Barnadown,,,,,,,,,
Barnawartha,REGIONAL BUS,1.0,Primary,1.0,,,,,
Barnawartha North,,,,,,,,,
Baromi,,,,,,,,,
Barongarook,,,,,,,,,
Barongarook West,,,,,,,,,
Barrabool,,,,,,,,,
Barrakee,,,,,,,,,
Barramunga,REGIONAL BUS,1.0,,,,,,,
Barraport,REGIONAL COACH,1.0,,,,,,,
Barraport West,,,,,,,,,
Barrys Reef,,,,,,,,,
Barunah Park,,,,,,,,,
Barunah Plains,,,,,,,,,
Barwidgee,,,,,,,,,
Barwite,,,,,,,,,
Barwon Downs,REGIONAL BUS,2.0,,,,,,,
Barwon Heads,REGIONAL BUS,18.0,Primary,1.0,,,,,
Basalt,,,,,,,,,
Bass,REGIONAL COACH,2.0,,,,,,,
Batesford,REGIONAL BUS,1.0,,,,,,,
Batesford,REGIONAL COACH,1.0,,,,,,,
Bathumi,,,,,,,,,
Baw Baw,,,,,,,,,
Baw Baw Village,,,,,,,,,
Baxter,METRO BUS,9.0,Primary,1.0,,,,,
Baxter,METRO TRAIN,2.0,Primary,1.0,,,,,
Bayindeen,,,,,,,,,
Bayles,,,Primary,1.0,,,,,
Baynton,,,,,,,,,
Baynton East,,,,,,,,,
Bayswater,METRO BUS,45.0,Primary,4.0,Outer Eastern Melbourne,1 bedroom flat,2025-03-01,350.0,378.0
Bayswater,METRO BUS,45.0,Primary,4.0,Outer Eastern Melbourne,2 bedroom flat,2025-03-01,478.0,498.0
Bayswater,METRO BUS,45.0,Primary,4.0,Outer Eastern Melbourne,2 bedroom house,2025-03-01,500.0,505.0
Bayswater,METRO BUS,45.0,Primary,4.0,Outer Eastern Melbourne,3 bedroom flat,2025-03-01,583.0,590.0
Bayswater,METRO BUS,45.0,Primary,4.0,Outer Eastern Melbourne,3 bedroom house,2025-03-01,575.0,585.0
Bayswater,METRO BUS,45.0,Primary,4.0,Outer Eastern Melbourne,4 bedroom house,2025-03-01,650.0,700.0
Bayswater,METRO BUS,45.0,Primary,4.0,Outer Eastern Melbourne,All properties,2025-03-01,550.0,570.0
Bayswater,METRO BUS,45.0,Secondary,1.0,Outer Eastern Melbourne,1 bedroom flat,2025-03-01,350.0,378.0
Bayswater,METRO BUS,45.0,Secondary,1.0,Outer Eastern Melbourne,2 bedroom flat,2025-03-01,478.0,498.0
Bayswater,METRO BUS,45.0,Secondary,1.0,Outer Eastern Melbourne,2 bedroom house,2025-03-01,500.0,505.0
Bayswater,METRO BUS,45.0,Secondary,1.0,Outer Eastern Melbourne,3 bedroom flat,2025-03-01,583.0,590.0
Bayswater,METRO BUS,45.0,Secondary,1.0,Outer Eastern Melbourne,3 bedroom house,2025-03-01,575.0,585.0
Bayswater,METRO BUS,45.0,Secondary,1.0,Outer Eastern Melbourne,4 bedroom house,2025-03-01,650.0,700.0
Bayswater,METRO BUS,45.0,Secondary,1.0,Outer Eastern Melbourne,All properties,2025-03-01,550.0,570.0
Bayswater,METRO TRAIN,2.0,Primary,4.0,Outer Eastern Melbourne,1 bedroom flat,2025-03-01,350.0,378.0
Bayswater,METRO TRAIN,2.0,Primary,4.0,Outer Eastern Melbourne,2 bedroom flat,2025-03-01,478.0,498.0
Bayswater,METRO TRAIN,2.0,Primary,4.0,Outer Eastern Melbourne,2 bedroom house,2025-03-01,500.0,505.0
Bayswater,METRO TRAIN,2.0,Primary,4.0,Outer Eastern Melbourne,3 bedroom flat,2025-03-01,583.0,590.0
Bayswater,METRO TRAIN,2.0,Primary,4.0,Outer Eastern Melbourne,3 bedroom house,2025-03-01,575.0,585.0
Bayswater,METRO TRAIN,2.0,Primary,4.0,Outer Eastern Melbourne,4 bedroom house,2025-03-01,650.0,700.0
Bayswater,METRO TRAIN,2.0,Primary,4.0,Outer Eastern Melbourne,All properties,2025-03-01,550.0,570.0
Bayswater,METRO TRAIN,2.0,Secondary,1.0,Outer Eastern Melbourne,1 bedroom flat,2025-03-01,350.0,378.0
Bayswater,METRO TRAIN,2.0,Secondary,1.0,Outer Eastern Melbourne,2 bedroom flat,2025-03-01,478.0,498.0
Bayswater,METRO TRAIN,2.0,Secondary,1.0,Outer Eastern Melbourne,2 bedroom house,2025-03-01,500.0,505.0
Bayswater,METRO TRAIN,2.0,Secondary,1.0,Outer Eastern Melbourne,3 bedroom flat,2025-03-01,583.0,590.0
Bayswater,METRO TRAIN,2.0,Secondary,1.0,Outer Eastern Melbourne,3 bedroom house,2025-03-01,575.0,585.0
Bayswater,METRO TRAIN,2.0,Secondary,1.0,Outer Eastern Melbourne,4 bedroom house,2025-03-01,650.0,700.0
Bayswater,METRO TRAIN,2.0,Secondary,1.0,Outer Eastern Melbourne,All properties,2025-03-01,550.0,570.0
Bayswater North,METRO BUS,43.0,Primary,1.0,,,,,
Beaconsfield,METRO BUS,19.0,Primary,1.0,,,,,
Beaconsfield,METRO BUS,19.0,Secondary,1.0,,,,,
Beaconsfield,METRO TRAIN,3.0,Primary,1.0,,,,,
Beaconsfield,METRO TRAIN,3.0,Secondary,1.0,,,,,
Beaconsfield Upper,,,Primary,1.0,,,,,
Bealiba,REGIONAL COACH,1.0,Primary,1.0,,,,,
Bearii,,,,,,,,,
Bears Lagoon,REGIONAL COACH,1.0,,,,,,,
Beauchamp,,,,,,,,,
Beaufort,REGIONAL BUS,1.0,Primary,1.0,,,,,
Beaufort,REGIONAL BUS,1.0,Secondary,1.0,,,,,
Beaufort,REGIONAL COACH,1.0,Primary,1.0,,,,,
Beaufort,REGIONAL COACH,1.0,Secondary,1.0,,,,,
Beaufort,REGIONAL TRAIN,2.0,Primary,1.0,,,,,
Beaufort,REGIONAL TRAIN,2.0,Secondary,1.0,,,,,
Beaumaris,METRO BUS,52.0,Primary,3.0,,,,,
Beaumaris,METRO BUS,52.0,Secondary,1.0,,,,,
Beazleys Bridge,,,,,,,,,
Beeac,,,Primary,1.0,,,,,
Beech Forest,,,,,,,,,
Beechworth,REGIONAL BUS,1.0,Primary,3.0,,,,,
Beechworth,REGIONAL BUS,1.0,Secondary,1.0,,,,,
Beechworth,REGIONAL COACH,1.0,Primary,3.0,,,,,
Beechworth,REGIONAL COACH,1.0,Secondary,1.0,,,,,
Beenak,,,,,,,,,
Belgrave,METRO BUS,24.0,Pri/Sec,1.0,,,,,
Belgrave,METRO BUS,24.0,Primary,1.0,,,,,
Belgrave,METRO BUS,24.0,Secondary,1.0,,,,,
Belgrave,METRO TRAIN,2.0,Pri/Sec,1.0,,,,,
Belgrave,METRO TRAIN,2.0,Primary,1.0,,,,,
Belgrave,METRO TRAIN,2.0,Secondary,1.0,,,,,
Belgrave Heights,METRO BUS,3.0,,,,,,,
Belgrave South,METRO BUS,11.0,Primary,1.0,,,,,
Bell Park,REGIONAL BUS,20.0,Primary,2.0,,,,,
Bell Park,REGIONAL BUS,20.0,Secondary,1.0,,,,,
Bell Park,REGIONAL BUS,20.0,Special,1.0,,,,,
Bell Post Hill,REGIONAL BUS,20.0,Pri/Sec,2.0,,,,,
Bell Post Hill,REGIONAL BUS,20.0,Primary,1.0,,,,,
Bellarine,REGIONAL BUS,4.0,,,,,,,
Bellbird Creek,,,,,,,,,
Bellbrae,REGIONAL COACH,3.0,Primary,1.0,,,,,
Bellbridge,,,,,,,,,
Bellellen,,,,,,,,,
Bellfield,METRO BUS,8.0,Special,1.0,,,,,
Bellfield,REGIONAL COACH,1.0,Special,1.0,,,,,
Bellfield,METRO BUS,8.0,Special,1.0,,,,,
Bellfield,REGIONAL COACH,1.0,Special,1.0,,,,,
Bells Beach,,,,,,,,,
Belmont,REGIONAL BUS,48.0,Language,1.0,,,,,
Belmont,REGIONAL BUS,48.0,Primary,5.0,,,,,
Belmont,REGIONAL BUS,48.0,Secondary,1.0,,,,,
Belmont,REGIONAL BUS,48.0,Special,1.0,,,,,
Belmont,REGIONAL COACH,1.0,Language,1.0,,,,,
Belmont,REGIONAL COACH,1.0,Primary,5.0,,,,,
Belmont,REGIONAL COACH,1.0,Secondary,1.0,,,,,
Belmont,REGIONAL COACH,1.0,Special,1.0,,,,,
Bemm River,,,,,,,,,
Bena,,,,,,,,,
Benalla,REGIONAL BUS,51.0,Pri/Sec,2.0,Other Regional Centres,1 bedroom flat,2025-03-01,275.0,275.0
Benalla,REGIONAL BUS,51.0,Pri/Sec,2.0,Other Regional Centres,2 bedroom flat,2025-03-01,360.0,360.0
Benalla,REGIONAL BUS,51.0,Pri/Sec,2.0,Other Regional Centres,2 bedroom house,2025-03-01,380.0,385.0
Benalla,REGIONAL BUS,51.0,Pri/Sec,2.0,Other Regional Centres,3 bedroom flat,2024-12-01,405.0,450.0
Benalla,REGIONAL BUS,51.0,Pri/Sec,2.0,Other Regional Centres,3 bedroom house,2025-03-01,450.0,450.0
Benalla,REGIONAL BUS,51.0,Pri/Sec,2.0,Other Regional Centres,4 bedroom house,2025-03-01,530.0,555.0
Benalla,REGIONAL BUS,51.0,Pri/Sec,2.0,Other Regional Centres,All properties,2025-03-01,440.0,440.0
Benalla,REGIONAL BUS,51.0,Primary,1.0,Other Regional Centres,1 bedroom flat,2025-03-01,275.0,275.0
Benalla,REGIONAL BUS,51.0,Primary,1.0,Other Regional Centres,2 bedroom flat,2025-03-01,360.0,360.0
Benalla,REGIONAL BUS,51.0,Primary,1.0,Other Regional Centres,2 bedroom house,2025-03-01,380.0,385.0
Benalla,REGIONAL BUS,51.0,Primary,1.0,Other Regional Centres,3 bedroom flat,2024-12-01,405.0,450.0
Benalla,REGIONAL BUS,51.0,Primary,1.0,Other Regional Centres,3 bedroom house,2025-03-01,450.0,450.0
Benalla,REGIONAL BUS,51.0,Primary,1.0,Other Regional Centres,4 bedroom house,2025-03-01,530.0,555.0
Benalla,REGIONAL BUS,51.0,Primary,1.0,Other Regional Centres,All properties,2025-03-01,440.0,440.0
Benalla,REGIONAL BUS,51.0,Secondary,1.0,Other Regional Centres,1 bedroom flat,2025-03-01,275.0,275.0
Benalla,REGIONAL BUS,51.0,Secondary,1.0,Other Regional Centres,2 bedroom flat,2025-03-01,360.0,360.0
Benalla,REGIONAL BUS,51.0,Secondary,1.0,Other Regional Centres,2 bedroom house,2025-03-01,380.0,385.0
Benalla,REGIONAL BUS,51.0,Secondary,1.0,Other Regional Centres,3 bedroom flat,2024-12-01,405.0,450.0
Benalla,REGIONAL BUS,51.0,Secondary,1.0,Other Regional Centres,3 bedroom house,2025-03-01,450.0,450.0
Benalla,REGIONAL BUS,51.0,Secondary,1.0,Other Regional Centres,4 bedroom house,2025-03-01,530.0,555.0
Benalla,REGIONAL BUS,51.0,Secondary,1.0,Other Regional Centres,All properties,2025-03-01,440.0,440.0
Benalla,REGIONAL BUS,51.0,Special,1.0,Other Regional Centres,1 bedroom flat,2025-03-01,275.0,275.0
Benalla,REGIONAL BUS,51.0,Special,1.0,Other Regional Centres,2 bedroom flat,2025-03-01,360.0,360.0
Benalla,REGIONAL BUS,51.0,Special,1.0,Other Regional Centres,2 bedroom house,2025-03-01,380.0,385.0
Benalla,REGIONAL BUS,51.0,Special,1.0,Other Regional Centres,3 bedroom flat,2024-12-01,405.0,450.0
Benalla,REGIONAL BUS,51.0,Special,1.0,Other Regional Centres,3 bedroom house,2025-03-01,450.0,450.0
Benalla,REGIONAL BUS,51.0,Special,1.0,Other Regional Centres,4 bedroom house,2025-03-01,530.0,555.0
Benalla,REGIONAL BUS,51.0,Special,1.0,Other Regional Centres,All properties,2025-03-01,440.0,440.0
Benalla,REGIONAL COACH,1.0,Pri/Sec,2.0,Other Regional Centres,1 bedroom flat,2025-03-01,275.0,275.0
Benalla,REGIONAL COACH,1.0,Pri/Sec,2.0,Other Regional Centres,2 bedroom flat,2025-03-01,360.0,360.0
Benalla,REGIONAL COACH,1.0,Pri/Sec,2.0,Other Regional Centres,2 bedroom house,2025-03-01,380.0,385.0
Benalla,REGIONAL COACH,1.0,Pri/Sec,2.0,Other Regional Centres,3 bedroom flat,2024-12-01,405.0,450.0
Benalla,REGIONAL COACH,1.0,Pri/Sec,2.0,Other Regional Centres,3 bedroom house,2025-03-01,450.0,450.0
Benalla,REGIONAL COACH,1.0,Pri/Sec,2.0,Other Regional Centres,4 bedroom house,2025-03-01,530.0,555.0
Benalla,REGIONAL COACH,1.0,Pri/Sec,2.0,Other Regional Centres,All properties,2025-03-01,440.0,440.0
Benalla,REGIONAL COACH,1.0,Primary,1.0,Other Regional Centres,1 bedroom flat,2025-03-01,275.0,275.0
Benalla,REGIONAL COACH,1.0,Primary,1.0,Other Regional Centres,2 bedroom flat,2025-03-01,360.0,360.0
Benalla,REGIONAL COACH,1.0,Primary,1.0,Other Regional Centres,2 bedroom house,2025-03-01,380.0,385.0
Benalla,REGIONAL COACH,1.0,Primary,1.0,Other Regional Centres,3 bedroom flat,2024-12-01,405.0,450.0
Benalla,REGIONAL COACH,1.0,Primary,1.0,Other Regional Centres,3 bedroom house,2025-03-01,450.0,450.0
Benalla,REGIONAL COACH,1.0,Primary,1.0,Other Regional Centres,4 bedroom house,2025-03-01,530.0,555.0
Benalla,REGIONAL COACH,1.0,Primary,1.0,Other Regional Centres,All properties,2025-03-01,440.0,440.0
Benalla,REGIONAL COACH,1.0,Secondary,1.0,Other Regional Centres,1 bedroom flat,2025-03-01,275.0,275.0
Benalla,REGIONAL COACH,1.0,Secondary,1.0,Other Regional Centres,2 bedroom flat,2025-03-01,360.0,360.0
Benalla,REGIONAL COACH,1.0,Secondary,1.0,Other Regional Centres,2 bedroom house,2025-03-01,380.0,385.0
Benalla,REGIONAL COACH,1.0,Secondary,1.0,Other Regional Centres,3 bedroom flat,2024-12-01,405.0,450.0
Benalla,REGIONAL COACH,1.0,Secondary,1.0,Other Regional Centres,3 bedroom house,2025-03-01,450.0,450.0
Benalla,REGIONAL COACH,1.0,Secondary,1.0,Other Regional Centres,4 bedroom house,2025-03-01,530.0,555.0
Benalla,REGIONAL COACH,1.0,Secondary,1.0,Other Regional Centres,All properties,2025-03-01,440.0,440.0
Benalla,REGIONAL COACH,1.0,Special,1.0,Other Regional Centres,1 bedroom flat,2025-03-01,275.0,275.0
Benalla,REGIONAL COACH,1.0,Special,1.0,Other Regional Centres,2 bedroom flat,2025-03-01,360.0,360.0
Benalla,REGIONAL COACH,1.0,Special,1.0,Other Regional Centres,2 bedroom house,2025-03-01,380.0,385.0
Benalla,REGIONAL COACH,1.0,Special,1.0,Other Regional Centres,3 bedroom flat,2024-12-01,405.0,450.0
Benalla,REGIONAL COACH,1.0,Special,1.0,Other Regional Centres,3 bedroom house,2025-03-01,450.0,450.0
Benalla,REGIONAL COACH,1.0,Special,1.0,Other Regional Centres,4 bedroom house,2025-03-01,530.0,555.0
Benalla,REGIONAL COACH,1.0,Special,1.0,Other Regional Centres,All properties,2025-03-01,440.0,440.0
Benalla,REGIONAL TRAIN,2.0,Pri/Sec,2.0,Other Regional Centres,1 bedroom flat,2025-03-01,275.0,275.0
Benalla,REGIONAL TRAIN,2.0,Pri/Sec,2.0,Other Regional Centres,2 bedroom flat,2025-03-01,360.0,360.0
Benalla,REGIONAL TRAIN,2.0,Pri/Sec,2.0,Other Regional Centres,2 bedroom house,2025-03-01,380.0,385.0
Benalla,REGIONAL TRAIN,2.0,Pri/Sec,2.0,Other Regional Centres,3 bedroom flat,2024-12-01,405.0,450.0
Benalla,REGIONAL TRAIN,2.0,Pri/Sec,2.0,Other Regional Centres,3 bedroom house,2025-03-01,450.0,450.0
Benalla,REGIONAL TRAIN,2.0,Pri/Sec,2.0,Other Regional Centres,4 bedroom house,2025-03-01,530.0,555.0
Benalla,REGIONAL TRAIN,2.0,Pri/Sec,2.0,Other Regional Centres,All properties,2025-03-01,440.0,440.0
Benalla,REGIONAL TRAIN,2.0,Primary,1.0,Other Regional Centres,1 bedroom flat,2025-03-01,275.0,275.0
Benalla,REGIONAL TRAIN,2.0,Primary,1.0,Other Regional Centres,2 bedroom flat,2025-03-01,360.0,360.0
Benalla,REGIONAL TRAIN,2.0,Primary,1.0,Other Regional Centres,2 bedroom house,2025-03-01,380.0,385.0
Benalla,REGIONAL TRAIN,2.0,Primary,1.0,Other Regional Centres,3 bedroom flat,2024-12-01,405.0,450.0
Benalla,REGIONAL TRAIN,2.0,Primary,1.0,Other Regional Centres,3 bedroom house,2025-03-01,450.0,450.0
Benalla,REGIONAL TRAIN,2.0,Primary,1.0,Other Regional Centres,4 bedroom house,2025-03-01,530.0,555.0
Benalla,REGIONAL TRAIN,2.0,Primary,1.0,Other Regional Centres,All properties,2025-03-01,440.0,440.0
Benalla,REGIONAL TRAIN,2.0,Secondary,1.0,Other Regional Centres,1 bedroom flat,2025-03-01,275.0,275.0
Benalla,REGIONAL TRAIN,2.0,Secondary,1.0,Other Regional Centres,2 bedroom flat,2025-03-01,360.0,360.0
Benalla,REGIONAL TRAIN,2.0,Secondary,1.0,Other Regional Centres,2 bedroom house,2025-03-01,380.0,385.0
Benalla,REGIONAL TRAIN,2.0,Secondary,1.0,Other Regional Centres,3 bedroom flat,2024-12-01,405.0,450.0
Benalla,REGIONAL TRAIN,2.0,Secondary,1.0,Other Regional Centres,3 bedroom house,2025-03-01,450.0,450.0
Benalla,REGIONAL TRAIN,2.0,Secondary,1.0,Other Regional Centres,4 bedroom house,2025-03-01,530.0,555.0
Benalla,REGIONAL TRAIN,2.0,Secondary,1.0,Other Regional Centres,All properties,2025-03-01,440.0,440.0
Benalla,REGIONAL TRAIN,2.0,Special,1.0,Other Regional Centres,1 bedroom flat,2025-03-01,275.0,275.0
Benalla,REGIONAL TRAIN,2.0,Special,1.0,Other Regional Centres,2 bedroom flat,2025-03-01,360.0,360.0
Benalla,REGIONAL TRAIN,2.0,Special,1.0,Other Regional Centres,2 bedroom house,2025-03-01,380.0,385.0
Benalla,REGIONAL TRAIN,2.0,Special,1.0,Other Regional Centres,3 bedroom flat,2024-12-01,405.0,450.0
Benalla,REGIONAL TRAIN,2.0,Special,1.0,Other Regional Centres,3 bedroom house,2025-03-01,450.0,450.0
Benalla,REGIONAL TRAIN,2.0,Special,1.0,Other Regional Centres,4 bedroom house,2025-03-01,530.0,555.0
Benalla,REGIONAL TRAIN,2.0,Special,1.0,Other Regional Centres,All properties,2025-03-01,440.0,440.0
Benambra,,,,,,,,,
Benayeo,,,,,,,,,
Bend of Islands,,,,,,,,,
Bendigo,REGIONAL BUS,54.0,Pri/Sec,2.0,Bendigo,1 bedroom flat,2025-03-01,310.0,295.0
Bendigo,REGIONAL BUS,54.0,Pri/Sec,2.0,Bendigo,2 bedroom flat,2025-03-01,400.0,380.0
Bendigo,REGIONAL BUS,54.0,Pri/Sec,2.0,Bendigo,2 bedroom house,2025-03-01,450.0,400.0
Bendigo,REGIONAL BUS,54.0,Pri/Sec,2.0,Bendigo,3 bedroom flat,2025-03-01,475.0,448.0
Bendigo,REGIONAL BUS,54.0,Pri/Sec,2.0,Bendigo,3 bedroom house,2025-03-01,470.0,460.0
Bendigo,REGIONAL BUS,54.0,Pri/Sec,2.0,Bendigo,4 bedroom house,2025-03-01,550.0,545.0
Bendigo,REGIONAL BUS,54.0,Pri/Sec,2.0,Bendigo,All properties,2025-03-01,450.0,455.0
Bendigo,REGIONAL BUS,54.0,Primary,2.0,Bendigo,1 bedroom flat,2025-03-01,310.0,295.0
Bendigo,REGIONAL BUS,54.0,Primary,2.0,Bendigo,2 bedroom flat,2025-03-01,400.0,380.0
Bendigo,REGIONAL BUS,54.0,Primary,2.0,Bendigo,2 bedroom house,2025-03-01,450.0,400.0
Bendigo,REGIONAL BUS,54.0,Primary,2.0,Bendigo,3 bedroom flat,2025-03-01,475.0,448.0
Bendigo,REGIONAL BUS,54.0,Primary,2.0,Bendigo,3 bedroom house,2025-03-01,470.0,460.0
Bendigo,REGIONAL BUS,54.0,Primary,2.0,Bendigo,4 bedroom house,2025-03-01,550.0,545.0
Bendigo,REGIONAL BUS,54.0,Primary,2.0,Bendigo,All properties,2025-03-01,450.0,455.0
Bendigo,REGIONAL BUS,54.0,Secondary,2.0,Bendigo,1 bedroom flat,2025-03-01,310.0,295.0
Bendigo,REGIONAL BUS,54.0,Secondary,2.0,Bendigo,2 bedroom flat,2025-03-01,400.0,380.0
Bendigo,REGIONAL BUS,54.0,Secondary,2.0,Bendigo,2 bedroom house,2025-03-01,450.0,400.0
Bendigo,REGIONAL BUS,54.0,Secondary,2.0,Bendigo,3 bedroom flat,2025-03-01,475.0,448.0
Bendigo,REGIONAL BUS,54.0,Secondary,2.0,Bendigo,3 bedroom house,2025-03-01,470.0,460.0
Bendigo,REGIONAL BUS,54.0,Secondary,2.0,Bendigo,4 bedroom house,2025-03-01,550.0,545.0
Bendigo,REGIONAL BUS,54.0,Secondary,2.0,Bendigo,All properties,2025-03-01,450.0,455.0
Bendigo,REGIONAL BUS,54.0,Special,1.0,Bendigo,1 bedroom flat,2025-03-01,310.0,295.0
Bendigo,REGIONAL BUS,54.0,Special,1.0,Bendigo,2 bedroom flat,2025-03-01,400.0,380.0
Bendigo,REGIONAL BUS,54.0,Special,1.0,Bendigo,2 bedroom house,2025-03-01,450.0,400.0
Bendigo,REGIONAL BUS,54.0,Special,1.0,Bendigo,3 bedroom flat,2025-03-01,475.0,448.0
Bendigo,REGIONAL BUS,54.0,Special,1.0,Bendigo,3 bedroom house,2025-03-01,470.0,460.0
Bendigo,REGIONAL BUS,54.0,Special,1.0,Bendigo,4 bedroom house,2025-03-01,550.0,545.0
Bendigo,REGIONAL BUS,54.0,Special,1.0,Bendigo,All properties,2025-03-01,450.0,455.0
Bendigo,REGIONAL COACH,1.0,Pri/Sec,2.0,Bendigo,1 bedroom flat,2025-03-01,310.0,295.0
Bendigo,REGIONAL COACH,1.0,Pri/Sec,2.0,Bendigo,2 bedroom flat,2025-03-01,400.0,380.0
Bendigo,REGIONAL COACH,1.0,Pri/Sec,2.0,Bendigo,2 bedroom house,2025-03-01,450.0,400.0
Bendigo,REGIONAL COACH,1.0,Pri/Sec,2.0,Bendigo,3 bedroom flat,2025-03-01,475.0,448.0
Bendigo,REGIONAL COACH,1.0,Pri/Sec,2.0,Bendigo,3 bedroom house,2025-03-01,470.0,460.0
Bendigo,REGIONAL COACH,1.0,Pri/Sec,2.0,Bendigo,4 bedroom house,2025-03-01,550.0,545.0
Bendigo,REGIONAL COACH,1.0,Pri/Sec,2.0,Bendigo,All properties,2025-03-01,450.0,455.0
Bendigo,REGIONAL COACH,1.0,Primary,2.0,Bendigo,1 bedroom flat,2025-03-01,310.0,295.0
Bendigo,REGIONAL COACH,1.0,Primary,2.0,Bendigo,2 bedroom flat,2025-03-01,400.0,380.0
Bendigo,REGIONAL COACH,1.0,Primary,2.0,Bendigo,2 bedroom house,2025-03-01,450.0,400.0
Bendigo,REGIONAL COACH,1.0,Primary,2.0,Bendigo,3 bedroom flat,2025-03-01,475.0,448.0
Bendigo,REGIONAL COACH,1.0,Primary,2.0,Bendigo,3 bedroom house,2025-03-01,470.0,460.0
Bendigo,REGIONAL COACH,1.0,Primary,2.0,Bendigo,4 bedroom house,2025-03-01,550.0,545.0
Bendigo,REGIONAL COACH,1.0,Primary,2.0,Bendigo,All properties,2025-03-01,450.0,455.0
Bendigo,REGIONAL COACH,1.0,Secondary,2.0,Bendigo,1 bedroom flat,2025-03-01,310.0,295.0
Bendigo,REGIONAL COACH,1.0,Secondary,2.0,Bendigo,2 bedroom flat,2025-03-01,400.0,380.0
Bendigo,REGIONAL COACH,1.0,Secondary,2.0,Bendigo,2 bedroom house,2025-03-01,450.0,400.0
Bendigo,REGIONAL COACH,1.0,Secondary,2.0,Bendigo,3 bedroom flat,2025-03-01,475.0,448.0
Bendigo,REGIONAL COACH,1.0,Secondary,2.0,Bendigo,3 bedroom house,2025-03-01,470.0,460.0
Bendigo,REGIONAL COACH,1.0,Secondary,2.0,Bendigo,4 bedroom house,2025-03-01,550.0,545.0
Bendigo,REGIONAL COACH,1.0,Secondary,2.0,Bendigo,All properties,2025-03-01,450.0,455.0
Bendigo,REGIONAL COACH,1.0,Special,1.0,Bendigo,1 bedroom flat,2025-03-01,310.0,295.0
Bendigo,REGIONAL COACH,1.0,Special,1.0,Bendigo,2 bedroom flat,2025-03-01,400.0,380.0
Bendigo,REGIONAL COACH,1.0,Special,1.0,Bendigo,2 bedroom house,2025-03-01,450.0,400.0
Bendigo,REGIONAL COACH,1.0,Special,1.0,Bendigo,3 bedroom flat,2025-03-01,475.0,448.0
Bendigo,REGIONAL COACH,1.0,Special,1.0,Bendigo,3 bedroom house,2025-03-01,470.0,460.0
Bendigo,REGIONAL COACH,1.0,Special,1.0,Bendigo,4 bedroom house,2025-03-01,550.0,545.0
Bendigo,REGIONAL COACH,1.0,Special,1.0,Bendigo,All properties,2025-03-01,450.0,455.0
Bendigo,REGIONAL TRAIN,1.0,Pri/Sec,2.0,Bendigo,1 bedroom flat,2025-03-01,310.0,295.0
Bendigo,REGIONAL TRAIN,1.0,Pri/Sec,2.0,Bendigo,2 bedroom flat,2025-03-01,400.0,380.0
Bendigo,REGIONAL TRAIN,1.0,Pri/Sec,2.0,Bendigo,2 bedroom house,2025-03-01,450.0,400.0
Bendigo,REGIONAL TRAIN,1.0,Pri/Sec,2.0,Bendigo,3 bedroom flat,2025-03-01,475.0,448.0
Bendigo,REGIONAL TRAIN,1.0,Pri/Sec,2.0,Bendigo,3 bedroom house,2025-03-01,470.0,460.0
Bendigo,REGIONAL TRAIN,1.0,Pri/Sec,2.0,Bendigo,4 bedroom house,2025-03-01,550.0,545.0
Bendigo,REGIONAL TRAIN,1.0,Pri/Sec,2.0,Bendigo,All properties,2025-03-01,450.0,455.0
Bendigo,REGIONAL TRAIN,1.0,Primary,2.0,Bendigo,1 bedroom flat,2025-03-01,310.0,295.0
Bendigo,REGIONAL TRAIN,1.0,Primary,2.0,Bendigo,2 bedroom flat,2025-03-01,400.0,380.0
Bendigo,REGIONAL TRAIN,1.0,Primary,2.0,Bendigo,2 bedroom house,2025-03-01,450.0,400.0
Bendigo,REGIONAL TRAIN,1.0,Primary,2.0,Bendigo,3 bedroom flat,2025-03-01,475.0,448.0
Bendigo,REGIONAL TRAIN,1.0,Primary,2.0,Bendigo,3 bedroom house,2025-03-01,470.0,460.0
Bendigo,REGIONAL TRAIN,1.0,Primary,2.0,Bendigo,4 bedroom house,2025-03-01,550.0,545.0
Bendigo,REGIONAL TRAIN,1.0,Primary,2.0,Bendigo,All properties,2025-03-01,450.0,455.0
Bendigo,REGIONAL TRAIN,1.0,Secondary,2.0,Bendigo,1 bedroom flat,2025-03-01,310.0,295.0
Bendigo,REGIONAL TRAIN,1.0,Secondary,2.0,Bendigo,2 bedroom flat,2025-03-01,400.0,380.0
Bendigo,REGIONAL TRAIN,1.0,Secondary,2.0,Bendigo,2 bedroom house,2025-03-01,450.0,400.0
Bendigo,REGIONAL TRAIN,1.0,Secondary,2.0,Bendigo,3 bedroom flat,2025-03-01,475.0,448.0
Bendigo,REGIONAL TRAIN,1.0,Secondary,2.0,Bendigo,3 bedroom house,2025-03-01,470.0,460.0
Bendigo,REGIONAL TRAIN,1.0,Secondary,2.0,Bendigo,4 bedroom house,2025-03-01,550.0,545.0
Bendigo,REGIONAL TRAIN,1.0,Secondary,2.0,Bendigo,All properties,2025-03-01,450.0,455.0
Bendigo,REGIONAL TRAIN,1.0,Special,1.0,Bendigo,1 bedroom flat,2025-03-01,310.0,295.0
Bendigo,REGIONAL TRAIN,1.0,Special,1.0,Bendigo,2 bedroom flat,2025-03-01,400.0,380.0
Bendigo,REGIONAL TRAIN,1.0,Special,1.0,Bendigo,2 bedroom house,2025-03-01,450.0,400.0
Bendigo,REGIONAL TRAIN,1.0,Special,1.0,Bendigo,3 bedroom flat,2025-03-01,475.0,448.0
Bendigo,REGIONAL TRAIN,1.0,Special,1.0,Bendigo,3 bedroom house,2025-03-01,470.0,460.0
Bendigo,REGIONAL TRAIN,1.0,Special,1.0,Bendigo,4 bedroom house,2025-03-01,550.0,545.0
Bendigo,REGIONAL TRAIN,1.0,Special,1.0,Bendigo,All properties,2025-03-01,450.0,455.0
Bendoc,,,,,,,,,
Bengworden,,,,,,,,,
Benjeroop,,,,,,,,,
Benloch,,,,,,,,,
Bennison,,,,,,,,,
Bentleigh,METRO BUS,40.0,Primary,3.0,Southern Melbourne,1 bedroom flat,2025-03-01,420.0,433.0
Bentleigh,METRO BUS,40.0,Primary,3.0,Southern Melbourne,2 bedroom flat,2025-03-01,575.0,598.0
Bentleigh,METRO BUS,40.0,Primary,3.0,Southern Melbourne,2 bedroom house,2025-03-01,600.0,620.0
Bentleigh,METRO BUS,40.0,Primary,3.0,Southern Melbourne,3 bedroom flat,2025-03-01,760.0,760.0
Bentleigh,METRO BUS,40.0,Primary,3.0,Southern Melbourne,3 bedroom house,2025-03-01,728.0,790.0
Bentleigh,METRO BUS,40.0,Primary,3.0,Southern Melbourne,4 bedroom house,2025-03-01,1000.0,1075.0
Bentleigh,METRO BUS,40.0,Primary,3.0,Southern Melbourne,All properties,2025-03-01,680.0,610.0
Bentleigh,METRO BUS,40.0,Secondary,1.0,Southern Melbourne,1 bedroom flat,2025-03-01,420.0,433.0
Bentleigh,METRO BUS,40.0,Secondary,1.0,Southern Melbourne,2 bedroom flat,2025-03-01,575.0,598.0
Bentleigh,METRO BUS,40.0,Secondary,1.0,Southern Melbourne,2 bedroom house,2025-03-01,600.0,620.0
Bentleigh,METRO BUS,40.0,Secondary,1.0,Southern Melbourne,3 bedroom flat,2025-03-01,760.0,760.0
Bentleigh,METRO BUS,40.0,Secondary,1.0,Southern Melbourne,3 bedroom house,2025-03-01,728.0,790.0
Bentleigh,METRO BUS,40.0,Secondary,1.0,Southern Melbourne,4 bedroom house,2025-03-01,1000.0,1075.0
Bentleigh,METRO BUS,40.0,Secondary,1.0,Southern Melbourne,All properties,2025-03-01,680.0,610.0
Bentleigh,METRO TRAIN,6.0,Primary,3.0,Southern Melbourne,1 bedroom flat,2025-03-01,420.0,433.0
Bentleigh,METRO TRAIN,6.0,Primary,3.0,Southern Melbourne,2 bedroom flat,2025-03-01,575.0,598.0
Bentleigh,METRO TRAIN,6.0,Primary,3.0,Southern Melbourne,2 bedroom house,2025-03-01,600.0,620.0
Bentleigh,METRO TRAIN,6.0,Primary,3.0,Southern Melbourne,3 bedroom flat,2025-03-01,760.0,760.0
Bentleigh,METRO TRAIN,6.0,Primary,3.0,Southern Melbourne,3 bedroom house,2025-03-01,728.0,790.0
Bentleigh,METRO TRAIN,6.0,Primary,3.0,Southern Melbourne,4 bedroom house,2025-03-01,1000.0,1075.0
Bentleigh,METRO TRAIN,6.0,Primary,3.0,Southern Melbourne,All properties,2025-03-01,680.0,610.0
Bentleigh,METRO TRAIN,6.0,Secondary,1.0,Southern Melbourne,1 bedroom flat,2025-03-01,420.0,433.0
Bentleigh,METRO TRAIN,6.0,Secondary,1.0,Southern Melbourne,2 bedroom flat,2025-03-01,575.0,598.0
Bentleigh,METRO TRAIN,6.0,Secondary,1.0,Southern Melbourne,2 bedroom house,2025-03-01,600.0,620.0
Bentleigh,METRO TRAIN,6.0,Secondary,1.0,Southern Melbourne,3 bedroom flat,2025-03-01,760.0,760.0
Bentleigh,METRO TRAIN,6.0,Secondary,1.0,Southern Melbourne,3 bedroom house,2025-03-01,728.0,790.0
Bentleigh,METRO TRAIN,6.0,Secondary,1.0,Southern Melbourne,4 bedroom house,2025-03-01,1000.0,1075.0
Bentleigh,METRO TRAIN,6.0,Secondary,1.0,Southern Melbourne,All properties,2025-03-01,680.0,610.0
Bentleigh East,METRO BUS,108.0,Primary,4.0,,,,,
Bentleigh East,METRO BUS,108.0,Secondary,1.0,,,,,
Bentleigh East,METRO BUS,108.0,Special,1.0,,,,,
Benwerrin,,,,,,,,,
Beremboke,,,,,,,,,
Berrimal,,,,,,,,,
Berringa,,,,,,,,,
Berringama,,,,,,,,,
Berriwillock,REGIONAL COACH,1.0,,,,,,,
Berrybank,,,,,,,,,
Berrys Creek,,,,,,,,,
Berwick,METRO BUS,137.0,Pri/Sec,2.0,South Eastern Melbourne,1 bedroom flat,2025-03-01,368.0,364.0
Berwick,METRO BUS,137.0,Pri/Sec,2.0,South Eastern Melbourne,2 bedroom flat,2025-03-01,495.0,468.0
Berwick,METRO BUS,137.0,Pri/Sec,2.0,South Eastern Melbourne,2 bedroom house,2025-03-01,490.0,480.0
Berwick,METRO BUS,137.0,Pri/Sec,2.0,South Eastern Melbourne,3 bedroom flat,2025-03-01,550.0,540.0
Berwick,METRO BUS,137.0,Pri/Sec,2.0,South Eastern Melbourne,3 bedroom house,2025-03-01,550.0,548.0
Berwick,METRO BUS,137.0,Pri/Sec,2.0,South Eastern Melbourne,4 bedroom house,2025-03-01,620.0,630.0
Berwick,METRO BUS,137.0,Pri/Sec,2.0,South Eastern Melbourne,All properties,2025-03-01,595.0,540.0
Berwick,METRO BUS,137.0,Primary,7.0,South Eastern Melbourne,1 bedroom flat,2025-03-01,368.0,364.0
Berwick,METRO BUS,137.0,Primary,7.0,South Eastern Melbourne,2 bedroom flat,2025-03-01,495.0,468.0
Berwick,METRO BUS,137.0,Primary,7.0,South Eastern Melbourne,2 bedroom house,2025-03-01,490.0,480.0
Berwick,METRO BUS,137.0,Primary,7.0,South Eastern Melbourne,3 bedroom flat,2025-03-01,550.0,540.0
Berwick,METRO BUS,137.0,Primary,7.0,South Eastern Melbourne,3 bedroom house,2025-03-01,550.0,548.0
Berwick,METRO BUS,137.0,Primary,7.0,South Eastern Melbourne,4 bedroom house,2025-03-01,620.0,630.0
Berwick,METRO BUS,137.0,Primary,7.0,South Eastern Melbourne,All properties,2025-03-01,595.0,540.0
Berwick,METRO BUS,137.0,Secondary,3.0,South Eastern Melbourne,1 bedroom flat,2025-03-01,368.0,364.0
Berwick,METRO BUS,137.0,Secondary,3.0,South Eastern Melbourne,2 bedroom flat,2025-03-01,495.0,468.0
Berwick,METRO BUS,137.0,Secondary,3.0,South Eastern Melbourne,2 bedroom house,2025-03-01,490.0,480.0
Berwick,METRO BUS,137.0,Secondary,3.0,South Eastern Melbourne,3 bedroom flat,2025-03-01,550.0,540.0
Berwick,METRO BUS,137.0,Secondary,3.0,South Eastern Melbourne,3 bedroom house,2025-03-01,550.0,548.0
Berwick,METRO BUS,137.0,Secondary,3.0,South Eastern Melbourne,4 bedroom house,2025-03-01,620.0,630.0
Berwick,METRO BUS,137.0,Secondary,3.0,South Eastern Melbourne,All properties,2025-03-01,595.0,540.0
Berwick,METRO TRAIN,3.0,Pri/Sec,2.0,South Eastern Melbourne,1 bedroom flat,2025-03-01,368.0,364.0
Berwick,METRO TRAIN,3.0,Pri/Sec,2.0,South Eastern Melbourne,2 bedroom flat,2025-03-01,495.0,468.0
Berwick,METRO TRAIN,3.0,Pri/Sec,2.0,South Eastern Melbourne,2 bedroom house,2025-03-01,490.0,480.0
Berwick,METRO TRAIN,3.0,Pri/Sec,2.0,South Eastern Melbourne,3 bedroom flat,2025-03-01,550.0,540.0
Berwick,METRO TRAIN,3.0,Pri/Sec,2.0,South Eastern Melbourne,3 bedroom house,2025-03-01,550.0,548.0
Berwick,METRO TRAIN,3.0,Pri/Sec,2.0,South Eastern Melbourne,4 bedroom house,2025-03-01,620.0,630.0
Berwick,METRO TRAIN,3.0,Pri/Sec,2.0,South Eastern Melbourne,All properties,2025-03-01,595.0,540.0
Berwick,METRO TRAIN,3.0,Primary,7.0,South Eastern Melbourne,1 bedroom flat,2025-03-01,368.0,364.0
Berwick,METRO TRAIN,3.0,Primary,7.0,South Eastern Melbourne,2 bedroom flat,2025-03-01,495.0,468.0
Berwick,METRO TRAIN,3.0,Primary,7.0,South Eastern Melbourne,2 bedroom house,2025-03-01,490.0,480.0
Berwick,METRO TRAIN,3.0,Primary,7.0,South Eastern Melbourne,3 bedroom flat,2025-03-01,550.0,540.0
Berwick,METRO TRAIN,3.0,Primary,7.0,South Eastern Melbourne,3 bedroom house,2025-03-01,550.0,548.0
Berwick,METRO TRAIN,3.0,Primary,7.0,South Eastern Melbourne,4 bedroom house,2025-03-01,620.0,630.0
Berwick,METRO TRAIN,3.0,Primary,7.0,South Eastern Melbourne,All properties,2025-03-01,595.0,540.0
Berwick,METRO TRAIN,3.0,Secondary,3.0,South Eastern Melbourne,1 bedroom flat,2025-03-01,368.0,364.0
Berwick,METRO TRAIN,3.0,Secondary,3.0,South Eastern Melbourne,2 bedroom flat,2025-03-01,495.0,468.0
Berwick,METRO TRAIN,3.0,Secondary,3.0,South Eastern Melbourne,2 bedroom house,2025-03-01,490.0,480.0
Berwick,METRO TRAIN,3.0,Secondary,3.0,South Eastern Melbourne,3 bedroom flat,2025-03-01,550.0,540.0
Berwick,METRO TRAIN,3.0,Secondary,3.0,South Eastern Melbourne,3 bedroom house,2025-03-01,550.0,548.0
Berwick,METRO TRAIN,3.0,Secondary,3.0,South Eastern Melbourne,4 bedroom house,2025-03-01,620.0,630.0
Berwick,METRO TRAIN,3.0,Secondary,3.0,South Eastern Melbourne,All properties,2025-03-01,595.0,540.0
Berwick,REGIONAL TRAIN,2.0,Pri/Sec,2.0,South Eastern Melbourne,1 bedroom flat,2025-03-01,368.0,364.0
Berwick,REGIONAL TRAIN,2.0,Pri/Sec,2.0,South Eastern Melbourne,2 bedroom flat,2025-03-01,495.0,468.0
Berwick,REGIONAL TRAIN,2.0,Pri/Sec,2.0,South Eastern Melbourne,2 bedroom house,2025-03-01,490.0,480.0
Berwick,REGIONAL TRAIN,2.0,Pri/Sec,2.0,South Eastern Melbourne,3 bedroom flat,2025-03-01,550.0,540.0
Berwick,REGIONAL TRAIN,2.0,Pri/Sec,2.0,South Eastern Melbourne,3 bedroom house,2025-03-01,550.0,548.0
Berwick,REGIONAL TRAIN,2.0,Pri/Sec,2.0,South Eastern Melbourne,4 bedroom house,2025-03-01,620.0,630.0
Berwick,REGIONAL TRAIN,2.0,Pri/Sec,2.0,South Eastern Melbourne,All properties,2025-03-01,595.0,540.0
Berwick,REGIONAL TRAIN,2.0,Primary,7.0,South Eastern Melbourne,1 bedroom flat,2025-03-01,368.0,364.0
Berwick,REGIONAL TRAIN,2.0,Primary,7.0,South Eastern Melbourne,2 bedroom flat,2025-03-01,495.0,468.0
Berwick,REGIONAL TRAIN,2.0,Primary,7.0,South Eastern Melbourne,2 bedroom house,2025-03-01,490.0,480.0
Berwick,REGIONAL TRAIN,2.0,Primary,7.0,South Eastern Melbourne,3 bedroom flat,2025-03-01,550.0,540.0
Berwick,REGIONAL TRAIN,2.0,Primary,7.0,South Eastern Melbourne,3 bedroom house,2025-03-01,550.0,548.0
Berwick,REGIONAL TRAIN,2.0,Primary,7.0,South Eastern Melbourne,4 bedroom house,2025-03-01,620.0,630.0
Berwick,REGIONAL TRAIN,2.0,Primary,7.0,South Eastern Melbourne,All properties,2025-03-01,595.0,540.0
Berwick,REGIONAL TRAIN,2.0,Secondary,3.0,South Eastern Melbourne,1 bedroom flat,2025-03-01,368.0,364.0
Berwick,REGIONAL TRAIN,2.0,Secondary,3.0,South Eastern Melbourne,2 bedroom flat,2025-03-01,495.0,468.0
Berwick,REGIONAL TRAIN,2.0,Secondary,3.0,South Eastern Melbourne,2 bedroom house,2025-03-01,490.0,480.0
Berwick,REGIONAL TRAIN,2.0,Secondary,3.0,South Eastern Melbourne,3 bedroom flat,2025-03-01,550.0,540.0
Berwick,REGIONAL TRAIN,2.0,Secondary,3.0,South Eastern Melbourne,3 bedroom house,2025-03-01,550.0,548.0
Berwick,REGIONAL TRAIN,2.0,Secondary,3.0,South Eastern Melbourne,4 bedroom house,2025-03-01,620.0,630.0
Berwick,REGIONAL TRAIN,2.0,Secondary,3.0,South Eastern Melbourne,All properties,2025-03-01,595.0,540.0
Bessiebelle,,,,,,,,,
Bet Bet,,,,,,,,,
Bete Bolong,,,,,,,,,
Bete Bolong North,,,,,,,,,
Bethanga,,,Primary,1.0,,,,,
Betley,,,,,,,,,
Beulah,REGIONAL BUS,1.0,Primary,1.0,,,,,
Beulah,REGIONAL COACH,2.0,Primary,1.0,,,,,
Beverford,,,Primary,1.0,,,,,
Beveridge,METRO BUS,9.0,Primary,1.0,,,,,
Big Desert,,,,,,,,,
Big Hill,,,Primary,1.0,,,,,
Big Hill,,,Primary,1.0,,,,,
Big Pats Creek,,,,,,,,,
Biggara,,,,,,,,,
Billabong,,,,,,,,,
Bimbourie,,,,,,,,,
Bindi,,,,,,,,,
Binginwarri,,,,,,,,,
Bingo Munjie,,,,,,,,,
Birchip,REGIONAL BUS,1.0,Pri/Sec,1.0,,,,,
Birchip,REGIONAL COACH,1.0,Pri/Sec,1.0,,,,,
Birchip West,,,,,,,,,
Birdwoodton,REGIONAL BUS,4.0,,,,,,,
Birregurra,REGIONAL BUS,1.0,Primary,1.0,,,,,
Birregurra,REGIONAL COACH,2.0,Primary,1.0,,,,,
Birregurra,REGIONAL TRAIN,2.0,Primary,1.0,,,,,
Bittern,METRO BUS,5.0,Primary,1.0,,,,,
Bittern,METRO TRAIN,2.0,Primary,1.0,,,,,
Black Hill,REGIONAL BUS,9.0,Primary,1.0,,,,,
Black Range,,,,,,,,,
Black Rock,METRO BUS,18.0,Primary,1.0,,,,,
Blackburn,METRO BUS,61.0,Primary,4.0,Inner Eastern Melbourne,1 bedroom flat,2025-03-01,450.0,470.0
Blackburn,METRO BUS,61.0,Primary,4.0,Inner Eastern Melbourne,2 bedroom flat,2025-03-01,550.0,575.0
Blackburn,METRO BUS,61.0,Primary,4.0,Inner Eastern Melbourne,2 bedroom house,2025-03-01,545.0,560.0
Blackburn,METRO BUS,61.0,Primary,4.0,Inner Eastern Melbourne,3 bedroom flat,2025-03-01,650.0,700.0
Blackburn,METRO BUS,61.0,Primary,4.0,Inner Eastern Melbourne,3 bedroom house,2025-03-01,600.0,650.0
Blackburn,METRO BUS,61.0,Primary,4.0,Inner Eastern Melbourne,4 bedroom house,2025-03-01,750.0,800.0
Blackburn,METRO BUS,61.0,Primary,4.0,Inner Eastern Melbourne,All properties,2025-03-01,600.0,650.0
Blackburn,METRO BUS,61.0,Secondary,1.0,Inner Eastern Melbourne,1 bedroom flat,2025-03-01,450.0,470.0
Blackburn,METRO BUS,61.0,Secondary,1.0,Inner Eastern Melbourne,2 bedroom flat,2025-03-01,550.0,575.0
Blackburn,METRO BUS,61.0,Secondary,1.0,Inner Eastern Melbourne,2 bedroom house,2025-03-01,545.0,560.0
Blackburn,METRO BUS,61.0,Secondary,1.0,Inner Eastern Melbourne,3 bedroom flat,2025-03-01,650.0,700.0
Blackburn,METRO BUS,61.0,Secondary,1.0,Inner Eastern Melbourne,3 bedroom house,2025-03-01,600.0,650.0
Blackburn,METRO BUS,61.0,Secondary,1.0,Inner Eastern Melbourne,4 bedroom house,2025-03-01,750.0,800.0
Blackburn,METRO BUS,61.0,Secondary,1.0,Inner Eastern Melbourne,All properties,2025-03-01,600.0,650.0
Blackburn,METRO TRAIN,4.0,Primary,4.0,Inner Eastern Melbourne,1 bedroom flat,2025-03-01,450.0,470.0
Blackburn,METRO TRAIN,4.0,Primary,4.0,Inner Eastern Melbourne,2 bedroom flat,2025-03-01,550.0,575.0
Blackburn,METRO TRAIN,4.0,Primary,4.0,Inner Eastern Melbourne,2 bedroom house,2025-03-01,545.0,560.0
Blackburn,METRO TRAIN,4.0,Primary,4.0,Inner Eastern Melbourne,3 bedroom flat,2025-03-01,650.0,700.0
Blackburn,METRO TRAIN,4.0,Primary,4.0,Inner Eastern Melbourne,3 bedroom house,2025-03-01,600.0,650.0
Blackburn,METRO TRAIN,4.0,Primary,4.0,Inner Eastern Melbourne,4 bedroom house,2025-03-01,750.0,800.0
Blackburn,METRO TRAIN,4.0,Primary,4.0,Inner Eastern Melbourne,All properties,2025-03-01,600.0,650.0
Blackburn,METRO TRAIN,4.0,Secondary,1.0,Inner Eastern Melbourne,1 bedroom flat,2025-03-01,450.0,470.0
Blackburn,METRO TRAIN,4.0,Secondary,1.0,Inner Eastern Melbourne,2 bedroom flat,2025-03-01,550.0,575.0
Blackburn,METRO TRAIN,4.0,Secondary,1.0,Inner Eastern Melbourne,2 bedroom house,2025-03-01,545.0,560.0
Blackburn,METRO TRAIN,4.0,Secondary,1.0,Inner Eastern Melbourne,3 bedroom flat,2025-03-01,650.0,700.0
Blackburn,METRO TRAIN,4.0,Secondary,1.0,Inner Eastern Melbourne,3 bedroom house,2025-03-01,600.0,650.0
Blackburn,METRO TRAIN,4.0,Secondary,1.0,Inner Eastern Melbourne,4 bedroom house,2025-03-01,750.0,800.0
Blackburn,METRO TRAIN,4.0,Secondary,1.0,Inner Eastern Melbourne,All properties,2025-03-01,600.0,650.0
Blackburn North,METRO BUS,31.0,Primary,3.0,,,,,
Blackburn South,METRO BUS,41.0,Primary,2.0,,,,,
Blackburn South,METRO BUS,41.0,Special,1.0,,,,,
Blackheath,,,,,,,,,
Blackwarry,,,,,,,,,
Blackwood,,,,,,,,,
Blairgowrie,METRO BUS,19.0,,,,,,,
Blakeville,,,,,,,,,
Blampied,REGIONAL BUS,1.0,,,,,,,
Blampied,REGIONAL COACH,1.0,,,,,,,
Blind Bight,METRO BUS,6.0,,,,,,,
Blowhard,,,Primary,1.0,,,,,
Bo Peep,,,,,,,,,
Bobinawarrah,,,,,,,,,
Bochara,,,,,,,,,
Bogong,,,,,,,,,
Boho,,,,,,,,,
Boho South,,,,,,,,,
Boigbeat,,,,,,,,,
Boinka,REGIONAL BUS,1.0,,,,,,,
Boisdale,,,Primary,1.0,,,,,
Bolangum,,,,,,,,,
Bolinda,,,Primary,1.0,,,,,
Bolton,,,,,,,,,
Bolwarra,REGIONAL COACH,2.0,Primary,1.0,,,,,
Bolwarrah,,,,,,,,,
Bona Vista,,,Primary,1.0,,,,,
Bonang,,,,,,,,,
Bonbeach,METRO BUS,8.0,Primary,1.0,,,,,
Bonbeach,METRO TRAIN,2.0,Primary,1.0,,,,,
Bonegilla,,,,,,,,,
Boneo,,,Primary,1.0,,,,,
Bonn,,,,,,,,,
Bonnie Brook,,,,,,,,,
Bonnie Doon,REGIONAL COACH,1.0,,,,,,,
Bonshaw,,,,,,,,,
Bookaar,,,,,,,,,
Boola,,,,,,,,,
Boolarong,,,,,,,,,
Boolarra,REGIONAL BUS,2.0,Primary,1.0,,,,,
Boolarra South,,,,,,,,,
Boole Poole,,,,,,,,,
Boolite,,,,,,,,,
Boomahnoomoonah,,,,,,,,,
Boonah,,,,,,,,,
Boorcan,,,,,,,,,
Boorhaman,,,,,,,,,
Boorhaman East,,,,,,,,,
Boorhaman North,,,,,,,,,
Boorolite,,,,,,,,,
Boorool,,,,,,,,,
Boort,REGIONAL BUS,1.0,Pri/Sec,1.0,,,,,
Boort,REGIONAL COACH,1.0,Pri/Sec,1.0,,,,,
Boosey,,,,,,,,,
Boralma,,,,,,,,,
Bornes Hill,,,,,,,,,
Boronia,METRO BUS,84.0,Pri/Sec,1.0,Outer Eastern Melbourne,1 bedroom flat,2025-03-01,418.0,378.0
Boronia,METRO BUS,84.0,Pri/Sec,1.0,Outer Eastern Melbourne,2 bedroom flat,2025-03-01,495.0,498.0
Boronia,METRO BUS,84.0,Pri/Sec,1.0,Outer Eastern Melbourne,2 bedroom house,2025-03-01,499.0,505.0
Boronia,METRO BUS,84.0,Pri/Sec,1.0,Outer Eastern Melbourne,3 bedroom flat,2025-03-01,585.0,590.0
Boronia,METRO BUS,84.0,Pri/Sec,1.0,Outer Eastern Melbourne,3 bedroom house,2025-03-01,580.0,585.0
Boronia,METRO BUS,84.0,Pri/Sec,1.0,Outer Eastern Melbourne,4 bedroom house,2025-03-01,650.0,700.0
Boronia,METRO BUS,84.0,Pri/Sec,1.0,Outer Eastern Melbourne,All properties,2025-03-01,550.0,570.0
Boronia,METRO BUS,84.0,Primary,4.0,Outer Eastern Melbourne,1 bedroom flat,2025-03-01,418.0,378.0
Boronia,METRO BUS,84.0,Primary,4.0,Outer Eastern Melbourne,2 bedroom flat,2025-03-01,495.0,498.0
Boronia,METRO BUS,84.0,Primary,4.0,Outer Eastern Melbourne,2 bedroom house,2025-03-01,499.0,505.0
Boronia,METRO BUS,84.0,Primary,4.0,Outer Eastern Melbourne,3 bedroom flat,2025-03-01,585.0,590.0
Boronia,METRO BUS,84.0,Primary,4.0,Outer Eastern Melbourne,3 bedroom house,2025-03-01,580.0,585.0
Boronia,METRO BUS,84.0,Primary,4.0,Outer Eastern Melbourne,4 bedroom house,2025-03-01,650.0,700.0
Boronia,METRO BUS,84.0,Primary,4.0,Outer Eastern Melbourne,All properties,2025-03-01,550.0,570.0
Boronia,METRO BUS,84.0,Secondary,1.0,Outer Eastern Melbourne,1 bedroom flat,2025-03-01,418.0,378.0
Boronia,METRO BUS,84.0,Secondary,1.0,Outer Eastern Melbourne,2 bedroom flat,2025-03-01,495.0,498.0
Boronia,METRO BUS,84.0,Secondary,1.0,Outer Eastern Melbourne,2 bedroom house,2025-03-01,499.0,505.0
Boronia,METRO BUS,84.0,Secondary,1.0,Outer Eastern Melbourne,3 bedroom flat,2025-03-01,585.0,590.0
Boronia,METRO BUS,84.0,Secondary,1.0,Outer Eastern Melbourne,3 bedroom house,2025-03-01,580.0,585.0
Boronia,METRO BUS,84.0,Secondary,1.0,Outer Eastern Melbourne,4 bedroom house,2025-03-01,650.0,700.0
Boronia,METRO BUS,84.0,Secondary,1.0,Outer Eastern Melbourne,All properties,2025-03-01,550.0,570.0
Boronia,METRO TRAIN,2.0,Pri/Sec,1.0,Outer Eastern Melbourne,1 bedroom flat,2025-03-01,418.0,378.0
Boronia,METRO TRAIN,2.0,Pri/Sec,1.0,Outer Eastern Melbourne,2 bedroom flat,2025-03-01,495.0,498.0
Boronia,METRO TRAIN,2.0,Pri/Sec,1.0,Outer Eastern Melbourne,2 bedroom house,2025-03-01,499.0,505.0
Boronia,METRO TRAIN,2.0,Pri/Sec,1.0,Outer Eastern Melbourne,3 bedroom flat,2025-03-01,585.0,590.0
Boronia,METRO TRAIN,2.0,Pri/Sec,1.0,Outer Eastern Melbourne,3 bedroom house,2025-03-01,580.0,585.0
Boronia,METRO TRAIN,2.0,Pri/Sec,1.0,Outer Eastern Melbourne,4 bedroom house,2025-03-01,650.0,700.0
Boronia,METRO TRAIN,2.0,Pri/Sec,1.0,Outer Eastern Melbourne,All properties,2025-03-01,550.0,570.0
Boronia,METRO TRAIN,2.0,Primary,4.0,Outer Eastern Melbourne,1 bedroom flat,2025-03-01,418.0,378.0
Boronia,METRO TRAIN,2.0,Primary,4.0,Outer Eastern Melbourne,2 bedroom flat,2025-03-01,495.0,498.0
Boronia,METRO TRAIN,2.0,Primary,4.0,Outer Eastern Melbourne,2 bedroom house,2025-03-01,499.0,505.0
Boronia,METRO TRAIN,2.0,Primary,4.0,Outer Eastern Melbourne,3 bedroom flat,2025-03-01,585.0,590.0
Boronia,METRO TRAIN,2.0,Primary,4.0,Outer Eastern Melbourne,3 bedroom house,2025-03-01,580.0,585.0
Boronia,METRO TRAIN,2.0,Primary,4.0,Outer Eastern Melbourne,4 bedroom house,2025-03-01,650.0,700.0
Boronia,METRO TRAIN,2.0,Primary,4.0,Outer Eastern Melbourne,All properties,2025-03-01,550.0,570.0
Boronia,METRO TRAIN,2.0,Secondary,1.0,Outer Eastern Melbourne,1 bedroom flat,2025-03-01,418.0,378.0
Boronia,METRO TRAIN,2.0,Secondary,1.0,Outer Eastern Melbourne,2 bedroom flat,2025-03-01,495.0,498.0
Boronia,METRO TRAIN,2.0,Secondary,1.0,Outer Eastern Melbourne,2 bedroom house,2025-03-01,499.0,505.0
Boronia,METRO TRAIN,2.0,Secondary,1.0,Outer Eastern Melbourne,3 bedroom flat,2025-03-01,585.0,590.0
Boronia,METRO TRAIN,2.0,Secondary,1.0,Outer Eastern Melbourne,3 bedroom house,2025-03-01,580.0,585.0
Boronia,METRO TRAIN,2.0,Secondary,1.0,Outer Eastern Melbourne,4 bedroom house,2025-03-01,650.0,700.0
Boronia,METRO TRAIN,2.0,Secondary,1.0,Outer Eastern Melbourne,All properties,2025-03-01,550.0,570.0
Borung,REGIONAL BUS,1.0,,,,,,,
Borung,REGIONAL COACH,1.0,,,,,,,
Bostocks Creek,,,,,,,,,
Botanic Ridge,METRO BUS,12.0,Primary,1.0,,,,,
Boundary Bend,REGIONAL COACH,1.0,,,,,,,
Bowenvale,,,,,,,,,
Boweya,,,,,,,,,
Boweya North,,,,,,,,,
Bowmans Forest,,,,,,,,,
Bowser,,,,,,,,,
Box Hill,METRO BUS,54.0,Primary,1.0,Inner Eastern Melbourne,1 bedroom flat,2025-03-01,490.0,470.0
Box Hill,METRO BUS,54.0,Primary,1.0,Inner Eastern Melbourne,2 bedroom flat,2025-03-01,600.0,575.0
Box Hill,METRO BUS,54.0,Primary,1.0,Inner Eastern Melbourne,2 bedroom house,2025-03-01,520.0,560.0
Box Hill,METRO BUS,54.0,Primary,1.0,Inner Eastern Melbourne,3 bedroom flat,2025-03-01,720.0,700.0
Box Hill,METRO BUS,54.0,Primary,1.0,Inner Eastern Melbourne,3 bedroom house,2025-03-01,640.0,650.0
Box Hill,METRO BUS,54.0,Primary,1.0,Inner Eastern Melbourne,4 bedroom house,2025-03-01,790.0,800.0
Box Hill,METRO BUS,54.0,Primary,1.0,Inner Eastern Melbourne,All properties,2025-03-01,600.0,650.0
Box Hill,METRO BUS,54.0,Secondary,2.0,Inner Eastern Melbourne,1 bedroom flat,2025-03-01,490.0,470.0
Box Hill,METRO BUS,54.0,Secondary,2.0,Inner Eastern Melbourne,2 bedroom flat,2025-03-01,600.0,575.0
Box Hill,METRO BUS,54.0,Secondary,2.0,Inner Eastern Melbourne,2 bedroom house,2025-03-01,520.0,560.0
Box Hill,METRO BUS,54.0,Secondary,2.0,Inner Eastern Melbourne,3 bedroom flat,2025-03-01,720.0,700.0
Box Hill,METRO BUS,54.0,Secondary,2.0,Inner Eastern Melbourne,3 bedroom house,2025-03-01,640.0,650.0
Box Hill,METRO BUS,54.0,Secondary,2.0,Inner Eastern Melbourne,4 bedroom house,2025-03-01,790.0,800.0
Box Hill,METRO BUS,54.0,Secondary,2.0,Inner Eastern Melbourne,All properties,2025-03-01,600.0,650.0
Box Hill,METRO TRAIN,2.0,Primary,1.0,Inner Eastern Melbourne,1 bedroom flat,2025-03-01,490.0,470.0
Box Hill,METRO TRAIN,2.0,Primary,1.0,Inner Eastern Melbourne,2 bedroom flat,2025-03-01,600.0,575.0
Box Hill,METRO TRAIN,2.0,Primary,1.0,Inner Eastern Melbourne,2 bedroom house,2025-03-01,520.0,560.0
Box Hill,METRO TRAIN,2.0,Primary,1.0,Inner Eastern Melbourne,3 bedroom flat,2025-03-01,720.0,700.0
Box Hill,METRO TRAIN,2.0,Primary,1.0,Inner Eastern Melbourne,3 bedroom house,2025-03-01,640.0,650.0
Box Hill,METRO TRAIN,2.0,Primary,1.0,Inner Eastern Melbourne,4 bedroom house,2025-03-01,790.0,800.0
Box Hill,METRO TRAIN,2.0,Primary,1.0,Inner Eastern Melbourne,All properties,2025-03-01,600.0,650.0
Box Hill,METRO TRAIN,2.0,Secondary,2.0,Inner Eastern Melbourne,1 bedroom flat,2025-03-01,490.0,470.0
Box Hill,METRO TRAIN,2.0,Secondary,2.0,Inner Eastern Melbourne,2 bedroom flat,2025-03-01,600.0,575.0
Box Hill,METRO TRAIN,2.0,Secondary,2.0,Inner Eastern Melbourne,2 bedroom house,2025-03-01,520.0,560.0
Box Hill,METRO TRAIN,2.0,Secondary,2.0,Inner Eastern Melbourne,3 bedroom flat,2025-03-01,720.0,700.0
Box Hill,METRO TRAIN,2.0,Secondary,2.0,Inner Eastern Melbourne,3 bedroom house,2025-03-01,640.0,650.0
Box Hill,METRO TRAIN,2.0,Secondary,2.0,Inner Eastern Melbourne,4 bedroom house,2025-03-01,790.0,800.0
Box Hill,METRO TRAIN,2.0,Secondary,2.0,Inner Eastern Melbourne,All properties,2025-03-01,600.0,650.0
Box Hill,METRO TRAM,3.0,Primary,1.0,Inner Eastern Melbourne,1 bedroom flat,2025-03-01,490.0,470.0
Box Hill,METRO TRAM,3.0,Primary,1.0,Inner Eastern Melbourne,2 bedroom flat,2025-03-01,600.0,575.0
Box Hill,METRO TRAM,3.0,Primary,1.0,Inner Eastern Melbourne,2 bedroom house,2025-03-01,520.0,560.0
Box Hill,METRO TRAM,3.0,Primary,1.0,Inner Eastern Melbourne,3 bedroom flat,2025-03-01,720.0,700.0
Box Hill,METRO TRAM,3.0,Primary,1.0,Inner Eastern Melbourne,3 bedroom house,2025-03-01,640.0,650.0
Box Hill,METRO TRAM,3.0,Primary,1.0,Inner Eastern Melbourne,4 bedroom house,2025-03-01,790.0,800.0
Box Hill,METRO TRAM,3.0,Primary,1.0,Inner Eastern Melbourne,All properties,2025-03-01,600.0,650.0
Box Hill,METRO TRAM,3.0,Secondary,2.0,Inner Eastern Melbourne,1 bedroom flat,2025-03-01,490.0,470.0
Box Hill,METRO TRAM,3.0,Secondary,2.0,Inner Eastern Melbourne,2 bedroom flat,2025-03-01,600.0,575.0
Box Hill,METRO TRAM,3.0,Secondary,2.0,Inner Eastern Melbourne,2 bedroom house,2025-03-01,520.0,560.0
Box Hill,METRO TRAM,3.0,Secondary,2.0,Inner Eastern Melbourne,3 bedroom flat,2025-03-01,720.0,700.0
Box Hill,METRO TRAM,3.0,Secondary,2.0,Inner Eastern Melbourne,3 bedroom house,2025-03-01,640.0,650.0
Box Hill,METRO TRAM,3.0,Secondary,2.0,Inner Eastern Melbourne,4 bedroom house,2025-03-01,790.0,800.0
Box Hill,METRO TRAM,3.0,Secondary,2.0,Inner Eastern Melbourne,All properties,2025-03-01,600.0,650.0
Box Hill,REGIONAL COACH,1.0,Primary,1.0,Inner Eastern Melbourne,1 bedroom flat,2025-03-01,490.0,470.0
Box Hill,REGIONAL COACH,1.0,Primary,1.0,Inner Eastern Melbourne,2 bedroom flat,2025-03-01,600.0,575.0
Box Hill,REGIONAL COACH,1.0,Primary,1.0,Inner Eastern Melbourne,2 bedroom house,2025-03-01,520.0,560.0
Box Hill,REGIONAL COACH,1.0,Primary,1.0,Inner Eastern Melbourne,3 bedroom flat,2025-03-01,720.0,700.0
Box Hill,REGIONAL COACH,1.0,Primary,1.0,Inner Eastern Melbourne,3 bedroom house,2025-03-01,640.0,650.0
Box Hill,REGIONAL COACH,1.0,Primary,1.0,Inner Eastern Melbourne,4 bedroom house,2025-03-01,790.0,800.0
Box Hill,REGIONAL COACH,1.0,Primary,1.0,Inner Eastern Melbourne,All properties,2025-03-01,600.0,650.0
Box Hill,REGIONAL COACH,1.0,Secondary,2.0,Inner Eastern Melbourne,1 bedroom flat,2025-03-01,490.0,470.0
Box Hill,REGIONAL COACH,1.0,Secondary,2.0,Inner Eastern Melbourne,2 bedroom flat,2025-03-01,600.0,575.0
Box Hill,REGIONAL COACH,1.0,Secondary,2.0,Inner Eastern Melbourne,2 bedroom house,2025-03-01,520.0,560.0
Box Hill,REGIONAL COACH,1.0,Secondary,2.0,Inner Eastern Melbourne,3 bedroom flat,2025-03-01,720.0,700.0
Box Hill,REGIONAL COACH,1.0,Secondary,2.0,Inner Eastern Melbourne,3 bedroom house,2025-03-01,640.0,650.0
Box Hill,REGIONAL COACH,1.0,Secondary,2.0,Inner Eastern Melbourne,4 bedroom house,2025-03-01,790.0,800.0
Box Hill,REGIONAL COACH,1.0,Secondary,2.0,Inner Eastern Melbourne,All properties,2025-03-01,600.0,650.0
Box Hill North,METRO BUS,44.0,Primary,2.0,,,,,
Box Hill North,METRO BUS,44.0,Special,1.0,,,,,
Box Hill South,METRO BUS,38.0,Pri/Sec,1.0,,,,,
Box Hill South,METRO BUS,38.0,Primary,1.0,,,,,
Boxwood,,,,,,,,,
Bradford,,,,,,,,,
Bradvale,,,,,,,,,
Braeside,METRO BUS,28.0,,,,,,,
Brandy Creek,,,,,,,,,
Branxholme,REGIONAL COACH,3.0,Primary,1.0,,,,,
Bravington,,,,,,,,,
Braybrook,METRO BUS,31.0,Language,1.0,,,,,
Braybrook,METRO BUS,31.0,Primary,2.0,,,,,
Braybrook,METRO BUS,31.0,Secondary,2.0,,,,,
Braybrook,METRO BUS,31.0,Special,1.0,,,,,
Breakaway Creek,,,,,,,,,
Breakwater,REGIONAL BUS,11.0,,,,,,,
Breamlea,,,,,,,,,
Brenanah,,,,,,,,,
Brewster,,,,,,,,,
Briagolong,,,Primary,1.0,,,,,
Briar Hill,METRO BUS,11.0,Primary,2.0,,,,,
Bridge Creek,,,,,,,,,
Bridgewater,,,,,,,,,
Bridgewater North,,,,,,,,,
Bridgewater on Loddon,REGIONAL BUS,1.0,Primary,1.0,,,,,
Bridgewater on Loddon,REGIONAL COACH,1.0,Primary,1.0,,,,,
Bright,REGIONAL BUS,1.0,Pri/Sec,1.0,,,,,
Bright,REGIONAL COACH,1.0,Pri/Sec,1.0,,,,,
Brighton,METRO BUS,81.0,Pri/Sec,2.0,Southern Melbourne,1 bedroom flat,2025-03-01,450.0,433.0
Brighton,METRO BUS,81.0,Pri/Sec,2.0,Southern Melbourne,2 bedroom flat,2025-03-01,640.0,598.0
Brighton,METRO BUS,81.0,Pri/Sec,2.0,Southern Melbourne,2 bedroom house,2025-03-01,750.0,620.0
Brighton,METRO BUS,81.0,Pri/Sec,2.0,Southern Melbourne,3 bedroom flat,2025-03-01,950.0,760.0
Brighton,METRO BUS,81.0,Pri/Sec,2.0,Southern Melbourne,3 bedroom house,2025-03-01,1100.0,790.0
Brighton,METRO BUS,81.0,Pri/Sec,2.0,Southern Melbourne,4 bedroom house,2025-03-01,1600.0,1075.0
Brighton,METRO BUS,81.0,Pri/Sec,2.0,Southern Melbourne,All properties,2025-03-01,725.0,610.0
Brighton,METRO BUS,81.0,Primary,5.0,Southern Melbourne,1 bedroom flat,2025-03-01,450.0,433.0
Brighton,METRO BUS,81.0,Primary,5.0,Southern Melbourne,2 bedroom flat,2025-03-01,640.0,598.0
Brighton,METRO BUS,81.0,Primary,5.0,Southern Melbourne,2 bedroom house,2025-03-01,750.0,620.0
Brighton,METRO BUS,81.0,Primary,5.0,Southern Melbourne,3 bedroom flat,2025-03-01,950.0,760.0
Brighton,METRO BUS,81.0,Primary,5.0,Southern Melbourne,3 bedroom house,2025-03-01,1100.0,790.0
Brighton,METRO BUS,81.0,Primary,5.0,Southern Melbourne,4 bedroom house,2025-03-01,1600.0,1075.0
Brighton,METRO BUS,81.0,Primary,5.0,Southern Melbourne,All properties,2025-03-01,725.0,610.0
Brighton,METRO BUS,81.0,Secondary,1.0,Southern Melbourne,1 bedroom flat,2025-03-01,450.0,433.0
Brighton,METRO BUS,81.0,Secondary,1.0,Southern Melbourne,2 bedroom flat,2025-03-01,640.0,598.0
Brighton,METRO BUS,81.0,Secondary,1.0,Southern Melbourne,2 bedroom house,2025-03-01,750.0,620.0
Brighton,METRO BUS,81.0,Secondary,1.0,Southern Melbourne,3 bedroom flat,2025-03-01,950.0,760.0
Brighton,METRO BUS,81.0,Secondary,1.0,Southern Melbourne,3 bedroom house,2025-03-01,1100.0,790.0
Brighton,METRO BUS,81.0,Secondary,1.0,Southern Melbourne,4 bedroom house,2025-03-01,1600.0,1075.0
Brighton,METRO BUS,81.0,Secondary,1.0,Southern Melbourne,All properties,2025-03-01,725.0,610.0
Brighton,METRO TRAIN,12.0,Pri/Sec,2.0,Southern Melbourne,1 bedroom flat,2025-03-01,450.0,433.0
Brighton,METRO TRAIN,12.0,Pri/Sec,2.0,Southern Melbourne,2 bedroom flat,2025-03-01,640.0,598.0
Brighton,METRO TRAIN,12.0,Pri/Sec,2.0,Southern Melbourne,2 bedroom house,2025-03-01,750.0,620.0
Brighton,METRO TRAIN,12.0,Pri/Sec,2.0,Southern Melbourne,3 bedroom flat,2025-03-01,950.0,760.0
Brighton,METRO TRAIN,12.0,Pri/Sec,2.0,Southern Melbourne,3 bedroom house,2025-03-01,1100.0,790.0
Brighton,METRO TRAIN,12.0,Pri/Sec,2.0,Southern Melbourne,4 bedroom house,2025-03-01,1600.0,1075.0
Brighton,METRO TRAIN,12.0,Pri/Sec,2.0,Southern Melbourne,All properties,2025-03-01,725.0,610.0
Brighton,METRO TRAIN,12.0,Primary,5.0,Southern Melbourne,1 bedroom flat,2025-03-01,450.0,433.0
Brighton,METRO TRAIN,12.0,Primary,5.0,Southern Melbourne,2 bedroom flat,2025-03-01,640.0,598.0
Brighton,METRO TRAIN,12.0,Primary,5.0,Southern Melbourne,2 bedroom house,2025-03-01,750.0,620.0
Brighton,METRO TRAIN,12.0,Primary,5.0,Southern Melbourne,3 bedroom flat,2025-03-01,950.0,760.0
Brighton,METRO TRAIN,12.0,Primary,5.0,Southern Melbourne,3 bedroom house,2025-03-01,1100.0,790.0
Brighton,METRO TRAIN,12.0,Primary,5.0,Southern Melbourne,4 bedroom house,2025-03-01,1600.0,1075.0
Brighton,METRO TRAIN,12.0,Primary,5.0,Southern Melbourne,All properties,2025-03-01,725.0,610.0
Brighton,METRO TRAIN,12.0,Secondary,1.0,Southern Melbourne,1 bedroom flat,2025-03-01,450.0,433.0
Brighton,METRO TRAIN,12.0,Secondary,1.0,Southern Melbourne,2 bedroom flat,2025-03-01,640.0,598.0
Brighton,METRO TRAIN,12.0,Secondary,1.0,Southern Melbourne,2 bedroom house,2025-03-01,750.0,620.0
Brighton,METRO TRAIN,12.0,Secondary,1.0,Southern Melbourne,3 bedroom flat,2025-03-01,950.0,760.0
Brighton,METRO TRAIN,12.0,Secondary,1.0,Southern Melbourne,3 bedroom house,2025-03-01,1100.0,790.0
Brighton,METRO TRAIN,12.0,Secondary,1.0,Southern Melbourne,4 bedroom house,2025-03-01,1600.0,1075.0
Brighton,METRO TRAIN,12.0,Secondary,1.0,Southern Melbourne,All properties,2025-03-01,725.0,610.0
Brighton,SKYBUS,3.0,Pri/Sec,2.0,Southern Melbourne,1 bedroom flat,2025-03-01,450.0,433.0
Brighton,SKYBUS,3.0,Pri/Sec,2.0,Southern Melbourne,2 bedroom flat,2025-03-01,640.0,598.0
Brighton,SKYBUS,3.0,Pri/Sec,2.0,Southern Melbourne,2 bedroom house,2025-03-01,750.0,620.0
Brighton,SKYBUS,3.0,Pri/Sec,2.0,Southern Melbourne,3 bedroom flat,2025-03-01,950.0,760.0
Brighton,SKYBUS,3.0,Pri/Sec,2.0,Southern Melbourne,3 bedroom house,2025-03-01,1100.0,790.0
Brighton,SKYBUS,3.0,Pri/Sec,2.0,Southern Melbourne,4 bedroom house,2025-03-01,1600.0,1075.0
Brighton,SKYBUS,3.0,Pri/Sec,2.0,Southern Melbourne,All properties,2025-03-01,725.0,610.0
Brighton,SKYBUS,3.0,Primary,5.0,Southern Melbourne,1 bedroom flat,2025-03-01,450.0,433.0
Brighton,SKYBUS,3.0,Primary,5.0,Southern Melbourne,2 bedroom flat,2025-03-01,640.0,598.0
Brighton,SKYBUS,3.0,Primary,5.0,Southern Melbourne,2 bedroom house,2025-03-01,750.0,620.0
Brighton,SKYBUS,3.0,Primary,5.0,Southern Melbourne,3 bedroom flat,2025-03-01,950.0,760.0
Brighton,SKYBUS,3.0,Primary,5.0,Southern Melbourne,3 bedroom house,2025-03-01,1100.0,790.0
Brighton,SKYBUS,3.0,Primary,5.0,Southern Melbourne,4 bedroom house,2025-03-01,1600.0,1075.0
Brighton,SKYBUS,3.0,Primary,5.0,Southern Melbourne,All properties,2025-03-01,725.0,610.0
Brighton,SKYBUS,3.0,Secondary,1.0,Southern Melbourne,1 bedroom flat,2025-03-01,450.0,433.0
Brighton,SKYBUS,3.0,Secondary,1.0,Southern Melbourne,2 bedroom flat,2025-03-01,640.0,598.0
Brighton,SKYBUS,3.0,Secondary,1.0,Southern Melbourne,2 bedroom house,2025-03-01,750.0,620.0
Brighton,SKYBUS,3.0,Secondary,1.0,Southern Melbourne,3 bedroom flat,2025-03-01,950.0,760.0
Brighton,SKYBUS,3.0,Secondary,1.0,Southern Melbourne,3 bedroom house,2025-03-01,1100.0,790.0
Brighton,SKYBUS,3.0,Secondary,1.0,Southern Melbourne,4 bedroom house,2025-03-01,1600.0,1075.0
Brighton,SKYBUS,3.0,Secondary,1.0,Southern Melbourne,All properties,2025-03-01,725.0,610.0
Brighton East,METRO BUS,48.0,Pri/Sec,1.0,Southern Melbourne,1 bedroom flat,2025-03-01,265.0,433.0
Brighton East,METRO BUS,48.0,Pri/Sec,1.0,Southern Melbourne,2 bedroom flat,2025-03-01,620.0,598.0
Brighton East,METRO BUS,48.0,Pri/Sec,1.0,Southern Melbourne,2 bedroom house,2025-03-01,650.0,620.0
Brighton East,METRO BUS,48.0,Pri/Sec,1.0,Southern Melbourne,3 bedroom flat,2025-03-01,725.0,760.0
Brighton East,METRO BUS,48.0,Pri/Sec,1.0,Southern Melbourne,3 bedroom house,2025-03-01,900.0,790.0
Brighton East,METRO BUS,48.0,Pri/Sec,1.0,Southern Melbourne,4 bedroom house,2025-03-01,1400.0,1075.0
Brighton East,METRO BUS,48.0,Pri/Sec,1.0,Southern Melbourne,All properties,2025-03-01,845.0,610.0
Brighton East,METRO BUS,48.0,Primary,2.0,Southern Melbourne,1 bedroom flat,2025-03-01,265.0,433.0
Brighton East,METRO BUS,48.0,Primary,2.0,Southern Melbourne,2 bedroom flat,2025-03-01,620.0,598.0
Brighton East,METRO BUS,48.0,Primary,2.0,Southern Melbourne,2 bedroom house,2025-03-01,650.0,620.0
Brighton East,METRO BUS,48.0,Primary,2.0,Southern Melbourne,3 bedroom flat,2025-03-01,725.0,760.0
Brighton East,METRO BUS,48.0,Primary,2.0,Southern Melbourne,3 bedroom house,2025-03-01,900.0,790.0
Brighton East,METRO BUS,48.0,Primary,2.0,Southern Melbourne,4 bedroom house,2025-03-01,1400.0,1075.0
Brighton East,METRO BUS,48.0,Primary,2.0,Southern Melbourne,All properties,2025-03-01,845.0,610.0
Brighton East,METRO BUS,48.0,Secondary,1.0,Southern Melbourne,1 bedroom flat,2025-03-01,265.0,433.0
Brighton East,METRO BUS,48.0,Secondary,1.0,Southern Melbourne,2 bedroom flat,2025-03-01,620.0,598.0
Brighton East,METRO BUS,48.0,Secondary,1.0,Southern Melbourne,2 bedroom house,2025-03-01,650.0,620.0
Brighton East,METRO BUS,48.0,Secondary,1.0,Southern Melbourne,3 bedroom flat,2025-03-01,725.0,760.0
Brighton East,METRO BUS,48.0,Secondary,1.0,Southern Melbourne,3 bedroom house,2025-03-01,900.0,790.0
Brighton East,METRO BUS,48.0,Secondary,1.0,Southern Melbourne,4 bedroom house,2025-03-01,1400.0,1075.0
Brighton East,METRO BUS,48.0,Secondary,1.0,Southern Melbourne,All properties,2025-03-01,845.0,610.0
Brighton East,METRO TRAM,7.0,Pri/Sec,1.0,Southern Melbourne,1 bedroom flat,2025-03-01,265.0,433.0
Brighton East,METRO TRAM,7.0,Pri/Sec,1.0,Southern Melbourne,2 bedroom flat,2025-03-01,620.0,598.0
Brighton East,METRO TRAM,7.0,Pri/Sec,1.0,Southern Melbourne,2 bedroom house,2025-03-01,650.0,620.0
Brighton East,METRO TRAM,7.0,Pri/Sec,1.0,Southern Melbourne,3 bedroom flat,2025-03-01,725.0,760.0
Brighton East,METRO TRAM,7.0,Pri/Sec,1.0,Southern Melbourne,3 bedroom house,2025-03-01,900.0,790.0
Brighton East,METRO TRAM,7.0,Pri/Sec,1.0,Southern Melbourne,4 bedroom house,2025-03-01,1400.0,1075.0
Brighton East,METRO TRAM,7.0,Pri/Sec,1.0,Southern Melbourne,All properties,2025-03-01,845.0,610.0
Brighton East,METRO TRAM,7.0,Primary,2.0,Southern Melbourne,1 bedroom flat,2025-03-01,265.0,433.0
Brighton East,METRO TRAM,7.0,Primary,2.0,Southern Melbourne,2 bedroom flat,2025-03-01,620.0,598.0
Brighton East,METRO TRAM,7.0,Primary,2.0,Southern Melbourne,2 bedroom house,2025-03-01,650.0,620.0
Brighton East,METRO TRAM,7.0,Primary,2.0,Southern Melbourne,3 bedroom flat,2025-03-01,725.0,760.0
Brighton East,METRO TRAM,7.0,Primary,2.0,Southern Melbourne,3 bedroom house,2025-03-01,900.0,790.0
Brighton East,METRO TRAM,7.0,Primary,2.0,Southern Melbourne,4 bedroom house,2025-03-01,1400.0,1075.0
Brighton East,METRO TRAM,7.0,Primary,2.0,Southern Melbourne,All properties,2025-03-01,845.0,610.0
Brighton East,METRO TRAM,7.0,Secondary,1.0,Southern Melbourne,1 bedroom flat,2025-03-01,265.0,433.0
Brighton East,METRO TRAM,7.0,Secondary,1.0,Southern Melbourne,2 bedroom flat,2025-03-01,620.0,598.0
Brighton East,METRO TRAM,7.0,Secondary,1.0,Southern Melbourne,2 bedroom house,2025-03-01,650.0,620.0
Brighton East,METRO TRAM,7.0,Secondary,1.0,Southern Melbourne,3 bedroom flat,2025-03-01,725.0,760.0
Brighton East,METRO TRAM,7.0,Secondary,1.0,Southern Melbourne,3 bedroom house,2025-03-01,900.0,790.0
Brighton East,METRO TRAM,7.0,Secondary,1.0,Southern Melbourne,4 bedroom house,2025-03-01,1400.0,1075.0
Brighton East,METRO TRAM,7.0,Secondary,1.0,Southern Melbourne,All properties,2025-03-01,845.0,610.0
Brim,REGIONAL BUS,1.0,,,,,,,
Brim,REGIONAL COACH,1.0,,,,,,,
Brimboal,,,,,,,,,
Brimin,,,,,,,,,
Brimpaen,,,,,,,,,
Bringalbert,,,,,,,,,
Brit Brit,,,,,,,,,
Broadford,REGIONAL COACH,1.0,Primary,1.0,,,,,
Broadford,REGIONAL COACH,1.0,Secondary,1.0,,,,,
Broadford,REGIONAL TRAIN,2.0,Primary,1.0,,,,,
Broadford,REGIONAL TRAIN,2.0,Secondary,1.0,,,,,
Broadlands,,,,,,,,,
Broadmeadows,METRO BUS,50.0,Pri/Sec,2.0,,,,,
Broadmeadows,METRO BUS,50.0,Primary,4.0,,,,,
Broadmeadows,METRO BUS,50.0,Secondary,2.0,,,,,
Broadmeadows,METRO BUS,50.0,Special,1.0,,,,,
Broadmeadows,METRO TRAIN,3.0,Pri/Sec,2.0,,,,,
Broadmeadows,METRO TRAIN,3.0,Primary,4.0,,,,,
Broadmeadows,METRO TRAIN,3.0,Secondary,2.0,,,,,
Broadmeadows,METRO TRAIN,3.0,Special,1.0,,,,,
Broadmeadows,REGIONAL COACH,1.0,Pri/Sec,2.0,,,,,
Broadmeadows,REGIONAL COACH,1.0,Primary,4.0,,,,,
Broadmeadows,REGIONAL COACH,1.0,Secondary,2.0,,,,,
Broadmeadows,REGIONAL COACH,1.0,Special,1.0,,,,,
Broadmeadows,REGIONAL TRAIN,2.0,Pri/Sec,2.0,,,,,
Broadmeadows,REGIONAL TRAIN,2.0,Primary,4.0,,,,,
Broadmeadows,REGIONAL TRAIN,2.0,Secondary,2.0,,,,,
Broadmeadows,REGIONAL TRAIN,2.0,Special,1.0,,,,,
Broadwater,,,,,,,,,
Brodribb River,,,,,,,,,
Broken Creek,,,Primary,1.0,,,,,
Bromley,,,,,,,,,
Brookfield,METRO BUS,15.0,Pri/Sec,1.0,,,,,
Brookfield,METRO BUS,15.0,Primary,1.0,,,,,
Brooklyn,METRO BUS,19.0,Primary,1.0,,,,,
Brookville,,,,,,,,,
Broomfield,REGIONAL COACH,1.0,,,,,,,
Broughton,,,,,,,,,
Brown Hill,REGIONAL BUS,13.0,Primary,1.0,,,,,
Browns Plains,,,,,,,,,
Bruarong,,,,,,,,,
Brucknell,,,,,,,,,
Brumby,,,,,,,,,
Brunswick,METRO BUS,63.0,Primary,2.0,North Western Melbourne,1 bedroom flat,2025-03-01,460.0,420.0
Brunswick,METRO BUS,63.0,Primary,2.0,North Western Melbourne,2 bedroom flat,2025-03-01,590.0,500.0
Brunswick,METRO BUS,63.0,Primary,2.0,North Western Melbourne,2 bedroom house,2025-03-01,650.0,532.0
Brunswick,METRO BUS,63.0,Primary,2.0,North Western Melbourne,3 bedroom flat,2025-03-01,810.0,610.0
Brunswick,METRO BUS,63.0,Primary,2.0,North Western Melbourne,3 bedroom house,2025-03-01,830.0,620.0
Brunswick,METRO BUS,63.0,Primary,2.0,North Western Melbourne,4 bedroom house,2025-03-01,1045.0,795.0
Brunswick,METRO BUS,63.0,Primary,2.0,North Western Melbourne,All properties,2025-03-01,595.0,550.0
Brunswick,METRO BUS,63.0,Secondary,2.0,North Western Melbourne,1 bedroom flat,2025-03-01,460.0,420.0
Brunswick,METRO BUS,63.0,Secondary,2.0,North Western Melbourne,2 bedroom flat,2025-03-01,590.0,500.0
Brunswick,METRO BUS,63.0,Secondary,2.0,North Western Melbourne,2 bedroom house,2025-03-01,650.0,532.0
Brunswick,METRO BUS,63.0,Secondary,2.0,North Western Melbourne,3 bedroom flat,2025-03-01,810.0,610.0
Brunswick,METRO BUS,63.0,Secondary,2.0,North Western Melbourne,3 bedroom house,2025-03-01,830.0,620.0
Brunswick,METRO BUS,63.0,Secondary,2.0,North Western Melbourne,4 bedroom house,2025-03-01,1045.0,795.0
Brunswick,METRO BUS,63.0,Secondary,2.0,North Western Melbourne,All properties,2025-03-01,595.0,550.0
Brunswick,METRO TRAIN,9.0,Primary,2.0,North Western Melbourne,1 bedroom flat,2025-03-01,460.0,420.0
Brunswick,METRO TRAIN,9.0,Primary,2.0,North Western Melbourne,2 bedroom flat,2025-03-01,590.0,500.0
Brunswick,METRO TRAIN,9.0,Primary,2.0,North Western Melbourne,2 bedroom house,2025-03-01,650.0,532.0
Brunswick,METRO TRAIN,9.0,Primary,2.0,North Western Melbourne,3 bedroom flat,2025-03-01,810.0,610.0
Brunswick,METRO TRAIN,9.0,Primary,2.0,North Western Melbourne,3 bedroom house,2025-03-01,830.0,620.0
Brunswick,METRO TRAIN,9.0,Primary,2.0,North Western Melbourne,4 bedroom house,2025-03-01,1045.0,795.0
Brunswick,METRO TRAIN,9.0,Primary,2.0,North Western Melbourne,All properties,2025-03-01,595.0,550.0
Brunswick,METRO TRAIN,9.0,Secondary,2.0,North Western Melbourne,1 bedroom flat,2025-03-01,460.0,420.0
Brunswick,METRO TRAIN,9.0,Secondary,2.0,North Western Melbourne,2 bedroom flat,2025-03-01,590.0,500.0
Brunswick,METRO TRAIN,9.0,Secondary,2.0,North Western Melbourne,2 bedroom house,2025-03-01,650.0,532.0
Brunswick,METRO TRAIN,9.0,Secondary,2.0,North Western Melbourne,3 bedroom flat,2025-03-01,810.0,610.0
Brunswick,METRO TRAIN,9.0,Secondary,2.0,North Western Melbourne,3 bedroom house,2025-03-01,830.0,620.0
Brunswick,METRO TRAIN,9.0,Secondary,2.0,North Western Melbourne,4 bedroom house,2025-03-01,1045.0,795.0
Brunswick,METRO TRAIN,9.0,Secondary,2.0,North Western Melbourne,All properties,2025-03-01,595.0,550.0
Brunswick,METRO TRAM,20.0,Primary,2.0,North Western Melbourne,1 bedroom flat,2025-03-01,460.0,420.0
Brunswick,METRO TRAM,20.0,Primary,2.0,North Western Melbourne,2 bedroom flat,2025-03-01,590.0,500.0
Brunswick,METRO TRAM,20.0,Primary,2.0,North Western Melbourne,2 bedroom house,2025-03-01,650.0,532.0
Brunswick,METRO TRAM,20.0,Primary,2.0,North Western Melbourne,3 bedroom flat,2025-03-01,810.0,610.0
Brunswick,METRO TRAM,20.0,Primary,2.0,North Western Melbourne,3 bedroom house,2025-03-01,830.0,620.0
Brunswick,METRO TRAM,20.0,Primary,2.0,North Western Melbourne,4 bedroom house,2025-03-01,1045.0,795.0
Brunswick,METRO TRAM,20.0,Primary,2.0,North Western Melbourne,All properties,2025-03-01,595.0,550.0
Brunswick,METRO TRAM,20.0,Secondary,2.0,North Western Melbourne,1 bedroom flat,2025-03-01,460.0,420.0
Brunswick,METRO TRAM,20.0,Secondary,2.0,North Western Melbourne,2 bedroom flat,2025-03-01,590.0,500.0
Brunswick,METRO TRAM,20.0,Secondary,2.0,North Western Melbourne,2 bedroom house,2025-03-01,650.0,532.0
Brunswick,METRO TRAM,20.0,Secondary,2.0,North Western Melbourne,3 bedroom flat,2025-03-01,810.0,610.0
Brunswick,METRO TRAM,20.0,Secondary,2.0,North Western Melbourne,3 bedroom house,2025-03-01,830.0,620.0
Brunswick,METRO TRAM,20.0,Secondary,2.0,North Western Melbourne,4 bedroom house,2025-03-01,1045.0,795.0
Brunswick,METRO TRAM,20.0,Secondary,2.0,North Western Melbourne,All properties,2025-03-01,595.0,550.0
Brunswick East,METRO BUS,22.0,Primary,3.0,,,,,
Brunswick East,METRO TRAM,13.0,Primary,3.0,,,,,
Brunswick West,METRO BUS,58.0,Primary,3.0,,,,,
Brunswick West,METRO TRAM,12.0,Primary,3.0,,,,,
Bruthen,REGIONAL BUS,2.0,Primary,1.0,,,,,
Buangor,REGIONAL COACH,1.0,Primary,1.0,,,,,
Buchan,REGIONAL BUS,1.0,Primary,1.0,,,,,
Buchan South,REGIONAL BUS,2.0,,,,,,,
Buckland,,,,,,,,,
Buckley,,,,,,,,,
Buckley Swamp,,,,,,,,,
Buckrabanyule,,,,,,,,,
Budgee Budgee,,,,,,,,,
Budgeree,,,,,,,,,
Budgerum East,,,,,,,,,
Buffalo,REGIONAL COACH,1.0,,,,,,,
Buffalo River,,,,,,,,,
Bulart,,,,,,,,,
Buldah,,,,,,,,,
Bulga,,,,,,,,,
Bulgana,,,,,,,,,
Bulla,METRO BUS,2.0,,,,,,,
Bullaharre,,,,,,,,,
Bullarook,,,,,,,,,
Bullarto,REGIONAL COACH,1.0,Primary,1.0,,,,,
Bullarto South,,,,,,,,,
Bulleen,METRO BUS,41.0,Primary,1.0,,,,,
Bulleen,METRO BUS,41.0,Secondary,1.0,,,,,
Bulleen,METRO BUS,41.0,Special,1.0,,,,,
Bullengarook,REGIONAL BUS,1.0,,,,,,,
Bullioh,,,,,,,,,
Bullumwaal,,,,,,,,,
Buln Buln,REGIONAL BUS,1.0,Primary,1.0,,,,,
Buln Buln East,,,,,,,,,
Bumberrah,,,,,,,,,
Bunbartha,REGIONAL COACH,2.0,,,,,,,
Bundalaguah,,,Primary,1.0,,,,,
Bundalong,REGIONAL BUS,1.0,,,,,,,
Bundalong South,,,,,,,,,
Bundara,,,,,,,,,
Bunding,,,,,,,,,
Bundoora,METRO BUS,80.0,Pri/Sec,1.0,,,,,
Bundoora,METRO BUS,80.0,Primary,3.0,,,,,
Bundoora,METRO BUS,80.0,Secondary,2.0,,,,,
Bundoora,METRO BUS,80.0,Special,1.0,,,,,
Bundoora,METRO TRAM,15.0,Pri/Sec,1.0,,,,,
Bundoora,METRO TRAM,15.0,Primary,3.0,,,,,
Bundoora,METRO TRAM,15.0,Secondary,2.0,,,,,
Bundoora,METRO TRAM,15.0,Special,1.0,,,,,
Bundoora,REGIONAL COACH,2.0,Pri/Sec,1.0,,,,,
Bundoora,REGIONAL COACH,2.0,Primary,3.0,,,,,
Bundoora,REGIONAL COACH,2.0,Secondary,2.0,,,,,
Bundoora,REGIONAL COACH,2.0,Special,1.0,,,,,
Bung Bong,,,,,,,,,
Bungador,,,,,,,,,
Bungal,,,,,,,,,
Bungalally,,,,,,,,,
Bungaree,REGIONAL BUS,2.0,Primary,1.0,,,,,
Bungeet,,,,,,,,,
Bungeet West,,,,,,,,,
Bungil,,,,,,,,,
Bunguluke,,,,,,,,,
Buninyong,REGIONAL BUS,11.0,Primary,1.0,,,,,
Buninyong,REGIONAL COACH,1.0,Primary,1.0,,,,,
Bunkers Hill,,,,,,,,,
Bunyip,REGIONAL BUS,1.0,Primary,2.0,,,,,
Bunyip,REGIONAL COACH,1.0,Primary,2.0,,,,,
Bunyip,REGIONAL TRAIN,2.0,Primary,2.0,,,,,
Bunyip North,,,,,,,,,
Buragwonduc,,,,,,,,,
Burkes Bridge,,,,,,,,,
Burkes Flat,,,,,,,,,
Burnbank,,,,,,,,,
Burnewang,,,,,,,,,
Burnley,METRO BUS,1.0,,,,,,,
Burnley,METRO TRAIN,3.0,,,,,,,
Burnley,METRO TRAM,2.0,,,,,,,
Burnside,METRO BUS,12.0,Primary,1.0,,,,,
Burnside Heights,METRO BUS,9.0,Primary,1.0,,,,,
Burramboot,,,,,,,,,
Burramine,REGIONAL COACH,1.0,,,,,,,
Burramine South,,,,,,,,,
Burrowye,,,,,,,,,
Burrumbeet,REGIONAL BUS,2.0,,,,,,,
Burrumbeet,REGIONAL COACH,2.0,,,,,,,
Burwood,METRO BUS,52.0,Pri/Sec,2.0,,,,,
Burwood,METRO BUS,52.0,Primary,2.0,,,,,
Burwood,METRO TRAM,17.0,Pri/Sec,2.0,,,,,
Burwood,METRO TRAM,17.0,Primary,2.0,,,,,
Burwood East,METRO BUS,42.0,Language,1.0,,,,,
Burwood East,METRO BUS,42.0,Primary,2.0,,,,,
Burwood East,METRO BUS,42.0,Secondary,1.0,,,,,
Burwood East,METRO BUS,42.0,Special,1.0,,,,,
Burwood East,METRO TRAM,9.0,Language,1.0,,,,,
Burwood East,METRO TRAM,9.0,Primary,2.0,,,,,
Burwood East,METRO TRAM,9.0,Secondary,1.0,,,,,
Burwood East,METRO TRAM,9.0,Special,1.0,,,,,
Bushfield,,,,,,,,,
Bushy Park,,,,,,,,,
Butchers Ridge,REGIONAL BUS,1.0,,,,,,,
Buxton,METRO BUS,2.0,Primary,1.0,,,,,
Buxton,REGIONAL BUS,1.0,Primary,1.0,,,,,
Byaduk,REGIONAL COACH,1.0,,,,,,,
Byaduk North,REGIONAL COACH,1.0,,,,,,,
Byawatha,,,,,,,,,
Bylands,,,,,,,,,
Byrneside,REGIONAL BUS,1.0,,,,,,,
Cabarita,REGIONAL BUS,5.0,Primary,1.0,,,,,
Cabbage Tree,,,,,,,,,
Cabbage Tree Creek,REGIONAL COACH,1.0,,,,,,,
Cadello,,,,,,,,,
Cairnlea,METRO BUS,14.0,Primary,1.0,,,,,
Cairnlea,METRO BUS,14.0,Secondary,1.0,,,,,
Calder Park,,,,,,,,,
Caldermeade,,,,,,,,,
California Gully,REGIONAL BUS,14.0,Primary,1.0,,,,,
Calivil,,,,,,,,,
Callawadda,REGIONAL BUS,2.0,,,,,,,
Callignee,,,,,,,,,
Callignee North,,,,,,,,,
Callignee South,,,,,,,,,
Calrossie,,,,,,,,,
Calulu,,,,,,,,,
Cambarville,,,,,,,,,
Camberwell,METRO BUS,40.0,Primary,3.0,,,,,
Camberwell,METRO BUS,40.0,Secondary,2.0,,,,,
Camberwell,METRO TRAIN,11.0,Primary,3.0,,,,,
Camberwell,METRO TRAIN,11.0,Secondary,2.0,,,,,
Camberwell,METRO TRAM,58.0,Primary,3.0,,,,,
Camberwell,METRO TRAM,58.0,Secondary,2.0,,,,,
Cambrian Hill,,,,,,,,,
Campbellfield,METRO BUS,35.0,Primary,1.0,,,,,
Campbellfield,METRO TRAIN,1.0,Primary,1.0,,,,,
Campbellfield,REGIONAL COACH,1.0,Primary,1.0,,,,,
Campbells Bridge,REGIONAL BUS,2.0,,,,,,,
Campbells Creek,REGIONAL BUS,11.0,Pri/Sec,1.0,,,,,
Campbells Creek,REGIONAL BUS,11.0,Primary,1.0,,,,,
Campbells Forest,,,,,,,,,
Campbelltown,REGIONAL COACH,1.0,,,,,,,
Camperdown,REGIONAL BUS,4.0,Pri/Sec,1.0,,,,,
Camperdown,REGIONAL BUS,4.0,Primary,1.0,,,,,
Camperdown,REGIONAL BUS,4.0,Secondary,1.0,,,,,
Camperdown,REGIONAL COACH,1.0,Pri/Sec,1.0,,,,,
Camperdown,REGIONAL COACH,1.0,Primary,1.0,,,,,
Camperdown,REGIONAL COACH,1.0,Secondary,1.0,,,,,
Camperdown,REGIONAL TRAIN,2.0,Pri/Sec,1.0,,,,,
Camperdown,REGIONAL TRAIN,2.0,Primary,1.0,,,,,
Camperdown,REGIONAL TRAIN,2.0,Secondary,1.0,,,,,
Canadian,REGIONAL BUS,10.0,Primary,1.0,,,,,
Canary Island,,,,,,,,,
Caniambo,,,,,,,,,
Cann River,REGIONAL COACH,1.0,Pri/Sec,1.0,,,,,
Cannie,,,,,,,,,
Cannons Creek,METRO BUS,4.0,,,,,,,
Cannum,,,,,,,,,
Canterbury,METRO BUS,17.0,Pri/Sec,3.0,,,,,
Canterbury,METRO BUS,17.0,Primary,1.0,,,,,
Canterbury,METRO BUS,17.0,Secondary,1.0,,,,,
Canterbury,METRO TRAIN,2.0,Pri/Sec,3.0,,,,,
Canterbury,METRO TRAIN,2.0,Primary,1.0,,,,,
Canterbury,METRO TRAIN,2.0,Secondary,1.0,,,,,
Canterbury,METRO TRAM,2.0,Pri/Sec,3.0,,,,,
Canterbury,METRO TRAM,2.0,Primary,1.0,,,,,
Canterbury,METRO TRAM,2.0,Secondary,1.0,,,,,
Cape Bridgewater,,,,,,,,,
Cape Clear,,,Primary,1.0,,,,,
Cape Conran,,,,,,,,,
Cape Otway,,,,,,,,,
Cape Paterson,REGIONAL BUS,10.0,,,,,,,
Cape Paterson,REGIONAL COACH,1.0,,,,,,,
Cape Schanck,,,,,,,,,
Cape Woolamai,REGIONAL BUS,4.0,,,,,,,
Capel Sound,METRO BUS,23.0,Primary,1.0,,,,,
Capels Crossing,,,,,,,,,
Carag Carag,,,,,,,,,
Caralulup,,,,,,,,,
Caramut,REGIONAL COACH,1.0,,,,,,,
Carapooee,,,,,,,,,
Carapooee West,,,,,,,,,
Carapook,,,,,,,,,
Carboor,,,,,,,,,
Cardigan,,,,,,,,,
Cardigan Village,,,,,,,,,
Cardinia,,,Primary,1.0,,,,,
Cardross,,,Primary,1.0,,,,,
Cargerie,,,,,,,,,
Carina,,,,,,,,,
Caringal,,,,,,,,,
Carisbrook,REGIONAL BUS,1.0,Primary,1.0,,,,,
Carisbrook,REGIONAL COACH,1.0,Primary,1.0,,,,,
Carlisle River,,,Primary,1.0,,,,,
Carlsruhe,REGIONAL BUS,1.0,,,,,,,
Carlton,METRO BUS,27.0,Primary,2.0,,,,,
Carlton,METRO TRAM,11.0,Primary,2.0,,,,,
Carlton North,METRO BUS,16.0,Primary,1.0,Inner Melbourne,1 bedroom flat,2025-03-01,420.0,500.0
Carlton North,METRO BUS,16.0,Primary,1.0,Inner Melbourne,2 bedroom flat,2025-03-01,575.0,658.0
Carlton North,METRO BUS,16.0,Primary,1.0,Inner Melbourne,2 bedroom house,2025-03-01,730.0,742.0
Carlton North,METRO BUS,16.0,Primary,1.0,Inner Melbourne,3 bedroom flat,2025-03-01,760.0,950.0
Carlton North,METRO BUS,16.0,Primary,1.0,Inner Melbourne,3 bedroom house,2025-03-01,900.0,973.0
Carlton North,METRO BUS,16.0,Primary,1.0,Inner Melbourne,4 bedroom house,2024-12-01,1350.0,1325.0
Carlton North,METRO BUS,16.0,Primary,1.0,Inner Melbourne,All properties,2025-03-01,720.0,640.0
Carlton North,METRO TRAM,12.0,Primary,1.0,Inner Melbourne,1 bedroom flat,2025-03-01,420.0,500.0
Carlton North,METRO TRAM,12.0,Primary,1.0,Inner Melbourne,2 bedroom flat,2025-03-01,575.0,658.0
Carlton North,METRO TRAM,12.0,Primary,1.0,Inner Melbourne,2 bedroom house,2025-03-01,730.0,742.0
Carlton North,METRO TRAM,12.0,Primary,1.0,Inner Melbourne,3 bedroom flat,2025-03-01,760.0,950.0
Carlton North,METRO TRAM,12.0,Primary,1.0,Inner Melbourne,3 bedroom house,2025-03-01,900.0,973.0
Carlton North,METRO TRAM,12.0,Primary,1.0,Inner Melbourne,4 bedroom house,2024-12-01,1350.0,1325.0
Carlton North,METRO TRAM,12.0,Primary,1.0,Inner Melbourne,All properties,2025-03-01,720.0,640.0
Carlyle,,,,,,,,,
Carnegie,METRO BUS,39.0,Primary,3.0,Southern Melbourne,1 bedroom flat,2025-03-01,400.0,433.0
Carnegie,METRO BUS,39.0,Primary,3.0,Southern Melbourne,2 bedroom flat,2025-03-01,590.0,598.0
Carnegie,METRO BUS,39.0,Primary,3.0,Southern Melbourne,2 bedroom house,2025-03-01,595.0,620.0
Carnegie,METRO BUS,39.0,Primary,3.0,Southern Melbourne,3 bedroom flat,2025-03-01,750.0,760.0
Carnegie,METRO BUS,39.0,Primary,3.0,Southern Melbourne,3 bedroom house,2025-03-01,745.0,790.0
Carnegie,METRO BUS,39.0,Primary,3.0,Southern Melbourne,4 bedroom house,2025-03-01,1000.0,1075.0
Carnegie,METRO BUS,39.0,Primary,3.0,Southern Melbourne,All properties,2025-03-01,550.0,610.0
Carnegie,METRO TRAIN,3.0,Primary,3.0,Southern Melbourne,1 bedroom flat,2025-03-01,400.0,433.0
Carnegie,METRO TRAIN,3.0,Primary,3.0,Southern Melbourne,2 bedroom flat,2025-03-01,590.0,598.0
Carnegie,METRO TRAIN,3.0,Primary,3.0,Southern Melbourne,2 bedroom house,2025-03-01,595.0,620.0
Carnegie,METRO TRAIN,3.0,Primary,3.0,Southern Melbourne,3 bedroom flat,2025-03-01,750.0,760.0
Carnegie,METRO TRAIN,3.0,Primary,3.0,Southern Melbourne,3 bedroom house,2025-03-01,745.0,790.0
Carnegie,METRO TRAIN,3.0,Primary,3.0,Southern Melbourne,4 bedroom house,2025-03-01,1000.0,1075.0
Carnegie,METRO TRAIN,3.0,Primary,3.0,Southern Melbourne,All properties,2025-03-01,550.0,610.0
Carnegie,METRO TRAM,8.0,Primary,3.0,Southern Melbourne,1 bedroom flat,2025-03-01,400.0,433.0
Carnegie,METRO TRAM,8.0,Primary,3.0,Southern Melbourne,2 bedroom flat,2025-03-01,590.0,598.0
Carnegie,METRO TRAM,8.0,Primary,3.0,Southern Melbourne,2 bedroom house,2025-03-01,595.0,620.0
Carnegie,METRO TRAM,8.0,Primary,3.0,Southern Melbourne,3 bedroom flat,2025-03-01,750.0,760.0
Carnegie,METRO TRAM,8.0,Primary,3.0,Southern Melbourne,3 bedroom house,2025-03-01,745.0,790.0
Carnegie,METRO TRAM,8.0,Primary,3.0,Southern Melbourne,4 bedroom house,2025-03-01,1000.0,1075.0
Carnegie,METRO TRAM,8.0,Primary,3.0,Southern Melbourne,All properties,2025-03-01,550.0,610.0
Carngham,,,,,,,,,
Caroline Springs,METRO BUS,57.0,Pri/Sec,3.0,,,,,
Caroline Springs,METRO BUS,57.0,Primary,3.0,,,,,
Caroline Springs,METRO BUS,57.0,Secondary,2.0,,,,,
Carpendeit,,,,,,,,,
Carrajung,,,,,,,,,
Carrajung Lower,REGIONAL BUS,2.0,,,,,,,
Carrajung South,,,,,,,,,
Carranballac,,,,,,,,,
Carron,,,,,,,,,
Carrum,METRO BUS,19.0,Primary,1.0,,,,,
Carrum,METRO TRAIN,2.0,Primary,1.0,,,,,
Carrum Downs,METRO BUS,74.0,Primary,3.0,,,,,
Carrum Downs,METRO BUS,74.0,Secondary,1.0,,,,,
Carwarp,,,,,,,,,
Cashmore,,,,,,,,,
Cassilis,,,,,,,,,
Castella,,,,,,,,,
Casterton,REGIONAL COACH,2.0,Primary,2.0,,,,,
Casterton,REGIONAL COACH,2.0,Secondary,1.0,,,,,
Castle Creek,,,,,,,,,
Castle Donnington,,,,,,,,,
Castlemaine,REGIONAL BUS,35.0,Primary,4.0,Other Regional Centres,1 bedroom flat,2024-12-01,300.0,275.0
Castlemaine,REGIONAL BUS,35.0,Primary,4.0,Other Regional Centres,2 bedroom flat,2025-03-01,385.0,360.0
Castlemaine,REGIONAL BUS,35.0,Primary,4.0,Other Regional Centres,2 bedroom house,2025-03-01,430.0,385.0
Castlemaine,REGIONAL BUS,35.0,Primary,4.0,Other Regional Centres,3 bedroom flat,2014-12-01,300.0,450.0
Castlemaine,REGIONAL BUS,35.0,Primary,4.0,Other Regional Centres,3 bedroom house,2025-03-01,480.0,450.0
Castlemaine,REGIONAL BUS,35.0,Primary,4.0,Other Regional Centres,4 bedroom house,2025-03-01,550.0,555.0
Castlemaine,REGIONAL BUS,35.0,Primary,4.0,Other Regional Centres,All properties,2025-03-01,460.0,440.0
Castlemaine,REGIONAL BUS,35.0,Secondary,1.0,Other Regional Centres,1 bedroom flat,2024-12-01,300.0,275.0
Castlemaine,REGIONAL BUS,35.0,Secondary,1.0,Other Regional Centres,2 bedroom flat,2025-03-01,385.0,360.0
Castlemaine,REGIONAL BUS,35.0,Secondary,1.0,Other Regional Centres,2 bedroom house,2025-03-01,430.0,385.0
Castlemaine,REGIONAL BUS,35.0,Secondary,1.0,Other Regional Centres,3 bedroom flat,2014-12-01,300.0,450.0
Castlemaine,REGIONAL BUS,35.0,Secondary,1.0,Other Regional Centres,3 bedroom house,2025-03-01,480.0,450.0
Castlemaine,REGIONAL BUS,35.0,Secondary,1.0,Other Regional Centres,4 bedroom house,2025-03-01,550.0,555.0
Castlemaine,REGIONAL BUS,35.0,Secondary,1.0,Other Regional Centres,All properties,2025-03-01,460.0,440.0
Castlemaine,REGIONAL COACH,2.0,Primary,4.0,Other Regional Centres,1 bedroom flat,2024-12-01,300.0,275.0
Castlemaine,REGIONAL COACH,2.0,Primary,4.0,Other Regional Centres,2 bedroom flat,2025-03-01,385.0,360.0
Castlemaine,REGIONAL COACH,2.0,Primary,4.0,Other Regional Centres,2 bedroom house,2025-03-01,430.0,385.0
Castlemaine,REGIONAL COACH,2.0,Primary,4.0,Other Regional Centres,3 bedroom flat,2014-12-01,300.0,450.0
Castlemaine,REGIONAL COACH,2.0,Primary,4.0,Other Regional Centres,3 bedroom house,2025-03-01,480.0,450.0
Castlemaine,REGIONAL COACH,2.0,Primary,4.0,Other Regional Centres,4 bedroom house,2025-03-01,550.0,555.0
Castlemaine,REGIONAL COACH,2.0,Primary,4.0,Other Regional Centres,All properties,2025-03-01,460.0,440.0
Castlemaine,REGIONAL COACH,2.0,Secondary,1.0,Other Regional Centres,1 bedroom flat,2024-12-01,300.0,275.0
Castlemaine,REGIONAL COACH,2.0,Secondary,1.0,Other Regional Centres,2 bedroom flat,2025-03-01,385.0,360.0
Castlemaine,REGIONAL COACH,2.0,Secondary,1.0,Other Regional Centres,2 bedroom house,2025-03-01,430.0,385.0
Castlemaine,REGIONAL COACH,2.0,Secondary,1.0,Other Regional Centres,3 bedroom flat,2014-12-01,300.0,450.0
Castlemaine,REGIONAL COACH,2.0,Secondary,1.0,Other Regional Centres,3 bedroom house,2025-03-01,480.0,450.0
Castlemaine,REGIONAL COACH,2.0,Secondary,1.0,Other Regional Centres,4 bedroom house,2025-03-01,550.0,555.0
Castlemaine,REGIONAL COACH,2.0,Secondary,1.0,Other Regional Centres,All properties,2025-03-01,460.0,440.0
Castlemaine,REGIONAL TRAIN,2.0,Primary,4.0,Other Regional Centres,1 bedroom flat,2024-12-01,300.0,275.0
Castlemaine,REGIONAL TRAIN,2.0,Primary,4.0,Other Regional Centres,2 bedroom flat,2025-03-01,385.0,360.0
Castlemaine,REGIONAL TRAIN,2.0,Primary,4.0,Other Regional Centres,2 bedroom house,2025-03-01,430.0,385.0
Castlemaine,REGIONAL TRAIN,2.0,Primary,4.0,Other Regional Centres,3 bedroom flat,2014-12-01,300.0,450.0
Castlemaine,REGIONAL TRAIN,2.0,Primary,4.0,Other Regional Centres,3 bedroom house,2025-03-01,480.0,450.0
Castlemaine,REGIONAL TRAIN,2.0,Primary,4.0,Other Regional Centres,4 bedroom house,2025-03-01,550.0,555.0
Castlemaine,REGIONAL TRAIN,2.0,Primary,4.0,Other Regional Centres,All properties,2025-03-01,460.0,440.0
Castlemaine,REGIONAL TRAIN,2.0,Secondary,1.0,Other Regional Centres,1 bedroom flat,2024-12-01,300.0,275.0
Castlemaine,REGIONAL TRAIN,2.0,Secondary,1.0,Other Regional Centres,2 bedroom flat,2025-03-01,385.0,360.0
Castlemaine,REGIONAL TRAIN,2.0,Secondary,1.0,Other Regional Centres,2 bedroom house,2025-03-01,430.0,385.0
Castlemaine,REGIONAL TRAIN,2.0,Secondary,1.0,Other Regional Centres,3 bedroom flat,2014-12-01,300.0,450.0
Castlemaine,REGIONAL TRAIN,2.0,Secondary,1.0,Other Regional Centres,3 bedroom house,2025-03-01,480.0,450.0
Castlemaine,REGIONAL TRAIN,2.0,Secondary,1.0,Other Regional Centres,4 bedroom house,2025-03-01,550.0,555.0
Castlemaine,REGIONAL TRAIN,2.0,Secondary,1.0,Other Regional Centres,All properties,2025-03-01,460.0,440.0
Catani,,,,,,,,,
Cathcart,,,,,,,,,
Cathkin,,,,,,,,,
Catumnal,,,,,,,,,
Caulfield,METRO BUS,11.0,,,Southern Melbourne,1 bedroom flat,2025-03-01,495.0,433.0
Caulfield,METRO BUS,11.0,,,Southern Melbourne,2 bedroom flat,2025-03-01,600.0,598.0
Caulfield,METRO BUS,11.0,,,Southern Melbourne,2 bedroom house,2025-03-01,625.0,620.0
Caulfield,METRO BUS,11.0,,,Southern Melbourne,3 bedroom flat,2025-03-01,800.0,760.0
Caulfield,METRO BUS,11.0,,,Southern Melbourne,3 bedroom house,2025-03-01,850.0,790.0
Caulfield,METRO BUS,11.0,,,Southern Melbourne,4 bedroom house,2025-03-01,1200.0,1075.0
Caulfield,METRO BUS,11.0,,,Southern Melbourne,All properties,2025-03-01,650.0,610.0
Caulfield,METRO TRAM,14.0,,,Southern Melbourne,1 bedroom flat,2025-03-01,495.0,433.0
Caulfield,METRO TRAM,14.0,,,Southern Melbourne,2 bedroom flat,2025-03-01,600.0,598.0
Caulfield,METRO TRAM,14.0,,,Southern Melbourne,2 bedroom house,2025-03-01,625.0,620.0
Caulfield,METRO TRAM,14.0,,,Southern Melbourne,3 bedroom flat,2025-03-01,800.0,760.0
Caulfield,METRO TRAM,14.0,,,Southern Melbourne,3 bedroom house,2025-03-01,850.0,790.0
Caulfield,METRO TRAM,14.0,,,Southern Melbourne,4 bedroom house,2025-03-01,1200.0,1075.0
Caulfield,METRO TRAM,14.0,,,Southern Melbourne,All properties,2025-03-01,650.0,610.0
Caulfield East,METRO BUS,10.0,Secondary,1.0,,,,,
Caulfield East,METRO TRAIN,3.0,Secondary,1.0,,,,,
Caulfield East,METRO TRAM,2.0,Secondary,1.0,,,,,
Caulfield East,REGIONAL COACH,1.0,Secondary,1.0,,,,,
Caulfield East,REGIONAL TRAIN,2.0,Secondary,1.0,,,,,
Caulfield North,METRO BUS,25.0,Primary,1.0,,,,,
Caulfield North,METRO BUS,25.0,Secondary,1.0,,,,,
Caulfield North,METRO TRAIN,1.0,Primary,1.0,,,,,
Caulfield North,METRO TRAIN,1.0,Secondary,1.0,,,,,
Caulfield North,METRO TRAM,29.0,Primary,1.0,,,,,
Caulfield North,METRO TRAM,29.0,Secondary,1.0,,,,,
Caulfield South,METRO BUS,28.0,Pri/Sec,2.0,,,,,
Caulfield South,METRO BUS,28.0,Primary,2.0,,,,,
Caulfield South,METRO TRAM,17.0,Pri/Sec,2.0,,,,,
Caulfield South,METRO TRAM,17.0,Primary,2.0,,,,,
Caveat,,,,,,,,,
Cavendish,,,Primary,1.0,,,,,
Ceres,,,Primary,2.0,,,,,
Chadstone,METRO BUS,25.0,Secondary,1.0,,,,,
Chandlers Creek,,,,,,,,,
Chapel Flat,,,,,,,,,
Chapple Vale,,,,,,,,,
Charam,,,,,,,,,
Charlemont,REGIONAL BUS,12.0,Secondary,1.0,,,,,
Charleroi,,,,,,,,,
Charlton,REGIONAL BUS,1.0,Pri/Sec,1.0,,,,,
Charlton,REGIONAL BUS,1.0,Primary,1.0,,,,,
Charlton,REGIONAL COACH,1.0,Pri/Sec,1.0,,,,,
Charlton,REGIONAL COACH,1.0,Primary,1.0,,,,,
Chatsworth,,,,,,,,,
Chelsea,METRO BUS,19.0,Primary,2.0,,,,,
Chelsea,METRO TRAIN,2.0,Primary,2.0,,,,,
Chelsea,SKYBUS,2.0,Primary,2.0,,,,,
Chelsea Heights,METRO BUS,24.0,Primary,1.0,,,,,
Cheltenham,METRO BUS,88.0,Primary,5.0,Southern Melbourne,1 bedroom flat,2025-03-01,450.0,433.0
Cheltenham,METRO BUS,88.0,Primary,5.0,Southern Melbourne,2 bedroom flat,2025-03-01,550.0,598.0
Cheltenham,METRO BUS,88.0,Primary,5.0,Southern Melbourne,2 bedroom house,2025-03-01,578.0,620.0
Cheltenham,METRO BUS,88.0,Primary,5.0,Southern Melbourne,3 bedroom flat,2025-03-01,680.0,760.0
Cheltenham,METRO BUS,88.0,Primary,5.0,Southern Melbourne,3 bedroom house,2025-03-01,700.0,790.0
Cheltenham,METRO BUS,88.0,Primary,5.0,Southern Melbourne,4 bedroom house,2025-03-01,950.0,1075.0
Cheltenham,METRO BUS,88.0,Primary,5.0,Southern Melbourne,All properties,2025-03-01,620.0,610.0
Cheltenham,METRO BUS,88.0,Secondary,1.0,Southern Melbourne,1 bedroom flat,2025-03-01,450.0,433.0
Cheltenham,METRO BUS,88.0,Secondary,1.0,Southern Melbourne,2 bedroom flat,2025-03-01,550.0,598.0
Cheltenham,METRO BUS,88.0,Secondary,1.0,Southern Melbourne,2 bedroom house,2025-03-01,578.0,620.0
Cheltenham,METRO BUS,88.0,Secondary,1.0,Southern Melbourne,3 bedroom flat,2025-03-01,680.0,760.0
Cheltenham,METRO BUS,88.0,Secondary,1.0,Southern Melbourne,3 bedroom house,2025-03-01,700.0,790.0
Cheltenham,METRO BUS,88.0,Secondary,1.0,Southern Melbourne,4 bedroom house,2025-03-01,950.0,1075.0
Cheltenham,METRO BUS,88.0,Secondary,1.0,Southern Melbourne,All properties,2025-03-01,620.0,610.0
Cheltenham,METRO TRAIN,6.0,Primary,5.0,Southern Melbourne,1 bedroom flat,2025-03-01,450.0,433.0
Cheltenham,METRO TRAIN,6.0,Primary,5.0,Southern Melbourne,2 bedroom flat,2025-03-01,550.0,598.0
Cheltenham,METRO TRAIN,6.0,Primary,5.0,Southern Melbourne,2 bedroom house,2025-03-01,578.0,620.0
Cheltenham,METRO TRAIN,6.0,Primary,5.0,Southern Melbourne,3 bedroom flat,2025-03-01,680.0,760.0
Cheltenham,METRO TRAIN,6.0,Primary,5.0,Southern Melbourne,3 bedroom house,2025-03-01,700.0,790.0
Cheltenham,METRO TRAIN,6.0,Primary,5.0,Southern Melbourne,4 bedroom house,2025-03-01,950.0,1075.0
Cheltenham,METRO TRAIN,6.0,Primary,5.0,Southern Melbourne,All properties,2025-03-01,620.0,610.0
Cheltenham,METRO TRAIN,6.0,Secondary,1.0,Southern Melbourne,1 bedroom flat,2025-03-01,450.0,433.0
Cheltenham,METRO TRAIN,6.0,Secondary,1.0,Southern Melbourne,2 bedroom flat,2025-03-01,550.0,598.0
Cheltenham,METRO TRAIN,6.0,Secondary,1.0,Southern Melbourne,2 bedroom house,2025-03-01,578.0,620.0
Cheltenham,METRO TRAIN,6.0,Secondary,1.0,Southern Melbourne,3 bedroom flat,2025-03-01,680.0,760.0
Cheltenham,METRO TRAIN,6.0,Secondary,1.0,Southern Melbourne,3 bedroom house,2025-03-01,700.0,790.0
Cheltenham,METRO TRAIN,6.0,Secondary,1.0,Southern Melbourne,4 bedroom house,2025-03-01,950.0,1075.0
Cheltenham,METRO TRAIN,6.0,Secondary,1.0,Southern Melbourne,All properties,2025-03-01,620.0,610.0
Cheltenham,SKYBUS,1.0,Primary,5.0,Southern Melbourne,1 bedroom flat,2025-03-01,450.0,433.0
Cheltenham,SKYBUS,1.0,Primary,5.0,Southern Melbourne,2 bedroom flat,2025-03-01,550.0,598.0
Cheltenham,SKYBUS,1.0,Primary,5.0,Southern Melbourne,2 bedroom house,2025-03-01,578.0,620.0
Cheltenham,SKYBUS,1.0,Primary,5.0,Southern Melbourne,3 bedroom flat,2025-03-01,680.0,760.0
Cheltenham,SKYBUS,1.0,Primary,5.0,Southern Melbourne,3 bedroom house,2025-03-01,700.0,790.0
Cheltenham,SKYBUS,1.0,Primary,5.0,Southern Melbourne,4 bedroom house,2025-03-01,950.0,1075.0
Cheltenham,SKYBUS,1.0,Primary,5.0,Southern Melbourne,All properties,2025-03-01,620.0,610.0
Cheltenham,SKYBUS,1.0,Secondary,1.0,Southern Melbourne,1 bedroom flat,2025-03-01,450.0,433.0
Cheltenham,SKYBUS,1.0,Secondary,1.0,Southern Melbourne,2 bedroom flat,2025-03-01,550.0,598.0
Cheltenham,SKYBUS,1.0,Secondary,1.0,Southern Melbourne,2 bedroom house,2025-03-01,578.0,620.0
Cheltenham,SKYBUS,1.0,Secondary,1.0,Southern Melbourne,3 bedroom flat,2025-03-01,680.0,760.0
Cheltenham,SKYBUS,1.0,Secondary,1.0,Southern Melbourne,3 bedroom house,2025-03-01,700.0,790.0
Cheltenham,SKYBUS,1.0,Secondary,1.0,Southern Melbourne,4 bedroom house,2025-03-01,950.0,1075.0
Cheltenham,SKYBUS,1.0,Secondary,1.0,Southern Melbourne,All properties,2025-03-01,620.0,610.0
Chepstowe,,,,,,,,,
Cherokee,,,,,,,,,
Cherrypool,,,,,,,,,
Cheshunt,REGIONAL BUS,1.0,,,,,,,
Cheshunt South,,,,,,,,,
Chesney Vale,,,,,,,,,
Chetwynd,,,,,,,,,
Chewton,REGIONAL BUS,6.0,Primary,1.0,,,,,
Chewton Bushlands,,,,,,,,,
Childers,,,,,,,,,
Chillingollah,,,,,,,,,
Chiltern,REGIONAL BUS,1.0,Primary,2.0,,,,,
Chiltern,REGIONAL COACH,1.0,Primary,2.0,,,,,
Chiltern,REGIONAL TRAIN,2.0,Primary,2.0,,,,,
Chiltern Valley,,,,,,,,,
Chinangin,,,,,,,,,
Chinkapook,,,,,,,,,
Chintin,,,,,,,,,
Chirnside Park,METRO BUS,24.0,Pri/Sec,1.0,,,,,
Chirnside Park,METRO BUS,24.0,Primary,1.0,,,,,
Chirrip,,,,,,,,,
Chocolyn,,,,,,,,,
Christmas Hills,,,Primary,1.0,,,,,
Chum Creek,,,Primary,1.0,,,,,
Churchill,REGIONAL BUS,22.0,Primary,3.0,,,,,
Churchill Island,,,,,,,,,
Chute,,,,,,,,,
Clarendon,REGIONAL COACH,1.0,,,,,,,
Claretown,,,,,,,,,
Clarinda,METRO BUS,28.0,Pri/Sec,1.0,,,,,
Clarinda,METRO BUS,28.0,Primary,2.0,,,,,
Clarkefield,REGIONAL BUS,1.0,,,,,,,
Clarkefield,REGIONAL COACH,1.0,,,,,,,
Clarkefield,REGIONAL TRAIN,2.0,,,,,,,
Clarkes Hill,,,Primary,1.0,,,,,
Clayton,METRO BUS,61.0,Primary,2.0,Inner Eastern Melbourne,1 bedroom flat,2025-03-01,470.0,470.0
Clayton,METRO BUS,61.0,Primary,2.0,Inner Eastern Melbourne,2 bedroom flat,2025-03-01,570.0,575.0
Clayton,METRO BUS,61.0,Primary,2.0,Inner Eastern Melbourne,2 bedroom house,2025-03-01,560.0,560.0
Clayton,METRO BUS,61.0,Primary,2.0,Inner Eastern Melbourne,3 bedroom flat,2025-03-01,638.0,700.0
Clayton,METRO BUS,61.0,Primary,2.0,Inner Eastern Melbourne,3 bedroom house,2025-03-01,600.0,650.0
Clayton,METRO BUS,61.0,Primary,2.0,Inner Eastern Melbourne,4 bedroom house,2025-03-01,750.0,800.0
Clayton,METRO BUS,61.0,Primary,2.0,Inner Eastern Melbourne,All properties,2025-03-01,600.0,650.0
Clayton,METRO BUS,61.0,Secondary,1.0,Inner Eastern Melbourne,1 bedroom flat,2025-03-01,470.0,470.0
Clayton,METRO BUS,61.0,Secondary,1.0,Inner Eastern Melbourne,2 bedroom flat,2025-03-01,570.0,575.0
Clayton,METRO BUS,61.0,Secondary,1.0,Inner Eastern Melbourne,2 bedroom house,2025-03-01,560.0,560.0
Clayton,METRO BUS,61.0,Secondary,1.0,Inner Eastern Melbourne,3 bedroom flat,2025-03-01,638.0,700.0
Clayton,METRO BUS,61.0,Secondary,1.0,Inner Eastern Melbourne,3 bedroom house,2025-03-01,600.0,650.0
Clayton,METRO BUS,61.0,Secondary,1.0,Inner Eastern Melbourne,4 bedroom house,2025-03-01,750.0,800.0
Clayton,METRO BUS,61.0,Secondary,1.0,Inner Eastern Melbourne,All properties,2025-03-01,600.0,650.0
Clayton,METRO TRAIN,3.0,Primary,2.0,Inner Eastern Melbourne,1 bedroom flat,2025-03-01,470.0,470.0
Clayton,METRO TRAIN,3.0,Primary,2.0,Inner Eastern Melbourne,2 bedroom flat,2025-03-01,570.0,575.0
Clayton,METRO TRAIN,3.0,Primary,2.0,Inner Eastern Melbourne,2 bedroom house,2025-03-01,560.0,560.0
Clayton,METRO TRAIN,3.0,Primary,2.0,Inner Eastern Melbourne,3 bedroom flat,2025-03-01,638.0,700.0
Clayton,METRO TRAIN,3.0,Primary,2.0,Inner Eastern Melbourne,3 bedroom house,2025-03-01,600.0,650.0
Clayton,METRO TRAIN,3.0,Primary,2.0,Inner Eastern Melbourne,4 bedroom house,2025-03-01,750.0,800.0
Clayton,METRO TRAIN,3.0,Primary,2.0,Inner Eastern Melbourne,All properties,2025-03-01,600.0,650.0
Clayton,METRO TRAIN,3.0,Secondary,1.0,Inner Eastern Melbourne,1 bedroom flat,2025-03-01,470.0,470.0
Clayton,METRO TRAIN,3.0,Secondary,1.0,Inner Eastern Melbourne,2 bedroom flat,2025-03-01,570.0,575.0
Clayton,METRO TRAIN,3.0,Secondary,1.0,Inner Eastern Melbourne,2 bedroom house,2025-03-01,560.0,560.0
Clayton,METRO TRAIN,3.0,Secondary,1.0,Inner Eastern Melbourne,3 bedroom flat,2025-03-01,638.0,700.0
Clayton,METRO TRAIN,3.0,Secondary,1.0,Inner Eastern Melbourne,3 bedroom house,2025-03-01,600.0,650.0
Clayton,METRO TRAIN,3.0,Secondary,1.0,Inner Eastern Melbourne,4 bedroom house,2025-03-01,750.0,800.0
Clayton,METRO TRAIN,3.0,Secondary,1.0,Inner Eastern Melbourne,All properties,2025-03-01,600.0,650.0
Clayton,REGIONAL TRAIN,2.0,Primary,2.0,Inner Eastern Melbourne,1 bedroom flat,2025-03-01,470.0,470.0
Clayton,REGIONAL TRAIN,2.0,Primary,2.0,Inner Eastern Melbourne,2 bedroom flat,2025-03-01,570.0,575.0
Clayton,REGIONAL TRAIN,2.0,Primary,2.0,Inner Eastern Melbourne,2 bedroom house,2025-03-01,560.0,560.0
Clayton,REGIONAL TRAIN,2.0,Primary,2.0,Inner Eastern Melbourne,3 bedroom flat,2025-03-01,638.0,700.0
Clayton,REGIONAL TRAIN,2.0,Primary,2.0,Inner Eastern Melbourne,3 bedroom house,2025-03-01,600.0,650.0
Clayton,REGIONAL TRAIN,2.0,Primary,2.0,Inner Eastern Melbourne,4 bedroom house,2025-03-01,750.0,800.0
Clayton,REGIONAL TRAIN,2.0,Primary,2.0,Inner Eastern Melbourne,All properties,2025-03-01,600.0,650.0
Clayton,REGIONAL TRAIN,2.0,Secondary,1.0,Inner Eastern Melbourne,1 bedroom flat,2025-03-01,470.0,470.0
Clayton,REGIONAL TRAIN,2.0,Secondary,1.0,Inner Eastern Melbourne,2 bedroom flat,2025-03-01,570.0,575.0
Clayton,REGIONAL TRAIN,2.0,Secondary,1.0,Inner Eastern Melbourne,2 bedroom house,2025-03-01,560.0,560.0
Clayton,REGIONAL TRAIN,2.0,Secondary,1.0,Inner Eastern Melbourne,3 bedroom flat,2025-03-01,638.0,700.0
Clayton,REGIONAL TRAIN,2.0,Secondary,1.0,Inner Eastern Melbourne,3 bedroom house,2025-03-01,600.0,650.0
Clayton,REGIONAL TRAIN,2.0,Secondary,1.0,Inner Eastern Melbourne,4 bedroom house,2025-03-01,750.0,800.0
Clayton,REGIONAL TRAIN,2.0,Secondary,1.0,Inner Eastern Melbourne,All properties,2025-03-01,600.0,650.0
Clayton South,METRO BUS,58.0,Primary,3.0,,,,,
Clayton South,METRO BUS,58.0,Secondary,1.0,,,,,
Clayton South,METRO TRAIN,3.0,Primary,3.0,,,,,
Clayton South,METRO TRAIN,3.0,Secondary,1.0,,,,,
Clear Lake,,,,,,,,,
Clematis,METRO BUS,3.0,,,,,,,
Clifton Creek,,,Primary,1.0,,,,,
Clifton Hill,METRO BUS,11.0,Primary,2.0,,,,,
Clifton Hill,METRO TRAIN,10.0,Primary,2.0,,,,,
Clifton Hill,METRO TRAM,4.0,Primary,2.0,,,,,
Clifton Springs,REGIONAL BUS,25.0,Primary,1.0,,,,,
Clonbinane,,,,,,,,,
Clover Flat,,,,,,,,,
Cloverlea,,,,,,,,,
Club Terrace,,,,,,,,,
Clunes,REGIONAL BUS,2.0,Primary,1.0,,,,,
Clunes,REGIONAL COACH,2.0,Primary,1.0,,,,,
Clunes,REGIONAL TRAIN,2.0,Primary,1.0,,,,,
Clyde,METRO BUS,15.0,Primary,2.0,,,,,
Clyde,METRO BUS,15.0,Secondary,1.0,,,,,
Clyde,REGIONAL COACH,1.0,Primary,2.0,,,,,
Clyde,REGIONAL COACH,1.0,Secondary,1.0,,,,,
Clyde North,METRO BUS,83.0,Pri/Sec,1.0,,,,,
Clyde North,METRO BUS,83.0,Primary,8.0,,,,,
Clyde North,METRO BUS,83.0,Secondary,1.0,,,,,
Clydebank,,,,,,,,,
Clydesdale,,,,,,,,,
Coalville,,,,,,,,,
Cobains,,,Primary,1.0,,,,,
Cobaw,,,,,,,,,
Cobbannah,,,,,,,,,
Cobberas,,,,,,,,,
Cobblebank,METRO BUS,7.0,,,,,,,
Cobblebank,REGIONAL COACH,1.0,,,,,,,
Cobblebank,REGIONAL TRAIN,2.0,,,,,,,
Cobden,REGIONAL BUS,3.0,Primary,1.0,,,,,
Cobden,REGIONAL BUS,3.0,Secondary,1.0,,,,,
Cobden,REGIONAL BUS,3.0,Special,1.0,,,,,
Cobram,REGIONAL BUS,12.0,Pri/Sec,1.0,,,,,
Cobram,REGIONAL BUS,12.0,Primary,2.0,,,,,
Cobram,REGIONAL BUS,12.0,Secondary,1.0,,,,,
Cobram,REGIONAL BUS,12.0,Special,1.0,,,,,
Cobram,REGIONAL COACH,1.0,Pri/Sec,1.0,,,,,
Cobram,REGIONAL COACH,1.0,Primary,2.0,,,,,
Cobram,REGIONAL COACH,1.0,Secondary,1.0,,,,,
Cobram,REGIONAL COACH,1.0,Special,1.0,,,,,
Cobram East,,,,,,,,,
Cobrico,,,,,,,,,
Cobungra,REGIONAL BUS,2.0,,,,,,,
Coburg,METRO BUS,88.0,Pri/Sec,1.0,,,,,
Coburg,METRO BUS,88.0,Primary,7.0,,,,,
Coburg,METRO BUS,88.0,Secondary,2.0,,,,,
Coburg,METRO BUS,88.0,Special,1.0,,,,,
Coburg,METRO TRAIN,6.0,Pri/Sec,1.0,,,,,
Coburg,METRO TRAIN,6.0,Primary,7.0,,,,,
Coburg,METRO TRAIN,6.0,Secondary,2.0,,,,,
Coburg,METRO TRAIN,6.0,Special,1.0,,,,,
Coburg,METRO TRAM,23.0,Pri/Sec,1.0,,,,,
Coburg,METRO TRAM,23.0,Primary,7.0,,,,,
Coburg,METRO TRAM,23.0,Secondary,2.0,,,,,
Coburg,METRO TRAM,23.0,Special,1.0,,,,,
Coburg,REGIONAL COACH,1.0,Pri/Sec,1.0,,,,,
Coburg,REGIONAL COACH,1.0,Primary,7.0,,,,,
Coburg,REGIONAL COACH,1.0,Secondary,2.0,,,,,
Coburg,REGIONAL COACH,1.0,Special,1.0,,,,,
Coburg North,METRO BUS,42.0,Secondary,1.0,,,,,
Coburg North,METRO TRAIN,6.0,Secondary,1.0,,,,,
Coburg North,METRO TRAM,5.0,Secondary,1.0,,,,,
Cocamba,,,,,,,,,
Cochranes Creek,,,,,,,,,
Cockatoo,METRO BUS,11.0,Primary,1.0,,,,,
Cocoroc,,,,,,,,,
Codrington,,,,,,,,,
Coghills Creek,,,,,,,,,
Cohuna,REGIONAL BUS,1.0,Primary,2.0,,,,,
Cohuna,REGIONAL BUS,1.0,Secondary,1.0,,,,,
Cohuna,REGIONAL COACH,1.0,Primary,2.0,,,,,
Cohuna,REGIONAL COACH,1.0,Secondary,1.0,,,,,
Coimadai,,,Primary,1.0,,,,,
Cokum,,,,,,,,,
Colac,REGIONAL BUS,55.0,Primary,4.0,,,,,
Colac,REGIONAL BUS,55.0,Secondary,2.0,,,,,
Colac,REGIONAL BUS,55.0,Special,1.0,,,,,
Colac,REGIONAL COACH,1.0,Primary,4.0,,,,,
Colac,REGIONAL COACH,1.0,Secondary,2.0,,,,,
Colac,REGIONAL COACH,1.0,Special,1.0,,,,,
Colac,REGIONAL TRAIN,2.0,Primary,4.0,,,,,
Colac,REGIONAL TRAIN,2.0,Secondary,2.0,,,,,
Colac,REGIONAL TRAIN,2.0,Special,1.0,,,,,
Colac Colac,,,,,,,,,
Colac East,,,,,,,,,
Colac West,REGIONAL BUS,1.0,,,,,,,
Colbinabbin,REGIONAL BUS,1.0,Primary,1.0,,,,,
Colbinabbin,REGIONAL COACH,1.0,Primary,1.0,,,,,
Colbrook,,,,,,,,,
Coldstream,METRO BUS,10.0,Primary,1.0,,,,,
Coldstream,METRO BUS,10.0,Special,1.0,,,,,
Coleraine,REGIONAL COACH,1.0,Primary,2.0,,,,,
Colignan,,,,,,,,,
Collingwood,METRO BUS,10.0,Language,1.0,,,,,
Collingwood,METRO BUS,10.0,Pri/Sec,1.0,,,,,
Collingwood,METRO BUS,10.0,Primary,1.0,,,,,
Collingwood,METRO TRAM,9.0,Language,1.0,,,,,
Collingwood,METRO TRAM,9.0,Pri/Sec,1.0,,,,,
Collingwood,METRO TRAM,9.0,Primary,1.0,,,,,
Combienbar,,,,,,,,,
Concongella,,,Primary,1.0,,,,,
Condah,REGIONAL COACH,1.0,,,,,,,
Condah Swamp,,,,,,,,,
Congupna,REGIONAL COACH,1.0,Primary,1.0,,,,,
Connewarre,REGIONAL BUS,5.0,,,,,,,
Connewirricoo,,,,,,,,,
Coojar,,,,,,,,,
Coolaroo,METRO BUS,30.0,Pri/Sec,1.0,,,,,
Coolaroo,METRO BUS,30.0,Primary,1.0,,,,,
Coolaroo,METRO TRAIN,5.0,Pri/Sec,1.0,,,,,
Coolaroo,METRO TRAIN,5.0,Primary,1.0,,,,,
Cooma,,,,,,,,,
Coomboona,,,,,,,,,
Coomoora,,,,,,,,,
Coongulla,,,,,,,,,
Coonooer Bridge,,,,,,,,,
Coonooer West,,,,,,,,,
Coopers Creek,,,,,,,,,
Cooriemungle,,,,,,,,,
Cope Cope,,,,,,,,,
Cora Lynn,,,,,,,,,
Corack,,,,,,,,,
Corack East,,,,,,,,,
Coragulac,REGIONAL BUS,1.0,Primary,1.0,,,,,
Coral Bank,,,,,,,,,
Corindhap,,,,,,,,,
Corinella,REGIONAL BUS,6.0,Primary,1.0,,,,,
Corinella,REGIONAL COACH,1.0,Primary,1.0,,,,,
Corio,REGIONAL BUS,50.0,Pri/Sec,2.0,Geelong,1 bedroom flat,2025-03-01,300.0,322.0
Corio,REGIONAL BUS,50.0,Pri/Sec,2.0,Geelong,2 bedroom flat,2025-03-01,370.0,420.0
Corio,REGIONAL BUS,50.0,Pri/Sec,2.0,Geelong,2 bedroom house,2025-03-01,375.0,440.0
Corio,REGIONAL BUS,50.0,Pri/Sec,2.0,Geelong,3 bedroom flat,2025-03-01,430.0,500.0
Corio,REGIONAL BUS,50.0,Pri/Sec,2.0,Geelong,3 bedroom house,2025-03-01,400.0,490.0
Corio,REGIONAL BUS,50.0,Pri/Sec,2.0,Geelong,4 bedroom house,2025-03-01,485.0,560.0
Corio,REGIONAL BUS,50.0,Pri/Sec,2.0,Geelong,All properties,2025-03-01,395.0,480.0
Corio,REGIONAL BUS,50.0,Primary,1.0,Geelong,1 bedroom flat,2025-03-01,300.0,322.0
Corio,REGIONAL BUS,50.0,Primary,1.0,Geelong,2 bedroom flat,2025-03-01,370.0,420.0
Corio,REGIONAL BUS,50.0,Primary,1.0,Geelong,2 bedroom house,2025-03-01,375.0,440.0
Corio,REGIONAL BUS,50.0,Primary,1.0,Geelong,3 bedroom flat,2025-03-01,430.0,500.0
Corio,REGIONAL BUS,50.0,Primary,1.0,Geelong,3 bedroom house,2025-03-01,400.0,490.0
Corio,REGIONAL BUS,50.0,Primary,1.0,Geelong,4 bedroom house,2025-03-01,485.0,560.0
Corio,REGIONAL BUS,50.0,Primary,1.0,Geelong,All properties,2025-03-01,395.0,480.0
Corio,REGIONAL COACH,1.0,Pri/Sec,2.0,Geelong,1 bedroom flat,2025-03-01,300.0,322.0
Corio,REGIONAL COACH,1.0,Pri/Sec,2.0,Geelong,2 bedroom flat,2025-03-01,370.0,420.0
Corio,REGIONAL COACH,1.0,Pri/Sec,2.0,Geelong,2 bedroom house,2025-03-01,375.0,440.0
Corio,REGIONAL COACH,1.0,Pri/Sec,2.0,Geelong,3 bedroom flat,2025-03-01,430.0,500.0
Corio,REGIONAL COACH,1.0,Pri/Sec,2.0,Geelong,3 bedroom house,2025-03-01,400.0,490.0
Corio,REGIONAL COACH,1.0,Pri/Sec,2.0,Geelong,4 bedroom house,2025-03-01,485.0,560.0
Corio,REGIONAL COACH,1.0,Pri/Sec,2.0,Geelong,All properties,2025-03-01,395.0,480.0
Corio,REGIONAL COACH,1.0,Primary,1.0,Geelong,1 bedroom flat,2025-03-01,300.0,322.0
Corio,REGIONAL COACH,1.0,Primary,1.0,Geelong,2 bedroom flat,2025-03-01,370.0,420.0
Corio,REGIONAL COACH,1.0,Primary,1.0,Geelong,2 bedroom house,2025-03-01,375.0,440.0
Corio,REGIONAL COACH,1.0,Primary,1.0,Geelong,3 bedroom flat,2025-03-01,430.0,500.0
Corio,REGIONAL COACH,1.0,Primary,1.0,Geelong,3 bedroom house,2025-03-01,400.0,490.0
Corio,REGIONAL COACH,1.0,Primary,1.0,Geelong,4 bedroom house,2025-03-01,485.0,560.0
Corio,REGIONAL COACH,1.0,Primary,1.0,Geelong,All properties,2025-03-01,395.0,480.0
Corio,REGIONAL TRAIN,2.0,Pri/Sec,2.0,Geelong,1 bedroom flat,2025-03-01,300.0,322.0
Corio,REGIONAL TRAIN,2.0,Pri/Sec,2.0,Geelong,2 bedroom flat,2025-03-01,370.0,420.0
Corio,REGIONAL TRAIN,2.0,Pri/Sec,2.0,Geelong,2 bedroom house,2025-03-01,375.0,440.0
Corio,REGIONAL TRAIN,2.0,Pri/Sec,2.0,Geelong,3 bedroom flat,2025-03-01,430.0,500.0
Corio,REGIONAL TRAIN,2.0,Pri/Sec,2.0,Geelong,3 bedroom house,2025-03-01,400.0,490.0
Corio,REGIONAL TRAIN,2.0,Pri/Sec,2.0,Geelong,4 bedroom house,2025-03-01,485.0,560.0
Corio,REGIONAL TRAIN,2.0,Pri/Sec,2.0,Geelong,All properties,2025-03-01,395.0,480.0
Corio,REGIONAL TRAIN,2.0,Primary,1.0,Geelong,1 bedroom flat,2025-03-01,300.0,322.0
Corio,REGIONAL TRAIN,2.0,Primary,1.0,Geelong,2 bedroom flat,2025-03-01,370.0,420.0
Corio,REGIONAL TRAIN,2.0,Primary,1.0,Geelong,2 bedroom house,2025-03-01,375.0,440.0
Corio,REGIONAL TRAIN,2.0,Primary,1.0,Geelong,3 bedroom flat,2025-03-01,430.0,500.0
Corio,REGIONAL TRAIN,2.0,Primary,1.0,Geelong,3 bedroom house,2025-03-01,400.0,490.0
Corio,REGIONAL TRAIN,2.0,Primary,1.0,Geelong,4 bedroom house,2025-03-01,485.0,560.0
Corio,REGIONAL TRAIN,2.0,Primary,1.0,Geelong,All properties,2025-03-01,395.0,480.0
Corndale,,,,,,,,,
Cornella,,,,,,,,,
Cornishtown,,,,,,,,,
Coronet Bay,REGIONAL BUS,7.0,,,,,,,
Corop,REGIONAL COACH,1.0,,,,,,,
Cororooke,REGIONAL BUS,1.0,,,,,,,
Corringle,,,,,,,,,
Corryong,REGIONAL BUS,1.0,Pri/Sec,1.0,,,,,
Corryong,REGIONAL BUS,1.0,Primary,1.0,,,,,
Corunnun,REGIONAL BUS,1.0,,,,,,,
Cosgrove,,,,,,,,,
Cosgrove South,,,,,,,,,
Costerfield,,,,,,,,,
Cotswold,,,,,,,,,
Cottles Bridge,,,Primary,1.0,,,,,
Cowa,,,,,,,,,
Cowangie,REGIONAL BUS,1.0,,,,,,,
Cowes,REGIONAL BUS,12.0,Primary,2.0,,,,,
Cowes,REGIONAL COACH,3.0,Primary,2.0,,,,,
Cowleys Creek,,,,,,,,,
Cowwarr,REGIONAL COACH,2.0,Primary,1.0,,,,,
Craigie,,,,,,,,,
Craigieburn,METRO BUS,124.0,Pri/Sec,1.0,North Western Melbourne,1 bedroom flat,2022-09-01,320.0,420.0
Craigieburn,METRO BUS,124.0,Pri/Sec,1.0,North Western Melbourne,2 bedroom flat,2025-03-01,440.0,500.0
Craigieburn,METRO BUS,124.0,Pri/Sec,1.0,North Western Melbourne,2 bedroom house,2025-03-01,450.0,532.0
Craigieburn,METRO BUS,124.0,Pri/Sec,1.0,North Western Melbourne,3 bedroom flat,2025-03-01,480.0,610.0
Craigieburn,METRO BUS,124.0,Pri/Sec,1.0,North Western Melbourne,3 bedroom house,2025-03-01,500.0,620.0
Craigieburn,METRO BUS,124.0,Pri/Sec,1.0,North Western Melbourne,4 bedroom house,2025-03-01,560.0,795.0
Craigieburn,METRO BUS,124.0,Pri/Sec,1.0,North Western Melbourne,All properties,2025-03-01,520.0,550.0
Craigieburn,METRO BUS,124.0,Primary,9.0,North Western Melbourne,1 bedroom flat,2022-09-01,320.0,420.0
Craigieburn,METRO BUS,124.0,Primary,9.0,North Western Melbourne,2 bedroom flat,2025-03-01,440.0,500.0
Craigieburn,METRO BUS,124.0,Primary,9.0,North Western Melbourne,2 bedroom house,2025-03-01,450.0,532.0
Craigieburn,METRO BUS,124.0,Primary,9.0,North Western Melbourne,3 bedroom flat,2025-03-01,480.0,610.0
Craigieburn,METRO BUS,124.0,Primary,9.0,North Western Melbourne,3 bedroom house,2025-03-01,500.0,620.0
Craigieburn,METRO BUS,124.0,Primary,9.0,North Western Melbourne,4 bedroom house,2025-03-01,560.0,795.0
Craigieburn,METRO BUS,124.0,Primary,9.0,North Western Melbourne,All properties,2025-03-01,520.0,550.0
Craigieburn,METRO BUS,124.0,Secondary,2.0,North Western Melbourne,1 bedroom flat,2022-09-01,320.0,420.0
Craigieburn,METRO BUS,124.0,Secondary,2.0,North Western Melbourne,2 bedroom flat,2025-03-01,440.0,500.0
Craigieburn,METRO BUS,124.0,Secondary,2.0,North Western Melbourne,2 bedroom house,2025-03-01,450.0,532.0
Craigieburn,METRO BUS,124.0,Secondary,2.0,North Western Melbourne,3 bedroom flat,2025-03-01,480.0,610.0
Craigieburn,METRO BUS,124.0,Secondary,2.0,North Western Melbourne,3 bedroom house,2025-03-01,500.0,620.0
Craigieburn,METRO BUS,124.0,Secondary,2.0,North Western Melbourne,4 bedroom house,2025-03-01,560.0,795.0
Craigieburn,METRO BUS,124.0,Secondary,2.0,North Western Melbourne,All properties,2025-03-01,520.0,550.0
Craigieburn,METRO BUS,124.0,Special,1.0,North Western Melbourne,1 bedroom flat,2022-09-01,320.0,420.0
Craigieburn,METRO BUS,124.0,Special,1.0,North Western Melbourne,2 bedroom flat,2025-03-01,440.0,500.0
Craigieburn,METRO BUS,124.0,Special,1.0,North Western Melbourne,2 bedroom house,2025-03-01,450.0,532.0
Craigieburn,METRO BUS,124.0,Special,1.0,North Western Melbourne,3 bedroom flat,2025-03-01,480.0,610.0
Craigieburn,METRO BUS,124.0,Special,1.0,North Western Melbourne,3 bedroom house,2025-03-01,500.0,620.0
Craigieburn,METRO BUS,124.0,Special,1.0,North Western Melbourne,4 bedroom house,2025-03-01,560.0,795.0
Craigieburn,METRO BUS,124.0,Special,1.0,North Western Melbourne,All properties,2025-03-01,520.0,550.0
Craigieburn,METRO TRAIN,3.0,Pri/Sec,1.0,North Western Melbourne,1 bedroom flat,2022-09-01,320.0,420.0
Craigieburn,METRO TRAIN,3.0,Pri/Sec,1.0,North Western Melbourne,2 bedroom flat,2025-03-01,440.0,500.0
Craigieburn,METRO TRAIN,3.0,Pri/Sec,1.0,North Western Melbourne,2 bedroom house,2025-03-01,450.0,532.0
Craigieburn,METRO TRAIN,3.0,Pri/Sec,1.0,North Western Melbourne,3 bedroom flat,2025-03-01,480.0,610.0
Craigieburn,METRO TRAIN,3.0,Pri/Sec,1.0,North Western Melbourne,3 bedroom house,2025-03-01,500.0,620.0
Craigieburn,METRO TRAIN,3.0,Pri/Sec,1.0,North Western Melbourne,4 bedroom house,2025-03-01,560.0,795.0
Craigieburn,METRO TRAIN,3.0,Pri/Sec,1.0,North Western Melbourne,All properties,2025-03-01,520.0,550.0
Craigieburn,METRO TRAIN,3.0,Primary,9.0,North Western Melbourne,1 bedroom flat,2022-09-01,320.0,420.0
Craigieburn,METRO TRAIN,3.0,Primary,9.0,North Western Melbourne,2 bedroom flat,2025-03-01,440.0,500.0
Craigieburn,METRO TRAIN,3.0,Primary,9.0,North Western Melbourne,2 bedroom house,2025-03-01,450.0,532.0
Craigieburn,METRO TRAIN,3.0,Primary,9.0,North Western Melbourne,3 bedroom flat,2025-03-01,480.0,610.0
Craigieburn,METRO TRAIN,3.0,Primary,9.0,North Western Melbourne,3 bedroom house,2025-03-01,500.0,620.0
Craigieburn,METRO TRAIN,3.0,Primary,9.0,North Western Melbourne,4 bedroom house,2025-03-01,560.0,795.0
Craigieburn,METRO TRAIN,3.0,Primary,9.0,North Western Melbourne,All properties,2025-03-01,520.0,550.0
Craigieburn,METRO TRAIN,3.0,Secondary,2.0,North Western Melbourne,1 bedroom flat,2022-09-01,320.0,420.0
Craigieburn,METRO TRAIN,3.0,Secondary,2.0,North Western Melbourne,2 bedroom flat,2025-03-01,440.0,500.0
Craigieburn,METRO TRAIN,3.0,Secondary,2.0,North Western Melbourne,2 bedroom house,2025-03-01,450.0,532.0
Craigieburn,METRO TRAIN,3.0,Secondary,2.0,North Western Melbourne,3 bedroom flat,2025-03-01,480.0,610.0
Craigieburn,METRO TRAIN,3.0,Secondary,2.0,North Western Melbourne,3 bedroom house,2025-03-01,500.0,620.0
Craigieburn,METRO TRAIN,3.0,Secondary,2.0,North Western Melbourne,4 bedroom house,2025-03-01,560.0,795.0
Craigieburn,METRO TRAIN,3.0,Secondary,2.0,North Western Melbourne,All properties,2025-03-01,520.0,550.0
Craigieburn,METRO TRAIN,3.0,Special,1.0,North Western Melbourne,1 bedroom flat,2022-09-01,320.0,420.0
Craigieburn,METRO TRAIN,3.0,Special,1.0,North Western Melbourne,2 bedroom flat,2025-03-01,440.0,500.0
Craigieburn,METRO TRAIN,3.0,Special,1.0,North Western Melbourne,2 bedroom house,2025-03-01,450.0,532.0
Craigieburn,METRO TRAIN,3.0,Special,1.0,North Western Melbourne,3 bedroom flat,2025-03-01,480.0,610.0
Craigieburn,METRO TRAIN,3.0,Special,1.0,North Western Melbourne,3 bedroom house,2025-03-01,500.0,620.0
Craigieburn,METRO TRAIN,3.0,Special,1.0,North Western Melbourne,4 bedroom house,2025-03-01,560.0,795.0
Craigieburn,METRO TRAIN,3.0,Special,1.0,North Western Melbourne,All properties,2025-03-01,520.0,550.0
Craigieburn,REGIONAL COACH,1.0,Pri/Sec,1.0,North Western Melbourne,1 bedroom flat,2022-09-01,320.0,420.0
Craigieburn,REGIONAL COACH,1.0,Pri/Sec,1.0,North Western Melbourne,2 bedroom flat,2025-03-01,440.0,500.0
Craigieburn,REGIONAL COACH,1.0,Pri/Sec,1.0,North Western Melbourne,2 bedroom house,2025-03-01,450.0,532.0
Craigieburn,REGIONAL COACH,1.0,Pri/Sec,1.0,North Western Melbourne,3 bedroom flat,2025-03-01,480.0,610.0
Craigieburn,REGIONAL COACH,1.0,Pri/Sec,1.0,North Western Melbourne,3 bedroom house,2025-03-01,500.0,620.0
Craigieburn,REGIONAL COACH,1.0,Pri/Sec,1.0,North Western Melbourne,4 bedroom house,2025-03-01,560.0,795.0
Craigieburn,REGIONAL COACH,1.0,Pri/Sec,1.0,North Western Melbourne,All properties,2025-03-01,520.0,550.0
Craigieburn,REGIONAL COACH,1.0,Primary,9.0,North Western Melbourne,1 bedroom flat,2022-09-01,320.0,420.0
Craigieburn,REGIONAL COACH,1.0,Primary,9.0,North Western Melbourne,2 bedroom flat,2025-03-01,440.0,500.0
Craigieburn,REGIONAL COACH,1.0,Primary,9.0,North Western Melbourne,2 bedroom house,2025-03-01,450.0,532.0
Craigieburn,REGIONAL COACH,1.0,Primary,9.0,North Western Melbourne,3 bedroom flat,2025-03-01,480.0,610.0
Craigieburn,REGIONAL COACH,1.0,Primary,9.0,North Western Melbourne,3 bedroom house,2025-03-01,500.0,620.0
Craigieburn,REGIONAL COACH,1.0,Primary,9.0,North Western Melbourne,4 bedroom house,2025-03-01,560.0,795.0
Craigieburn,REGIONAL COACH,1.0,Primary,9.0,North Western Melbourne,All properties,2025-03-01,520.0,550.0
Craigieburn,REGIONAL COACH,1.0,Secondary,2.0,North Western Melbourne,1 bedroom flat,2022-09-01,320.0,420.0
Craigieburn,REGIONAL COACH,1.0,Secondary,2.0,North Western Melbourne,2 bedroom flat,2025-03-01,440.0,500.0
Craigieburn,REGIONAL COACH,1.0,Secondary,2.0,North Western Melbourne,2 bedroom house,2025-03-01,450.0,532.0
Craigieburn,REGIONAL COACH,1.0,Secondary,2.0,North Western Melbourne,3 bedroom flat,2025-03-01,480.0,610.0
Craigieburn,REGIONAL COACH,1.0,Secondary,2.0,North Western Melbourne,3 bedroom house,2025-03-01,500.0,620.0
Craigieburn,REGIONAL COACH,1.0,Secondary,2.0,North Western Melbourne,4 bedroom house,2025-03-01,560.0,795.0
Craigieburn,REGIONAL COACH,1.0,Secondary,2.0,North Western Melbourne,All properties,2025-03-01,520.0,550.0
Craigieburn,REGIONAL COACH,1.0,Special,1.0,North Western Melbourne,1 bedroom flat,2022-09-01,320.0,420.0
Craigieburn,REGIONAL COACH,1.0,Special,1.0,North Western Melbourne,2 bedroom flat,2025-03-01,440.0,500.0
Craigieburn,REGIONAL COACH,1.0,Special,1.0,North Western Melbourne,2 bedroom house,2025-03-01,450.0,532.0
Craigieburn,REGIONAL COACH,1.0,Special,1.0,North Western Melbourne,3 bedroom flat,2025-03-01,480.0,610.0
Craigieburn,REGIONAL COACH,1.0,Special,1.0,North Western Melbourne,3 bedroom house,2025-03-01,500.0,620.0
Craigieburn,REGIONAL COACH,1.0,Special,1.0,North Western Melbourne,4 bedroom house,2025-03-01,560.0,795.0
Craigieburn,REGIONAL COACH,1.0,Special,1.0,North Western Melbourne,All properties,2025-03-01,520.0,550.0
Craigieburn,REGIONAL TRAIN,2.0,Pri/Sec,1.0,North Western Melbourne,1 bedroom flat,2022-09-01,320.0,420.0
Craigieburn,REGIONAL TRAIN,2.0,Pri/Sec,1.0,North Western Melbourne,2 bedroom flat,2025-03-01,440.0,500.0
Craigieburn,REGIONAL TRAIN,2.0,Pri/Sec,1.0,North Western Melbourne,2 bedroom house,2025-03-01,450.0,532.0
Craigieburn,REGIONAL TRAIN,2.0,Pri/Sec,1.0,North Western Melbourne,3 bedroom flat,2025-03-01,480.0,610.0
Craigieburn,REGIONAL TRAIN,2.0,Pri/Sec,1.0,North Western Melbourne,3 bedroom house,2025-03-01,500.0,620.0
Craigieburn,REGIONAL TRAIN,2.0,Pri/Sec,1.0,North Western Melbourne,4 bedroom house,2025-03-01,560.0,795.0
Craigieburn,REGIONAL TRAIN,2.0,Pri/Sec,1.0,North Western Melbourne,All properties,2025-03-01,520.0,550.0
Craigieburn,REGIONAL TRAIN,2.0,Primary,9.0,North Western Melbourne,1 bedroom flat,2022-09-01,320.0,420.0
Craigieburn,REGIONAL TRAIN,2.0,Primary,9.0,North Western Melbourne,2 bedroom flat,2025-03-01,440.0,500.0
Craigieburn,REGIONAL TRAIN,2.0,Primary,9.0,North Western Melbourne,2 bedroom house,2025-03-01,450.0,532.0
Craigieburn,REGIONAL TRAIN,2.0,Primary,9.0,North Western Melbourne,3 bedroom flat,2025-03-01,480.0,610.0
Craigieburn,REGIONAL TRAIN,2.0,Primary,9.0,North Western Melbourne,3 bedroom house,2025-03-01,500.0,620.0
Craigieburn,REGIONAL TRAIN,2.0,Primary,9.0,North Western Melbourne,4 bedroom house,2025-03-01,560.0,795.0
Craigieburn,REGIONAL TRAIN,2.0,Primary,9.0,North Western Melbourne,All properties,2025-03-01,520.0,550.0
Craigieburn,REGIONAL TRAIN,2.0,Secondary,2.0,North Western Melbourne,1 bedroom flat,2022-09-01,320.0,420.0
Craigieburn,REGIONAL TRAIN,2.0,Secondary,2.0,North Western Melbourne,2 bedroom flat,2025-03-01,440.0,500.0
Craigieburn,REGIONAL TRAIN,2.0,Secondary,2.0,North Western Melbourne,2 bedroom house,2025-03-01,450.0,532.0
Craigieburn,REGIONAL TRAIN,2.0,Secondary,2.0,North Western Melbourne,3 bedroom flat,2025-03-01,480.0,610.0
Craigieburn,REGIONAL TRAIN,2.0,Secondary,2.0,North Western Melbourne,3 bedroom house,2025-03-01,500.0,620.0
Craigieburn,REGIONAL TRAIN,2.0,Secondary,2.0,North Western Melbourne,4 bedroom house,2025-03-01,560.0,795.0
Craigieburn,REGIONAL TRAIN,2.0,Secondary,2.0,North Western Melbourne,All properties,2025-03-01,520.0,550.0
Craigieburn,REGIONAL TRAIN,2.0,Special,1.0,North Western Melbourne,1 bedroom flat,2022-09-01,320.0,420.0
Craigieburn,REGIONAL TRAIN,2.0,Special,1.0,North Western Melbourne,2 bedroom flat,2025-03-01,440.0,500.0
Craigieburn,REGIONAL TRAIN,2.0,Special,1.0,North Western Melbourne,2 bedroom house,2025-03-01,450.0,532.0
Craigieburn,REGIONAL TRAIN,2.0,Special,1.0,North Western Melbourne,3 bedroom flat,2025-03-01,480.0,610.0
Craigieburn,REGIONAL TRAIN,2.0,Special,1.0,North Western Melbourne,3 bedroom house,2025-03-01,500.0,620.0
Craigieburn,REGIONAL TRAIN,2.0,Special,1.0,North Western Melbourne,4 bedroom house,2025-03-01,560.0,795.0
Craigieburn,REGIONAL TRAIN,2.0,Special,1.0,North Western Melbourne,All properties,2025-03-01,520.0,550.0
Cranbourne,METRO BUS,48.0,Primary,6.0,South Eastern Melbourne,1 bedroom flat,2025-03-01,400.0,364.0
Cranbourne,METRO BUS,48.0,Primary,6.0,South Eastern Melbourne,2 bedroom flat,2025-03-01,450.0,468.0
Cranbourne,METRO BUS,48.0,Primary,6.0,South Eastern Melbourne,2 bedroom house,2025-03-01,480.0,480.0
Cranbourne,METRO BUS,48.0,Primary,6.0,South Eastern Melbourne,3 bedroom flat,2025-03-01,530.0,540.0
Cranbourne,METRO BUS,48.0,Primary,6.0,South Eastern Melbourne,3 bedroom house,2025-03-01,545.0,548.0
Cranbourne,METRO BUS,48.0,Primary,6.0,South Eastern Melbourne,4 bedroom house,2025-03-01,600.0,630.0
Cranbourne,METRO BUS,48.0,Primary,6.0,South Eastern Melbourne,All properties,2025-03-01,580.0,540.0
Cranbourne,METRO BUS,48.0,Secondary,1.0,South Eastern Melbourne,1 bedroom flat,2025-03-01,400.0,364.0
Cranbourne,METRO BUS,48.0,Secondary,1.0,South Eastern Melbourne,2 bedroom flat,2025-03-01,450.0,468.0
Cranbourne,METRO BUS,48.0,Secondary,1.0,South Eastern Melbourne,2 bedroom house,2025-03-01,480.0,480.0
Cranbourne,METRO BUS,48.0,Secondary,1.0,South Eastern Melbourne,3 bedroom flat,2025-03-01,530.0,540.0
Cranbourne,METRO BUS,48.0,Secondary,1.0,South Eastern Melbourne,3 bedroom house,2025-03-01,545.0,548.0
Cranbourne,METRO BUS,48.0,Secondary,1.0,South Eastern Melbourne,4 bedroom house,2025-03-01,600.0,630.0
Cranbourne,METRO BUS,48.0,Secondary,1.0,South Eastern Melbourne,All properties,2025-03-01,580.0,540.0
Cranbourne,METRO TRAIN,3.0,Primary,6.0,South Eastern Melbourne,1 bedroom flat,2025-03-01,400.0,364.0
Cranbourne,METRO TRAIN,3.0,Primary,6.0,South Eastern Melbourne,2 bedroom flat,2025-03-01,450.0,468.0
Cranbourne,METRO TRAIN,3.0,Primary,6.0,South Eastern Melbourne,2 bedroom house,2025-03-01,480.0,480.0
Cranbourne,METRO TRAIN,3.0,Primary,6.0,South Eastern Melbourne,3 bedroom flat,2025-03-01,530.0,540.0
Cranbourne,METRO TRAIN,3.0,Primary,6.0,South Eastern Melbourne,3 bedroom house,2025-03-01,545.0,548.0
Cranbourne,METRO TRAIN,3.0,Primary,6.0,South Eastern Melbourne,4 bedroom house,2025-03-01,600.0,630.0
Cranbourne,METRO TRAIN,3.0,Primary,6.0,South Eastern Melbourne,All properties,2025-03-01,580.0,540.0
Cranbourne,METRO TRAIN,3.0,Secondary,1.0,South Eastern Melbourne,1 bedroom flat,2025-03-01,400.0,364.0
Cranbourne,METRO TRAIN,3.0,Secondary,1.0,South Eastern Melbourne,2 bedroom flat,2025-03-01,450.0,468.0
Cranbourne,METRO TRAIN,3.0,Secondary,1.0,South Eastern Melbourne,2 bedroom house,2025-03-01,480.0,480.0
Cranbourne,METRO TRAIN,3.0,Secondary,1.0,South Eastern Melbourne,3 bedroom flat,2025-03-01,530.0,540.0
Cranbourne,METRO TRAIN,3.0,Secondary,1.0,South Eastern Melbourne,3 bedroom house,2025-03-01,545.0,548.0
Cranbourne,METRO TRAIN,3.0,Secondary,1.0,South Eastern Melbourne,4 bedroom house,2025-03-01,600.0,630.0
Cranbourne,METRO TRAIN,3.0,Secondary,1.0,South Eastern Melbourne,All properties,2025-03-01,580.0,540.0
Cranbourne,REGIONAL COACH,3.0,Primary,6.0,South Eastern Melbourne,1 bedroom flat,2025-03-01,400.0,364.0
Cranbourne,REGIONAL COACH,3.0,Primary,6.0,South Eastern Melbourne,2 bedroom flat,2025-03-01,450.0,468.0
Cranbourne,REGIONAL COACH,3.0,Primary,6.0,South Eastern Melbourne,2 bedroom house,2025-03-01,480.0,480.0
Cranbourne,REGIONAL COACH,3.0,Primary,6.0,South Eastern Melbourne,3 bedroom flat,2025-03-01,530.0,540.0
Cranbourne,REGIONAL COACH,3.0,Primary,6.0,South Eastern Melbourne,3 bedroom house,2025-03-01,545.0,548.0
Cranbourne,REGIONAL COACH,3.0,Primary,6.0,South Eastern Melbourne,4 bedroom house,2025-03-01,600.0,630.0
Cranbourne,REGIONAL COACH,3.0,Primary,6.0,South Eastern Melbourne,All properties,2025-03-01,580.0,540.0
Cranbourne,REGIONAL COACH,3.0,Secondary,1.0,South Eastern Melbourne,1 bedroom flat,2025-03-01,400.0,364.0
Cranbourne,REGIONAL COACH,3.0,Secondary,1.0,South Eastern Melbourne,2 bedroom flat,2025-03-01,450.0,468.0
Cranbourne,REGIONAL COACH,3.0,Secondary,1.0,South Eastern Melbourne,2 bedroom house,2025-03-01,480.0,480.0
Cranbourne,REGIONAL COACH,3.0,Secondary,1.0,South Eastern Melbourne,3 bedroom flat,2025-03-01,530.0,540.0
Cranbourne,REGIONAL COACH,3.0,Secondary,1.0,South Eastern Melbourne,3 bedroom house,2025-03-01,545.0,548.0
Cranbourne,REGIONAL COACH,3.0,Secondary,1.0,South Eastern Melbourne,4 bedroom house,2025-03-01,600.0,630.0
Cranbourne,REGIONAL COACH,3.0,Secondary,1.0,South Eastern Melbourne,All properties,2025-03-01,580.0,540.0
Cranbourne East,METRO BUS,45.0,Pri/Sec,2.0,,,,,
Cranbourne East,METRO BUS,45.0,Primary,3.0,,,,,
Cranbourne East,METRO BUS,45.0,Secondary,1.0,,,,,
Cranbourne East,METRO BUS,45.0,Special,1.0,,,,,
Cranbourne North,METRO BUS,64.0,Primary,3.0,,,,,
Cranbourne North,METRO BUS,64.0,Secondary,2.0,,,,,
Cranbourne North,METRO TRAIN,3.0,Primary,3.0,,,,,
Cranbourne North,METRO TRAIN,3.0,Secondary,2.0,,,,,
Cranbourne South,METRO BUS,4.0,Primary,1.0,,,,,
Cranbourne West,METRO BUS,32.0,Primary,2.0,,,,,
Cranbourne West,METRO BUS,32.0,Secondary,2.0,,,,,
Creek Junction,,,,,,,,,
Creek View,REGIONAL COACH,1.0,,,,,,,
Creightons Creek,,,,,,,,,
Cremorne,METRO TRAIN,3.0,,,,,,,
Cremorne,METRO TRAM,7.0,,,,,,,
Cressy,,,,,,,,,
Creswick,REGIONAL BUS,18.0,Primary,3.0,,,,,
Creswick,REGIONAL COACH,5.0,Primary,3.0,,,,,
Creswick,REGIONAL TRAIN,2.0,Primary,3.0,,,,,
Creswick North,,,,,,,,,
Crib Point,METRO BUS,8.0,Primary,2.0,,,,,
Crib Point,METRO TRAIN,6.0,Primary,2.0,,,,,
Crookayan,,,,,,,,,
Crooked River,,,,,,,,,
Cross Roads,,,,,,,,,
Crossley,,,,,,,,,
Crossover,,,,,,,,,
Crowlands,REGIONAL BUS,2.0,,,,,,,
Croxton East,,,,,,,,,
Croydon,METRO BUS,102.0,Primary,5.0,,,,,
Croydon,METRO BUS,102.0,Secondary,2.0,,,,,
Croydon,METRO TRAIN,2.0,Primary,5.0,,,,,
Croydon,METRO TRAIN,2.0,Secondary,2.0,,,,,
Croydon,REGIONAL COACH,1.0,Primary,5.0,,,,,
Croydon,REGIONAL COACH,1.0,Secondary,2.0,,,,,
Croydon Hills,METRO BUS,13.0,Primary,2.0,,,,,
Croydon Hills,METRO BUS,13.0,Secondary,1.0,,,,,
Croydon North,METRO BUS,16.0,Primary,2.0,,,,,
Croydon North,REGIONAL COACH,1.0,Primary,2.0,,,,,
Croydon South,METRO BUS,9.0,Special,1.0,,,,,
Crymelon,,,,,,,,,
Cudgee,,,Primary,1.0,,,,,
Cudgewa,REGIONAL BUS,1.0,,,,,,,
Culgoa,REGIONAL COACH,1.0,,,,,,,
Culla,,,,,,,,,
Cullen,,,,,,,,,
Cullulleraine,,,,,,,,,
Cundare,,,,,,,,,
Cundare North,,,,,,,,,
Curdies River,,,,,,,,,
Curdievale,,,,,,,,,
Curlewis,REGIONAL BUS,12.0,,,,,,,
Curyo,,,,,,,,,
Dadswells Bridge,REGIONAL COACH,1.0,,,,,,,
Daisy Hill,REGIONAL BUS,1.0,,,,,,,
Dales Creek,,,,,,,,,
Dallas,METRO BUS,14.0,Pri/Sec,1.0,,,,,
Dallas,METRO BUS,14.0,Primary,2.0,,,,,
Dallas,METRO BUS,14.0,Special,1.0,,,,,
Dalmore,,,,,,,,,
Daltons Bridge,,,,,,,,,
Dalyenong,,,,,,,,,
Dalyston,REGIONAL BUS,1.0,Primary,1.0,,,,,
Dalyston,REGIONAL COACH,1.0,Primary,1.0,,,,,
Dandenong,METRO BUS,101.0,Primary,6.0,South Eastern Melbourne,1 bedroom flat,2025-03-01,360.0,364.0
Dandenong,METRO BUS,101.0,Primary,6.0,South Eastern Melbourne,2 bedroom flat,2025-03-01,440.0,468.0
Dandenong,METRO BUS,101.0,Primary,6.0,South Eastern Melbourne,2 bedroom house,2025-03-01,500.0,480.0
Dandenong,METRO BUS,101.0,Primary,6.0,South Eastern Melbourne,3 bedroom flat,2025-03-01,580.0,540.0
Dandenong,METRO BUS,101.0,Primary,6.0,South Eastern Melbourne,3 bedroom house,2025-03-01,550.0,548.0
Dandenong,METRO BUS,101.0,Primary,6.0,South Eastern Melbourne,4 bedroom house,2025-03-01,730.0,630.0
Dandenong,METRO BUS,101.0,Primary,6.0,South Eastern Melbourne,All properties,2025-03-01,530.0,540.0
Dandenong,METRO BUS,101.0,Secondary,2.0,South Eastern Melbourne,1 bedroom flat,2025-03-01,360.0,364.0
Dandenong,METRO BUS,101.0,Secondary,2.0,South Eastern Melbourne,2 bedroom flat,2025-03-01,440.0,468.0
Dandenong,METRO BUS,101.0,Secondary,2.0,South Eastern Melbourne,2 bedroom house,2025-03-01,500.0,480.0
Dandenong,METRO BUS,101.0,Secondary,2.0,South Eastern Melbourne,3 bedroom flat,2025-03-01,580.0,540.0
Dandenong,METRO BUS,101.0,Secondary,2.0,South Eastern Melbourne,3 bedroom house,2025-03-01,550.0,548.0
Dandenong,METRO BUS,101.0,Secondary,2.0,South Eastern Melbourne,4 bedroom house,2025-03-01,730.0,630.0
Dandenong,METRO BUS,101.0,Secondary,2.0,South Eastern Melbourne,All properties,2025-03-01,530.0,540.0
Dandenong,METRO BUS,101.0,Special,1.0,South Eastern Melbourne,1 bedroom flat,2025-03-01,360.0,364.0
Dandenong,METRO BUS,101.0,Special,1.0,South Eastern Melbourne,2 bedroom flat,2025-03-01,440.0,468.0
Dandenong,METRO BUS,101.0,Special,1.0,South Eastern Melbourne,2 bedroom house,2025-03-01,500.0,480.0
Dandenong,METRO BUS,101.0,Special,1.0,South Eastern Melbourne,3 bedroom flat,2025-03-01,580.0,540.0
Dandenong,METRO BUS,101.0,Special,1.0,South Eastern Melbourne,3 bedroom house,2025-03-01,550.0,548.0
Dandenong,METRO BUS,101.0,Special,1.0,South Eastern Melbourne,4 bedroom house,2025-03-01,730.0,630.0
Dandenong,METRO BUS,101.0,Special,1.0,South Eastern Melbourne,All properties,2025-03-01,530.0,540.0
Dandenong,METRO TRAIN,3.0,Primary,6.0,South Eastern Melbourne,1 bedroom flat,2025-03-01,360.0,364.0
Dandenong,METRO TRAIN,3.0,Primary,6.0,South Eastern Melbourne,2 bedroom flat,2025-03-01,440.0,468.0
Dandenong,METRO TRAIN,3.0,Primary,6.0,South Eastern Melbourne,2 bedroom house,2025-03-01,500.0,480.0
Dandenong,METRO TRAIN,3.0,Primary,6.0,South Eastern Melbourne,3 bedroom flat,2025-03-01,580.0,540.0
Dandenong,METRO TRAIN,3.0,Primary,6.0,South Eastern Melbourne,3 bedroom house,2025-03-01,550.0,548.0
Dandenong,METRO TRAIN,3.0,Primary,6.0,South Eastern Melbourne,4 bedroom house,2025-03-01,730.0,630.0
Dandenong,METRO TRAIN,3.0,Primary,6.0,South Eastern Melbourne,All properties,2025-03-01,530.0,540.0
Dandenong,METRO TRAIN,3.0,Secondary,2.0,South Eastern Melbourne,1 bedroom flat,2025-03-01,360.0,364.0
Dandenong,METRO TRAIN,3.0,Secondary,2.0,South Eastern Melbourne,2 bedroom flat,2025-03-01,440.0,468.0
Dandenong,METRO TRAIN,3.0,Secondary,2.0,South Eastern Melbourne,2 bedroom house,2025-03-01,500.0,480.0
Dandenong,METRO TRAIN,3.0,Secondary,2.0,South Eastern Melbourne,3 bedroom flat,2025-03-01,580.0,540.0
Dandenong,METRO TRAIN,3.0,Secondary,2.0,South Eastern Melbourne,3 bedroom house,2025-03-01,550.0,548.0
Dandenong,METRO TRAIN,3.0,Secondary,2.0,South Eastern Melbourne,4 bedroom house,2025-03-01,730.0,630.0
Dandenong,METRO TRAIN,3.0,Secondary,2.0,South Eastern Melbourne,All properties,2025-03-01,530.0,540.0
Dandenong,METRO TRAIN,3.0,Special,1.0,South Eastern Melbourne,1 bedroom flat,2025-03-01,360.0,364.0
Dandenong,METRO TRAIN,3.0,Special,1.0,South Eastern Melbourne,2 bedroom flat,2025-03-01,440.0,468.0
Dandenong,METRO TRAIN,3.0,Special,1.0,South Eastern Melbourne,2 bedroom house,2025-03-01,500.0,480.0
Dandenong,METRO TRAIN,3.0,Special,1.0,South Eastern Melbourne,3 bedroom flat,2025-03-01,580.0,540.0
Dandenong,METRO TRAIN,3.0,Special,1.0,South Eastern Melbourne,3 bedroom house,2025-03-01,550.0,548.0
Dandenong,METRO TRAIN,3.0,Special,1.0,South Eastern Melbourne,4 bedroom house,2025-03-01,730.0,630.0
Dandenong,METRO TRAIN,3.0,Special,1.0,South Eastern Melbourne,All properties,2025-03-01,530.0,540.0
Dandenong,REGIONAL COACH,1.0,Primary,6.0,South Eastern Melbourne,1 bedroom flat,2025-03-01,360.0,364.0
Dandenong,REGIONAL COACH,1.0,Primary,6.0,South Eastern Melbourne,2 bedroom flat,2025-03-01,440.0,468.0
Dandenong,REGIONAL COACH,1.0,Primary,6.0,South Eastern Melbourne,2 bedroom house,2025-03-01,500.0,480.0
Dandenong,REGIONAL COACH,1.0,Primary,6.0,South Eastern Melbourne,3 bedroom flat,2025-03-01,580.0,540.0
Dandenong,REGIONAL COACH,1.0,Primary,6.0,South Eastern Melbourne,3 bedroom house,2025-03-01,550.0,548.0
Dandenong,REGIONAL COACH,1.0,Primary,6.0,South Eastern Melbourne,4 bedroom house,2025-03-01,730.0,630.0
Dandenong,REGIONAL COACH,1.0,Primary,6.0,South Eastern Melbourne,All properties,2025-03-01,530.0,540.0
Dandenong,REGIONAL COACH,1.0,Secondary,2.0,South Eastern Melbourne,1 bedroom flat,2025-03-01,360.0,364.0
Dandenong,REGIONAL COACH,1.0,Secondary,2.0,South Eastern Melbourne,2 bedroom flat,2025-03-01,440.0,468.0
Dandenong,REGIONAL COACH,1.0,Secondary,2.0,South Eastern Melbourne,2 bedroom house,2025-03-01,500.0,480.0
Dandenong,REGIONAL COACH,1.0,Secondary,2.0,South Eastern Melbourne,3 bedroom flat,2025-03-01,580.0,540.0
Dandenong,REGIONAL COACH,1.0,Secondary,2.0,South Eastern Melbourne,3 bedroom house,2025-03-01,550.0,548.0
Dandenong,REGIONAL COACH,1.0,Secondary,2.0,South Eastern Melbourne,4 bedroom house,2025-03-01,730.0,630.0
Dandenong,REGIONAL COACH,1.0,Secondary,2.0,South Eastern Melbourne,All properties,2025-03-01,530.0,540.0
Dandenong,REGIONAL COACH,1.0,Special,1.0,South Eastern Melbourne,1 bedroom flat,2025-03-01,360.0,364.0
Dandenong,REGIONAL COACH,1.0,Special,1.0,South Eastern Melbourne,2 bedroom flat,2025-03-01,440.0,468.0
Dandenong,REGIONAL COACH,1.0,Special,1.0,South Eastern Melbourne,2 bedroom house,2025-03-01,500.0,480.0
Dandenong,REGIONAL COACH,1.0,Special,1.0,South Eastern Melbourne,3 bedroom flat,2025-03-01,580.0,540.0
Dandenong,REGIONAL COACH,1.0,Special,1.0,South Eastern Melbourne,3 bedroom house,2025-03-01,550.0,548.0
Dandenong,REGIONAL COACH,1.0,Special,1.0,South Eastern Melbourne,4 bedroom house,2025-03-01,730.0,630.0
Dandenong,REGIONAL COACH,1.0,Special,1.0,South Eastern Melbourne,All properties,2025-03-01,530.0,540.0
Dandenong,REGIONAL TRAIN,2.0,Primary,6.0,South Eastern Melbourne,1 bedroom flat,2025-03-01,360.0,364.0
Dandenong,REGIONAL TRAIN,2.0,Primary,6.0,South Eastern Melbourne,2 bedroom flat,2025-03-01,440.0,468.0
Dandenong,REGIONAL TRAIN,2.0,Primary,6.0,South Eastern Melbourne,2 bedroom house,2025-03-01,500.0,480.0
Dandenong,REGIONAL TRAIN,2.0,Primary,6.0,South Eastern Melbourne,3 bedroom flat,2025-03-01,580.0,540.0
Dandenong,REGIONAL TRAIN,2.0,Primary,6.0,South Eastern Melbourne,3 bedroom house,2025-03-01,550.0,548.0
Dandenong,REGIONAL TRAIN,2.0,Primary,6.0,South Eastern Melbourne,4 bedroom house,2025-03-01,730.0,630.0
Dandenong,REGIONAL TRAIN,2.0,Primary,6.0,South Eastern Melbourne,All properties,2025-03-01,530.0,540.0
Dandenong,REGIONAL TRAIN,2.0,Secondary,2.0,South Eastern Melbourne,1 bedroom flat,2025-03-01,360.0,364.0
Dandenong,REGIONAL TRAIN,2.0,Secondary,2.0,South Eastern Melbourne,2 bedroom flat,2025-03-01,440.0,468.0
Dandenong,REGIONAL TRAIN,2.0,Secondary,2.0,South Eastern Melbourne,2 bedroom house,2025-03-01,500.0,480.0
Dandenong,REGIONAL TRAIN,2.0,Secondary,2.0,South Eastern Melbourne,3 bedroom flat,2025-03-01,580.0,540.0
Dandenong,REGIONAL TRAIN,2.0,Secondary,2.0,South Eastern Melbourne,3 bedroom house,2025-03-01,550.0,548.0
Dandenong,REGIONAL TRAIN,2.0,Secondary,2.0,South Eastern Melbourne,4 bedroom house,2025-03-01,730.0,630.0
Dandenong,REGIONAL TRAIN,2.0,Secondary,2.0,South Eastern Melbourne,All properties,2025-03-01,530.0,540.0
Dandenong,REGIONAL TRAIN,2.0,Special,1.0,South Eastern Melbourne,1 bedroom flat,2025-03-01,360.0,364.0
Dandenong,REGIONAL TRAIN,2.0,Special,1.0,South Eastern Melbourne,2 bedroom flat,2025-03-01,440.0,468.0
Dandenong,REGIONAL TRAIN,2.0,Special,1.0,South Eastern Melbourne,2 bedroom house,2025-03-01,500.0,480.0
Dandenong,REGIONAL TRAIN,2.0,Special,1.0,South Eastern Melbourne,3 bedroom flat,2025-03-01,580.0,540.0
Dandenong,REGIONAL TRAIN,2.0,Special,1.0,South Eastern Melbourne,3 bedroom house,2025-03-01,550.0,548.0
Dandenong,REGIONAL TRAIN,2.0,Special,1.0,South Eastern Melbourne,4 bedroom house,2025-03-01,730.0,630.0
Dandenong,REGIONAL TRAIN,2.0,Special,1.0,South Eastern Melbourne,All properties,2025-03-01,530.0,540.0
Dandenong North,METRO BUS,72.0,Primary,4.0,,,,,
Dandenong North,METRO BUS,72.0,Secondary,1.0,,,,,
Dandenong South,METRO BUS,59.0,,,,,,,
Dandongadale,,,,,,,,,
Dargo,,,,,,,,,
Darley,REGIONAL BUS,19.0,Primary,2.0,,,,,
Darlimurla,,,,,,,,,
Darlington,REGIONAL COACH,1.0,,,,,,,
Darnum,REGIONAL BUS,1.0,Primary,1.0,,,,,
Darnum,REGIONAL COACH,1.0,Primary,1.0,,,,,
Darraweit Guim,,,Primary,1.0,,,,,
Darriman,,,,,,,,,
Dartmoor,REGIONAL COACH,1.0,Primary,1.0,,,,,
Dartmouth,,,,,,,,,
Dawson,,,,,,,,,
Daylesford,REGIONAL BUS,1.0,Primary,3.0,,,,,
Daylesford,REGIONAL BUS,1.0,Secondary,1.0,,,,,
Daylesford,REGIONAL COACH,1.0,Primary,3.0,,,,,
Daylesford,REGIONAL COACH,1.0,Secondary,1.0,,,,,
Dean,,,,,,,,,
Deans Marsh,,,Primary,1.0,,,,,
Deanside,METRO BUS,2.0,Primary,1.0,,,,,
Deddick Valley,,,,,,,,,
Dederang,REGIONAL BUS,1.0,Primary,1.0,,,,,
Deep Lead,,,,,,,,,
Deepdene,METRO TRAM,6.0,Primary,2.0,,,,,
Deer Park,METRO BUS,47.0,Primary,3.0,,,,,
Deer Park,REGIONAL COACH,1.0,Primary,3.0,,,,,
Deer Park,REGIONAL TRAIN,2.0,Primary,3.0,,,,,
Delacombe,REGIONAL BUS,23.0,Primary,2.0,,,,,
Delahey,METRO BUS,22.0,Primary,1.0,,,,,
Delahey,METRO BUS,22.0,Secondary,1.0,,,,,
Delatite,,,,,,,,,
Delburn,,,,,,,,,
Delegate River,,,,,,,,,
Denicull Creek,,,,,,,,,
Denison,,,,,,,,,
Dennington,,,Primary,1.0,,,,,
Denver,,,,,,,,,
Deptford,,,,,,,,,
Derby,,,,,,,,,
Dereel,REGIONAL BUS,1.0,,,,,,,
Dergholm,,,,,,,,,
Derrimut,METRO BUS,17.0,Primary,2.0,,,,,
Derrinal,REGIONAL BUS,1.0,,,,,,,
Derrinallum,REGIONAL COACH,1.0,Pri/Sec,1.0,,,,,
Devenish,REGIONAL COACH,1.0,,,,,,,
Devils River,,,,,,,,,
Devon Meadows,METRO BUS,14.0,Primary,1.0,,,,,
Devon Meadows,REGIONAL COACH,1.0,Primary,1.0,,,,,
Devon North,,,,,,,,,
Dewhurst,,,,,,,,,
Dhurringile,,,,,,,,,
Diamond Creek,METRO BUS,34.0,Primary,3.0,,,,,
Diamond Creek,METRO BUS,34.0,Secondary,1.0,,,,,
Diamond Creek,METRO TRAIN,3.0,Primary,3.0,,,,,
Diamond Creek,METRO TRAIN,3.0,Secondary,1.0,,,,,
Digby,,,,,,,,,
Diggers Rest,METRO BUS,20.0,Primary,1.0,,,,,
Diggers Rest,METRO TRAIN,3.0,Primary,1.0,,,,,
Diggora,,,,,,,,,
Dimboola,INTERSTATE TRAIN,2.0,Primary,2.0,,,,,
Dimboola,INTERSTATE TRAIN,2.0,Secondary,1.0,,,,,
Dimboola,REGIONAL BUS,1.0,Primary,2.0,,,,,
Dimboola,REGIONAL BUS,1.0,Secondary,1.0,,,,,
Dimboola,REGIONAL COACH,1.0,Primary,2.0,,,,,
Dimboola,REGIONAL COACH,1.0,Secondary,1.0,,,,,
Dingee,REGIONAL COACH,2.0,Pri/Sec,1.0,,,,,
Dingee,REGIONAL TRAIN,2.0,Pri/Sec,1.0,,,,,
Dingley Village,METRO BUS,49.0,Primary,3.0,,,,,
Dingwall,,,,,,,,,
Dinner Plain,REGIONAL BUS,1.0,,,,,,,
Dixie,,,,,,,,,
Dixons Creek,,,,,,,,,
Dobie,,,,,,,,,
Docker,,,,,,,,,
Dockers Plains,,,,,,,,,
Docklands,INTERSTATE TRAIN,2.0,Primary,1.0,Inner Melbourne,1 bedroom flat,2025-03-01,580.0,500.0
Docklands,INTERSTATE TRAIN,2.0,Primary,1.0,Inner Melbourne,2 bedroom flat,2025-03-01,750.0,658.0
Docklands,INTERSTATE TRAIN,2.0,Primary,1.0,Inner Melbourne,2 bedroom house,2025-03-01,875.0,742.0
Docklands,INTERSTATE TRAIN,2.0,Primary,1.0,Inner Melbourne,3 bedroom flat,2025-03-01,1180.0,950.0
Docklands,INTERSTATE TRAIN,2.0,Primary,1.0,Inner Melbourne,All properties,2025-03-01,690.0,640.0
Docklands,METRO BUS,12.0,Primary,1.0,Inner Melbourne,1 bedroom flat,2025-03-01,580.0,500.0
Docklands,METRO BUS,12.0,Primary,1.0,Inner Melbourne,2 bedroom flat,2025-03-01,750.0,658.0
Docklands,METRO BUS,12.0,Primary,1.0,Inner Melbourne,2 bedroom house,2025-03-01,875.0,742.0
Docklands,METRO BUS,12.0,Primary,1.0,Inner Melbourne,3 bedroom flat,2025-03-01,1180.0,950.0
Docklands,METRO BUS,12.0,Primary,1.0,Inner Melbourne,All properties,2025-03-01,690.0,640.0
Docklands,METRO TRAIN,3.0,Primary,1.0,Inner Melbourne,1 bedroom flat,2025-03-01,580.0,500.0
Docklands,METRO TRAIN,3.0,Primary,1.0,Inner Melbourne,2 bedroom flat,2025-03-01,750.0,658.0
Docklands,METRO TRAIN,3.0,Primary,1.0,Inner Melbourne,2 bedroom house,2025-03-01,875.0,742.0
Docklands,METRO TRAIN,3.0,Primary,1.0,Inner Melbourne,3 bedroom flat,2025-03-01,1180.0,950.0
Docklands,METRO TRAIN,3.0,Primary,1.0,Inner Melbourne,All properties,2025-03-01,690.0,640.0
Docklands,METRO TRAM,19.0,Primary,1.0,Inner Melbourne,1 bedroom flat,2025-03-01,580.0,500.0
Docklands,METRO TRAM,19.0,Primary,1.0,Inner Melbourne,2 bedroom flat,2025-03-01,750.0,658.0
Docklands,METRO TRAM,19.0,Primary,1.0,Inner Melbourne,2 bedroom house,2025-03-01,875.0,742.0
Docklands,METRO TRAM,19.0,Primary,1.0,Inner Melbourne,3 bedroom flat,2025-03-01,1180.0,950.0
Docklands,METRO TRAM,19.0,Primary,1.0,Inner Melbourne,All properties,2025-03-01,690.0,640.0
Docklands,REGIONAL COACH,1.0,Primary,1.0,Inner Melbourne,1 bedroom flat,2025-03-01,580.0,500.0
Docklands,REGIONAL COACH,1.0,Primary,1.0,Inner Melbourne,2 bedroom flat,2025-03-01,750.0,658.0
Docklands,REGIONAL COACH,1.0,Primary,1.0,Inner Melbourne,2 bedroom house,2025-03-01,875.0,742.0
Docklands,REGIONAL COACH,1.0,Primary,1.0,Inner Melbourne,3 bedroom flat,2025-03-01,1180.0,950.0
Docklands,REGIONAL COACH,1.0,Primary,1.0,Inner Melbourne,All properties,2025-03-01,690.0,640.0
Docklands,REGIONAL TRAIN,2.0,Primary,1.0,Inner Melbourne,1 bedroom flat,2025-03-01,580.0,500.0
Docklands,REGIONAL TRAIN,2.0,Primary,1.0,Inner Melbourne,2 bedroom flat,2025-03-01,750.0,658.0
Docklands,REGIONAL TRAIN,2.0,Primary,1.0,Inner Melbourne,2 bedroom house,2025-03-01,875.0,742.0
Docklands,REGIONAL TRAIN,2.0,Primary,1.0,Inner Melbourne,3 bedroom flat,2025-03-01,1180.0,950.0
Docklands,REGIONAL TRAIN,2.0,Primary,1.0,Inner Melbourne,All properties,2025-03-01,690.0,640.0
Docklands,SKYBUS,1.0,Primary,1.0,Inner Melbourne,1 bedroom flat,2025-03-01,580.0,500.0
Docklands,SKYBUS,1.0,Primary,1.0,Inner Melbourne,2 bedroom flat,2025-03-01,750.0,658.0
Docklands,SKYBUS,1.0,Primary,1.0,Inner Melbourne,2 bedroom house,2025-03-01,875.0,742.0
Docklands,SKYBUS,1.0,Primary,1.0,Inner Melbourne,3 bedroom flat,2025-03-01,1180.0,950.0
Docklands,SKYBUS,1.0,Primary,1.0,Inner Melbourne,All properties,2025-03-01,690.0,640.0
Doctors Flat,,,,,,,,,
Dollar,,,,,,,,,
Don Valley,,,Primary,1.0,,,,,
Donald,REGIONAL BUS,1.0,Primary,2.0,,,,,
Donald,REGIONAL BUS,1.0,Secondary,1.0,,,,,
Donald,REGIONAL COACH,1.0,Primary,2.0,,,,,
Donald,REGIONAL COACH,1.0,Secondary,1.0,,,,,
Doncaster,METRO BUS,78.0,Primary,3.0,,,,,
Doncaster,METRO BUS,78.0,Secondary,1.0,,,,,
Doncaster East,METRO BUS,94.0,Primary,5.0,,,,,
Doncaster East,METRO BUS,94.0,Secondary,1.0,,,,,
Donnybrook,METRO BUS,12.0,Primary,1.0,,,,,
Donnybrook,REGIONAL COACH,1.0,Primary,1.0,,,,,
Donnybrook,REGIONAL TRAIN,2.0,Primary,1.0,,,,,
Donvale,METRO BUS,40.0,Pri/Sec,1.0,,,,,
Donvale,METRO BUS,40.0,Primary,2.0,,,,,
Donvale,METRO BUS,40.0,Secondary,1.0,,,,,
Donvale,METRO BUS,40.0,Special,1.0,,,,,
Dooboobetic,,,,,,,,,
Dooen,REGIONAL BUS,2.0,,,,,,,
Dookie,,,Primary,1.0,,,,,
Dookie College,,,,,,,,,
Doreen,METRO BUS,64.0,Pri/Sec,2.0,,,,,
Doreen,METRO BUS,64.0,Primary,4.0,,,,,
Dorodong,,,,,,,,,
Double Bridges,,,,,,,,,
Douglas,,,,,,,,,
Doveton,METRO BUS,29.0,Pri/Sec,1.0,,,,,
Doveton,METRO BUS,29.0,Primary,1.0,,,,,
Dreeite,,,,,,,,,
Dreeite South,,,,,,,,,
Driffield,,,,,,,,,
Drik Drik,,,,,,,,,
Dromana,METRO BUS,12.0,Primary,1.0,,,,,
Dromana,METRO BUS,12.0,Secondary,1.0,,,,,
Dromana,METRO BUS,12.0,Special,1.0,,,,,
Dropmore,,,,,,,,,
Drouin,REGIONAL BUS,41.0,Pri/Sec,1.0,,,,,
Drouin,REGIONAL BUS,41.0,Primary,2.0,,,,,
Drouin,REGIONAL BUS,41.0,Secondary,1.0,,,,,
Drouin,REGIONAL COACH,1.0,Pri/Sec,1.0,,,,,
Drouin,REGIONAL COACH,1.0,Primary,2.0,,,,,
Drouin,REGIONAL COACH,1.0,Secondary,1.0,,,,,
Drouin,REGIONAL TRAIN,2.0,Pri/Sec,1.0,,,,,
Drouin,REGIONAL TRAIN,2.0,Primary,2.0,,,,,
Drouin,REGIONAL TRAIN,2.0,Secondary,1.0,,,,,
Drouin East,,,,,,,,,
Drouin South,REGIONAL BUS,1.0,Primary,1.0,,,,,
Drouin West,,,Primary,1.0,,,,,
Drumanure,,,,,,,,,
Drumborg,,,,,,,,,
Drumcondra,REGIONAL BUS,4.0,,,,,,,
Drummartin,,,,,,,,,
Drummond,,,,,,,,,
Drummond North,,,,,,,,,
Drung,,,,,,,,,
Dry Diggings,,,,,,,,,
Drysdale,REGIONAL BUS,23.0,Primary,2.0,,,,,
Drysdale,REGIONAL BUS,23.0,Secondary,2.0,,,,,
Duchembegarra,,,,,,,,,
Dumbalk,,,,,,,,,
Dumbalk North,,,,,,,,,
Dumosa,,,,,,,,,
Dunach,,,,,,,,,
Dundonnell,,,,,,,,,
Dunkeld,REGIONAL COACH,1.0,Primary,1.0,,,,,
Dunluce,,,,,,,,,
Dunneworthy,,,,,,,,,
Dunnstown,REGIONAL BUS,1.0,,,,,,,
Dunolly,REGIONAL COACH,1.0,Primary,1.0,,,,,
Dunrobin,,,,,,,,,
Durdidwarrah,,,,,,,,,
Durham Lead,,,,,,,,,
Durham Ox,REGIONAL COACH,1.0,,,,,,,
Dutson,,,,,,,,,
Dutson Downs,,,,,,,,,
Dutton Way,,,,,,,,,
Duverney,,,,,,,,,
Eagle Point,,,Primary,1.0,,,,,
Eaglehawk,REGIONAL BUS,31.0,Primary,2.0,,,,,
Eaglehawk,REGIONAL BUS,31.0,Secondary,1.0,,,,,
Eaglehawk,REGIONAL COACH,2.0,Primary,2.0,,,,,
Eaglehawk,REGIONAL COACH,2.0,Secondary,1.0,,,,,
Eaglehawk,REGIONAL TRAIN,2.0,Primary,2.0,,,,,
Eaglehawk,REGIONAL TRAIN,2.0,Secondary,1.0,,,,,
Eaglehawk North,,,,,,,,,
Eaglemont,METRO BUS,4.0,,,,,,,
Eaglemont,METRO TRAIN,2.0,,,,,,,
Earlston,,,,,,,,,
East Bairnsdale,REGIONAL BUS,3.0,,,,,,,
East Bendigo,REGIONAL BUS,17.0,,,,,,,
East Geelong,REGIONAL BUS,27.0,Secondary,1.0,,,,,
East Melbourne,METRO BUS,9.0,Special,1.0,Inner Melbourne,1 bedroom flat,2025-03-01,500.0,500.0
East Melbourne,METRO BUS,9.0,Special,1.0,Inner Melbourne,2 bedroom flat,2025-03-01,673.0,658.0
East Melbourne,METRO BUS,9.0,Special,1.0,Inner Melbourne,2 bedroom house,2025-03-01,875.0,742.0
East Melbourne,METRO BUS,9.0,Special,1.0,Inner Melbourne,3 bedroom flat,2025-03-01,1050.0,950.0
East Melbourne,METRO BUS,9.0,Special,1.0,Inner Melbourne,3 bedroom house,2025-03-01,1295.0,973.0
East Melbourne,METRO BUS,9.0,Special,1.0,Inner Melbourne,4 bedroom house,2023-09-01,1125.0,1325.0
East Melbourne,METRO BUS,9.0,Special,1.0,Inner Melbourne,All properties,2025-03-01,630.0,640.0
East Melbourne,METRO TRAIN,12.0,Special,1.0,Inner Melbourne,1 bedroom flat,2025-03-01,500.0,500.0
East Melbourne,METRO TRAIN,12.0,Special,1.0,Inner Melbourne,2 bedroom flat,2025-03-01,673.0,658.0
East Melbourne,METRO TRAIN,12.0,Special,1.0,Inner Melbourne,2 bedroom house,2025-03-01,875.0,742.0
East Melbourne,METRO TRAIN,12.0,Special,1.0,Inner Melbourne,3 bedroom flat,2025-03-01,1050.0,950.0
East Melbourne,METRO TRAIN,12.0,Special,1.0,Inner Melbourne,3 bedroom house,2025-03-01,1295.0,973.0
East Melbourne,METRO TRAIN,12.0,Special,1.0,Inner Melbourne,4 bedroom house,2023-09-01,1125.0,1325.0
East Melbourne,METRO TRAIN,12.0,Special,1.0,Inner Melbourne,All properties,2025-03-01,630.0,640.0
East Melbourne,METRO TRAM,15.0,Special,1.0,Inner Melbourne,1 bedroom flat,2025-03-01,500.0,500.0
East Melbourne,METRO TRAM,15.0,Special,1.0,Inner Melbourne,2 bedroom flat,2025-03-01,673.0,658.0
East Melbourne,METRO TRAM,15.0,Special,1.0,Inner Melbourne,2 bedroom house,2025-03-01,875.0,742.0
East Melbourne,METRO TRAM,15.0,Special,1.0,Inner Melbourne,3 bedroom flat,2025-03-01,1050.0,950.0
East Melbourne,METRO TRAM,15.0,Special,1.0,Inner Melbourne,3 bedroom house,2025-03-01,1295.0,973.0
East Melbourne,METRO TRAM,15.0,Special,1.0,Inner Melbourne,4 bedroom house,2023-09-01,1125.0,1325.0
East Melbourne,METRO TRAM,15.0,Special,1.0,Inner Melbourne,All properties,2025-03-01,630.0,640.0
East Sale,,,,,,,,,
East Wangaratta,,,,,,,,,
East Warburton,METRO BUS,8.0,,,,,,,
Eastern View,REGIONAL COACH,1.0,,,,,,,
Eastville,,,,,,,,,
Eastwood,REGIONAL BUS,4.0,Primary,1.0,,,,,
Ebden,,,,,,,,,
Echuca,REGIONAL BUS,54.0,Primary,4.0,Other Regional Centres,1 bedroom flat,2025-03-01,275.0,275.0
Echuca,REGIONAL BUS,54.0,Primary,4.0,Other Regional Centres,2 bedroom flat,2025-03-01,400.0,360.0
Echuca,REGIONAL BUS,54.0,Primary,4.0,Other Regional Centres,2 bedroom house,2025-03-01,400.0,385.0
Echuca,REGIONAL BUS,54.0,Primary,4.0,Other Regional Centres,3 bedroom flat,2025-03-01,480.0,450.0
Echuca,REGIONAL BUS,54.0,Primary,4.0,Other Regional Centres,3 bedroom house,2025-03-01,500.0,450.0
Echuca,REGIONAL BUS,54.0,Primary,4.0,Other Regional Centres,4 bedroom house,2025-03-01,605.0,555.0
Echuca,REGIONAL BUS,54.0,Primary,4.0,Other Regional Centres,All properties,2025-03-01,451.0,440.0
Echuca,REGIONAL BUS,54.0,Secondary,2.0,Other Regional Centres,1 bedroom flat,2025-03-01,275.0,275.0
Echuca,REGIONAL BUS,54.0,Secondary,2.0,Other Regional Centres,2 bedroom flat,2025-03-01,400.0,360.0
Echuca,REGIONAL BUS,54.0,Secondary,2.0,Other Regional Centres,2 bedroom house,2025-03-01,400.0,385.0
Echuca,REGIONAL BUS,54.0,Secondary,2.0,Other Regional Centres,3 bedroom flat,2025-03-01,480.0,450.0
Echuca,REGIONAL BUS,54.0,Secondary,2.0,Other Regional Centres,3 bedroom house,2025-03-01,500.0,450.0
Echuca,REGIONAL BUS,54.0,Secondary,2.0,Other Regional Centres,4 bedroom house,2025-03-01,605.0,555.0
Echuca,REGIONAL BUS,54.0,Secondary,2.0,Other Regional Centres,All properties,2025-03-01,451.0,440.0
Echuca,REGIONAL BUS,54.0,Special,1.0,Other Regional Centres,1 bedroom flat,2025-03-01,275.0,275.0
Echuca,REGIONAL BUS,54.0,Special,1.0,Other Regional Centres,2 bedroom flat,2025-03-01,400.0,360.0
Echuca,REGIONAL BUS,54.0,Special,1.0,Other Regional Centres,2 bedroom house,2025-03-01,400.0,385.0
Echuca,REGIONAL BUS,54.0,Special,1.0,Other Regional Centres,3 bedroom flat,2025-03-01,480.0,450.0
Echuca,REGIONAL BUS,54.0,Special,1.0,Other Regional Centres,3 bedroom house,2025-03-01,500.0,450.0
Echuca,REGIONAL BUS,54.0,Special,1.0,Other Regional Centres,4 bedroom house,2025-03-01,605.0,555.0
Echuca,REGIONAL BUS,54.0,Special,1.0,Other Regional Centres,All properties,2025-03-01,451.0,440.0
Echuca,REGIONAL COACH,4.0,Primary,4.0,Other Regional Centres,1 bedroom flat,2025-03-01,275.0,275.0
Echuca,REGIONAL COACH,4.0,Primary,4.0,Other Regional Centres,2 bedroom flat,2025-03-01,400.0,360.0
Echuca,REGIONAL COACH,4.0,Primary,4.0,Other Regional Centres,2 bedroom house,2025-03-01,400.0,385.0
Echuca,REGIONAL COACH,4.0,Primary,4.0,Other Regional Centres,3 bedroom flat,2025-03-01,480.0,450.0
Echuca,REGIONAL COACH,4.0,Primary,4.0,Other Regional Centres,3 bedroom house,2025-03-01,500.0,450.0
Echuca,REGIONAL COACH,4.0,Primary,4.0,Other Regional Centres,4 bedroom house,2025-03-01,605.0,555.0
Echuca,REGIONAL COACH,4.0,Primary,4.0,Other Regional Centres,All properties,2025-03-01,451.0,440.0
Echuca,REGIONAL COACH,4.0,Secondary,2.0,Other Regional Centres,1 bedroom flat,2025-03-01,275.0,275.0
Echuca,REGIONAL COACH,4.0,Secondary,2.0,Other Regional Centres,2 bedroom flat,2025-03-01,400.0,360.0
Echuca,REGIONAL COACH,4.0,Secondary,2.0,Other Regional Centres,2 bedroom house,2025-03-01,400.0,385.0
Echuca,REGIONAL COACH,4.0,Secondary,2.0,Other Regional Centres,3 bedroom flat,2025-03-01,480.0,450.0
Echuca,REGIONAL COACH,4.0,Secondary,2.0,Other Regional Centres,3 bedroom house,2025-03-01,500.0,450.0
Echuca,REGIONAL COACH,4.0,Secondary,2.0,Other Regional Centres,4 bedroom house,2025-03-01,605.0,555.0
Echuca,REGIONAL COACH,4.0,Secondary,2.0,Other Regional Centres,All properties,2025-03-01,451.0,440.0
Echuca,REGIONAL COACH,4.0,Special,1.0,Other Regional Centres,1 bedroom flat,2025-03-01,275.0,275.0
Echuca,REGIONAL COACH,4.0,Special,1.0,Other Regional Centres,2 bedroom flat,2025-03-01,400.0,360.0
Echuca,REGIONAL COACH,4.0,Special,1.0,Other Regional Centres,2 bedroom house,2025-03-01,400.0,385.0
Echuca,REGIONAL COACH,4.0,Special,1.0,Other Regional Centres,3 bedroom flat,2025-03-01,480.0,450.0
Echuca,REGIONAL COACH,4.0,Special,1.0,Other Regional Centres,3 bedroom house,2025-03-01,500.0,450.0
Echuca,REGIONAL COACH,4.0,Special,1.0,Other Regional Centres,4 bedroom house,2025-03-01,605.0,555.0
Echuca,REGIONAL COACH,4.0,Special,1.0,Other Regional Centres,All properties,2025-03-01,451.0,440.0
Echuca,REGIONAL TRAIN,2.0,Primary,4.0,Other Regional Centres,1 bedroom flat,2025-03-01,275.0,275.0
Echuca,REGIONAL TRAIN,2.0,Primary,4.0,Other Regional Centres,2 bedroom flat,2025-03-01,400.0,360.0
Echuca,REGIONAL TRAIN,2.0,Primary,4.0,Other Regional Centres,2 bedroom house,2025-03-01,400.0,385.0
Echuca,REGIONAL TRAIN,2.0,Primary,4.0,Other Regional Centres,3 bedroom flat,2025-03-01,480.0,450.0
Echuca,REGIONAL TRAIN,2.0,Primary,4.0,Other Regional Centres,3 bedroom house,2025-03-01,500.0,450.0
Echuca,REGIONAL TRAIN,2.0,Primary,4.0,Other Regional Centres,4 bedroom house,2025-03-01,605.0,555.0
Echuca,REGIONAL TRAIN,2.0,Primary,4.0,Other Regional Centres,All properties,2025-03-01,451.0,440.0
Echuca,REGIONAL TRAIN,2.0,Secondary,2.0,Other Regional Centres,1 bedroom flat,2025-03-01,275.0,275.0
Echuca,REGIONAL TRAIN,2.0,Secondary,2.0,Other Regional Centres,2 bedroom flat,2025-03-01,400.0,360.0
Echuca,REGIONAL TRAIN,2.0,Secondary,2.0,Other Regional Centres,2 bedroom house,2025-03-01,400.0,385.0
Echuca,REGIONAL TRAIN,2.0,Secondary,2.0,Other Regional Centres,3 bedroom flat,2025-03-01,480.0,450.0
Echuca,REGIONAL TRAIN,2.0,Secondary,2.0,Other Regional Centres,3 bedroom house,2025-03-01,500.0,450.0
Echuca,REGIONAL TRAIN,2.0,Secondary,2.0,Other Regional Centres,4 bedroom house,2025-03-01,605.0,555.0
Echuca,REGIONAL TRAIN,2.0,Secondary,2.0,Other Regional Centres,All properties,2025-03-01,451.0,440.0
Echuca,REGIONAL TRAIN,2.0,Special,1.0,Other Regional Centres,1 bedroom flat,2025-03-01,275.0,275.0
Echuca,REGIONAL TRAIN,2.0,Special,1.0,Other Regional Centres,2 bedroom flat,2025-03-01,400.0,360.0
Echuca,REGIONAL TRAIN,2.0,Special,1.0,Other Regional Centres,2 bedroom house,2025-03-01,400.0,385.0
Echuca,REGIONAL TRAIN,2.0,Special,1.0,Other Regional Centres,3 bedroom flat,2025-03-01,480.0,450.0
Echuca,REGIONAL TRAIN,2.0,Special,1.0,Other Regional Centres,3 bedroom house,2025-03-01,500.0,450.0
Echuca,REGIONAL TRAIN,2.0,Special,1.0,Other Regional Centres,4 bedroom house,2025-03-01,605.0,555.0
Echuca,REGIONAL TRAIN,2.0,Special,1.0,Other Regional Centres,All properties,2025-03-01,451.0,440.0
Echuca Village,,,,,,,,,
Echuca West,,,,,,,,,
Ecklin South,,,,,,,,,
Eddington,,,,,,,,,
Eden Park,,,,,,,,,
Edenhope,REGIONAL BUS,1.0,Pri/Sec,1.0,,,,,
Edenhope,REGIONAL BUS,1.0,Primary,1.0,,,,,
Edgecombe,,,,,,,,,
Edi,REGIONAL BUS,1.0,,,,,,,
Edi Upper,,,,,,,,,
Edithvale,METRO BUS,20.0,Primary,1.0,,,,,
Edithvale,METRO TRAIN,2.0,Primary,1.0,,,,,
Eganstown,,,,,,,,,
Eildon,METRO BUS,1.0,Primary,1.0,,,,,
Eildon,REGIONAL BUS,3.0,Primary,1.0,,,,,
Elaine,REGIONAL COACH,1.0,,,,,,,
Eldorado,,,,,,,,,
Elevated Plains,,,,,,,,,
Elingamite,,,,,,,,,
Elingamite North,,,,,,,,,
Elizabeth Island,,,,,,,,,
Ellaswood,,,,,,,,,
Ellerslie,REGIONAL BUS,1.0,,,,,,,
Elliminyt,REGIONAL BUS,17.0,Primary,2.0,,,,,
Ellinbank,,,Primary,1.0,,,,,
Elmhurst,REGIONAL BUS,3.0,,,,,,,
Elmore,REGIONAL COACH,2.0,Primary,2.0,,,,,
Elmore,REGIONAL TRAIN,2.0,Primary,2.0,,,,,
Elphinstone,REGIONAL BUS,2.0,Primary,1.0,,,,,
Elsternwick,METRO BUS,39.0,Pri/Sec,2.0,Southern Melbourne,1 bedroom flat,2025-03-01,430.0,433.0
Elsternwick,METRO BUS,39.0,Pri/Sec,2.0,Southern Melbourne,2 bedroom flat,2025-03-01,600.0,598.0
Elsternwick,METRO BUS,39.0,Pri/Sec,2.0,Southern Melbourne,2 bedroom house,2025-03-01,718.0,620.0
Elsternwick,METRO BUS,39.0,Pri/Sec,2.0,Southern Melbourne,3 bedroom flat,2025-03-01,800.0,760.0
Elsternwick,METRO BUS,39.0,Pri/Sec,2.0,Southern Melbourne,3 bedroom house,2025-03-01,900.0,790.0
Elsternwick,METRO BUS,39.0,Pri/Sec,2.0,Southern Melbourne,4 bedroom house,2025-03-01,1075.0,1075.0
Elsternwick,METRO BUS,39.0,Pri/Sec,2.0,Southern Melbourne,All properties,2025-03-01,600.0,610.0
Elsternwick,METRO BUS,39.0,Primary,2.0,Southern Melbourne,1 bedroom flat,2025-03-01,430.0,433.0
Elsternwick,METRO BUS,39.0,Primary,2.0,Southern Melbourne,2 bedroom flat,2025-03-01,600.0,598.0
Elsternwick,METRO BUS,39.0,Primary,2.0,Southern Melbourne,2 bedroom house,2025-03-01,718.0,620.0
Elsternwick,METRO BUS,39.0,Primary,2.0,Southern Melbourne,3 bedroom flat,2025-03-01,800.0,760.0
Elsternwick,METRO BUS,39.0,Primary,2.0,Southern Melbourne,3 bedroom house,2025-03-01,900.0,790.0
Elsternwick,METRO BUS,39.0,Primary,2.0,Southern Melbourne,4 bedroom house,2025-03-01,1075.0,1075.0
Elsternwick,METRO BUS,39.0,Primary,2.0,Southern Melbourne,All properties,2025-03-01,600.0,610.0
Elsternwick,METRO TRAIN,3.0,Pri/Sec,2.0,Southern Melbourne,1 bedroom flat,2025-03-01,430.0,433.0
Elsternwick,METRO TRAIN,3.0,Pri/Sec,2.0,Southern Melbourne,2 bedroom flat,2025-03-01,600.0,598.0
Elsternwick,METRO TRAIN,3.0,Pri/Sec,2.0,Southern Melbourne,2 bedroom house,2025-03-01,718.0,620.0
Elsternwick,METRO TRAIN,3.0,Pri/Sec,2.0,Southern Melbourne,3 bedroom flat,2025-03-01,800.0,760.0
Elsternwick,METRO TRAIN,3.0,Pri/Sec,2.0,Southern Melbourne,3 bedroom house,2025-03-01,900.0,790.0
Elsternwick,METRO TRAIN,3.0,Pri/Sec,2.0,Southern Melbourne,4 bedroom house,2025-03-01,1075.0,1075.0
Elsternwick,METRO TRAIN,3.0,Pri/Sec,2.0,Southern Melbourne,All properties,2025-03-01,600.0,610.0
Elsternwick,METRO TRAIN,3.0,Primary,2.0,Southern Melbourne,1 bedroom flat,2025-03-01,430.0,433.0
Elsternwick,METRO TRAIN,3.0,Primary,2.0,Southern Melbourne,2 bedroom flat,2025-03-01,600.0,598.0
Elsternwick,METRO TRAIN,3.0,Primary,2.0,Southern Melbourne,2 bedroom house,2025-03-01,718.0,620.0
Elsternwick,METRO TRAIN,3.0,Primary,2.0,Southern Melbourne,3 bedroom flat,2025-03-01,800.0,760.0
Elsternwick,METRO TRAIN,3.0,Primary,2.0,Southern Melbourne,3 bedroom house,2025-03-01,900.0,790.0
Elsternwick,METRO TRAIN,3.0,Primary,2.0,Southern Melbourne,4 bedroom house,2025-03-01,1075.0,1075.0
Elsternwick,METRO TRAIN,3.0,Primary,2.0,Southern Melbourne,All properties,2025-03-01,600.0,610.0
Elsternwick,METRO TRAM,7.0,Pri/Sec,2.0,Southern Melbourne,1 bedroom flat,2025-03-01,430.0,433.0
Elsternwick,METRO TRAM,7.0,Pri/Sec,2.0,Southern Melbourne,2 bedroom flat,2025-03-01,600.0,598.0
Elsternwick,METRO TRAM,7.0,Pri/Sec,2.0,Southern Melbourne,2 bedroom house,2025-03-01,718.0,620.0
Elsternwick,METRO TRAM,7.0,Pri/Sec,2.0,Southern Melbourne,3 bedroom flat,2025-03-01,800.0,760.0
Elsternwick,METRO TRAM,7.0,Pri/Sec,2.0,Southern Melbourne,3 bedroom house,2025-03-01,900.0,790.0
Elsternwick,METRO TRAM,7.0,Pri/Sec,2.0,Southern Melbourne,4 bedroom house,2025-03-01,1075.0,1075.0
Elsternwick,METRO TRAM,7.0,Pri/Sec,2.0,Southern Melbourne,All properties,2025-03-01,600.0,610.0
Elsternwick,METRO TRAM,7.0,Primary,2.0,Southern Melbourne,1 bedroom flat,2025-03-01,430.0,433.0
Elsternwick,METRO TRAM,7.0,Primary,2.0,Southern Melbourne,2 bedroom flat,2025-03-01,600.0,598.0
Elsternwick,METRO TRAM,7.0,Primary,2.0,Southern Melbourne,2 bedroom house,2025-03-01,718.0,620.0
Elsternwick,METRO TRAM,7.0,Primary,2.0,Southern Melbourne,3 bedroom flat,2025-03-01,800.0,760.0
Elsternwick,METRO TRAM,7.0,Primary,2.0,Southern Melbourne,3 bedroom house,2025-03-01,900.0,790.0
Elsternwick,METRO TRAM,7.0,Primary,2.0,Southern Melbourne,4 bedroom house,2025-03-01,1075.0,1075.0
Elsternwick,METRO TRAM,7.0,Primary,2.0,Southern Melbourne,All properties,2025-03-01,600.0,610.0
Elsternwick,SKYBUS,2.0,Pri/Sec,2.0,Southern Melbourne,1 bedroom flat,2025-03-01,430.0,433.0
Elsternwick,SKYBUS,2.0,Pri/Sec,2.0,Southern Melbourne,2 bedroom flat,2025-03-01,600.0,598.0
Elsternwick,SKYBUS,2.0,Pri/Sec,2.0,Southern Melbourne,2 bedroom house,2025-03-01,718.0,620.0
Elsternwick,SKYBUS,2.0,Pri/Sec,2.0,Southern Melbourne,3 bedroom flat,2025-03-01,800.0,760.0
Elsternwick,SKYBUS,2.0,Pri/Sec,2.0,Southern Melbourne,3 bedroom house,2025-03-01,900.0,790.0
Elsternwick,SKYBUS,2.0,Pri/Sec,2.0,Southern Melbourne,4 bedroom house,2025-03-01,1075.0,1075.0
Elsternwick,SKYBUS,2.0,Pri/Sec,2.0,Southern Melbourne,All properties,2025-03-01,600.0,610.0
Elsternwick,SKYBUS,2.0,Primary,2.0,Southern Melbourne,1 bedroom flat,2025-03-01,430.0,433.0
Elsternwick,SKYBUS,2.0,Primary,2.0,Southern Melbourne,2 bedroom flat,2025-03-01,600.0,598.0
Elsternwick,SKYBUS,2.0,Primary,2.0,Southern Melbourne,2 bedroom house,2025-03-01,718.0,620.0
Elsternwick,SKYBUS,2.0,Primary,2.0,Southern Melbourne,3 bedroom flat,2025-03-01,800.0,760.0
Elsternwick,SKYBUS,2.0,Primary,2.0,Southern Melbourne,3 bedroom house,2025-03-01,900.0,790.0
Elsternwick,SKYBUS,2.0,Primary,2.0,Southern Melbourne,4 bedroom house,2025-03-01,1075.0,1075.0
Elsternwick,SKYBUS,2.0,Primary,2.0,Southern Melbourne,All properties,2025-03-01,600.0,610.0
Eltham,METRO BUS,40.0,Primary,3.0,,,,,
Eltham,METRO BUS,40.0,Secondary,2.0,,,,,
Eltham,METRO TRAIN,3.0,Primary,3.0,,,,,
Eltham,METRO TRAIN,3.0,Secondary,2.0,,,,,
Eltham North,METRO BUS,22.0,Primary,3.0,,,,,
Eltham North,METRO BUS,22.0,Secondary,1.0,,,,,
Elwood,METRO BUS,28.0,Pri/Sec,1.0,Inner Melbourne,1 bedroom flat,2025-03-01,440.0,500.0
Elwood,METRO BUS,28.0,Pri/Sec,1.0,Inner Melbourne,2 bedroom flat,2025-03-01,600.0,658.0
Elwood,METRO BUS,28.0,Pri/Sec,1.0,Inner Melbourne,2 bedroom house,2025-03-01,750.0,742.0
Elwood,METRO BUS,28.0,Pri/Sec,1.0,Inner Melbourne,3 bedroom flat,2025-03-01,900.0,950.0
Elwood,METRO BUS,28.0,Pri/Sec,1.0,Inner Melbourne,3 bedroom house,2025-03-01,1000.0,973.0
Elwood,METRO BUS,28.0,Pri/Sec,1.0,Inner Melbourne,4 bedroom house,2025-03-01,1550.0,1325.0
Elwood,METRO BUS,28.0,Pri/Sec,1.0,Inner Melbourne,All properties,2025-03-01,575.0,640.0
Elwood,METRO BUS,28.0,Primary,2.0,Inner Melbourne,1 bedroom flat,2025-03-01,440.0,500.0
Elwood,METRO BUS,28.0,Primary,2.0,Inner Melbourne,2 bedroom flat,2025-03-01,600.0,658.0
Elwood,METRO BUS,28.0,Primary,2.0,Inner Melbourne,2 bedroom house,2025-03-01,750.0,742.0
Elwood,METRO BUS,28.0,Primary,2.0,Inner Melbourne,3 bedroom flat,2025-03-01,900.0,950.0
Elwood,METRO BUS,28.0,Primary,2.0,Inner Melbourne,3 bedroom house,2025-03-01,1000.0,973.0
Elwood,METRO BUS,28.0,Primary,2.0,Inner Melbourne,4 bedroom house,2025-03-01,1550.0,1325.0
Elwood,METRO BUS,28.0,Primary,2.0,Inner Melbourne,All properties,2025-03-01,575.0,640.0
Elwood,METRO BUS,28.0,Secondary,1.0,Inner Melbourne,1 bedroom flat,2025-03-01,440.0,500.0
Elwood,METRO BUS,28.0,Secondary,1.0,Inner Melbourne,2 bedroom flat,2025-03-01,600.0,658.0
Elwood,METRO BUS,28.0,Secondary,1.0,Inner Melbourne,2 bedroom house,2025-03-01,750.0,742.0
Elwood,METRO BUS,28.0,Secondary,1.0,Inner Melbourne,3 bedroom flat,2025-03-01,900.0,950.0
Elwood,METRO BUS,28.0,Secondary,1.0,Inner Melbourne,3 bedroom house,2025-03-01,1000.0,973.0
Elwood,METRO BUS,28.0,Secondary,1.0,Inner Melbourne,4 bedroom house,2025-03-01,1550.0,1325.0
Elwood,METRO BUS,28.0,Secondary,1.0,Inner Melbourne,All properties,2025-03-01,575.0,640.0
Elwood,METRO TRAM,5.0,Pri/Sec,1.0,Inner Melbourne,1 bedroom flat,2025-03-01,440.0,500.0
Elwood,METRO TRAM,5.0,Pri/Sec,1.0,Inner Melbourne,2 bedroom flat,2025-03-01,600.0,658.0
Elwood,METRO TRAM,5.0,Pri/Sec,1.0,Inner Melbourne,2 bedroom house,2025-03-01,750.0,742.0
Elwood,METRO TRAM,5.0,Pri/Sec,1.0,Inner Melbourne,3 bedroom flat,2025-03-01,900.0,950.0
Elwood,METRO TRAM,5.0,Pri/Sec,1.0,Inner Melbourne,3 bedroom house,2025-03-01,1000.0,973.0
Elwood,METRO TRAM,5.0,Pri/Sec,1.0,Inner Melbourne,4 bedroom house,2025-03-01,1550.0,1325.0
Elwood,METRO TRAM,5.0,Pri/Sec,1.0,Inner Melbourne,All properties,2025-03-01,575.0,640.0
Elwood,METRO TRAM,5.0,Primary,2.0,Inner Melbourne,1 bedroom flat,2025-03-01,440.0,500.0
Elwood,METRO TRAM,5.0,Primary,2.0,Inner Melbourne,2 bedroom flat,2025-03-01,600.0,658.0
Elwood,METRO TRAM,5.0,Primary,2.0,Inner Melbourne,2 bedroom house,2025-03-01,750.0,742.0
Elwood,METRO TRAM,5.0,Primary,2.0,Inner Melbourne,3 bedroom flat,2025-03-01,900.0,950.0
Elwood,METRO TRAM,5.0,Primary,2.0,Inner Melbourne,3 bedroom house,2025-03-01,1000.0,973.0
Elwood,METRO TRAM,5.0,Primary,2.0,Inner Melbourne,4 bedroom house,2025-03-01,1550.0,1325.0
Elwood,METRO TRAM,5.0,Primary,2.0,Inner Melbourne,All properties,2025-03-01,575.0,640.0
Elwood,METRO TRAM,5.0,Secondary,1.0,Inner Melbourne,1 bedroom flat,2025-03-01,440.0,500.0
Elwood,METRO TRAM,5.0,Secondary,1.0,Inner Melbourne,2 bedroom flat,2025-03-01,600.0,658.0
Elwood,METRO TRAM,5.0,Secondary,1.0,Inner Melbourne,2 bedroom house,2025-03-01,750.0,742.0
Elwood,METRO TRAM,5.0,Secondary,1.0,Inner Melbourne,3 bedroom flat,2025-03-01,900.0,950.0
Elwood,METRO TRAM,5.0,Secondary,1.0,Inner Melbourne,3 bedroom house,2025-03-01,1000.0,973.0
Elwood,METRO TRAM,5.0,Secondary,1.0,Inner Melbourne,4 bedroom house,2025-03-01,1550.0,1325.0
Elwood,METRO TRAM,5.0,Secondary,1.0,Inner Melbourne,All properties,2025-03-01,575.0,640.0
Elwood,SKYBUS,2.0,Pri/Sec,1.0,Inner Melbourne,1 bedroom flat,2025-03-01,440.0,500.0
Elwood,SKYBUS,2.0,Pri/Sec,1.0,Inner Melbourne,2 bedroom flat,2025-03-01,600.0,658.0
Elwood,SKYBUS,2.0,Pri/Sec,1.0,Inner Melbourne,2 bedroom house,2025-03-01,750.0,742.0
Elwood,SKYBUS,2.0,Pri/Sec,1.0,Inner Melbourne,3 bedroom flat,2025-03-01,900.0,950.0
Elwood,SKYBUS,2.0,Pri/Sec,1.0,Inner Melbourne,3 bedroom house,2025-03-01,1000.0,973.0
Elwood,SKYBUS,2.0,Pri/Sec,1.0,Inner Melbourne,4 bedroom house,2025-03-01,1550.0,1325.0
Elwood,SKYBUS,2.0,Pri/Sec,1.0,Inner Melbourne,All properties,2025-03-01,575.0,640.0
Elwood,SKYBUS,2.0,Primary,2.0,Inner Melbourne,1 bedroom flat,2025-03-01,440.0,500.0
Elwood,SKYBUS,2.0,Primary,2.0,Inner Melbourne,2 bedroom flat,2025-03-01,600.0,658.0
Elwood,SKYBUS,2.0,Primary,2.0,Inner Melbourne,2 bedroom house,2025-03-01,750.0,742.0
Elwood,SKYBUS,2.0,Primary,2.0,Inner Melbourne,3 bedroom flat,2025-03-01,900.0,950.0
Elwood,SKYBUS,2.0,Primary,2.0,Inner Melbourne,3 bedroom house,2025-03-01,1000.0,973.0
Elwood,SKYBUS,2.0,Primary,2.0,Inner Melbourne,4 bedroom house,2025-03-01,1550.0,1325.0
Elwood,SKYBUS,2.0,Primary,2.0,Inner Melbourne,All properties,2025-03-01,575.0,640.0
Elwood,SKYBUS,2.0,Secondary,1.0,Inner Melbourne,1 bedroom flat,2025-03-01,440.0,500.0
Elwood,SKYBUS,2.0,Secondary,1.0,Inner Melbourne,2 bedroom flat,2025-03-01,600.0,658.0
Elwood,SKYBUS,2.0,Secondary,1.0,Inner Melbourne,2 bedroom house,2025-03-01,750.0,742.0
Elwood,SKYBUS,2.0,Secondary,1.0,Inner Melbourne,3 bedroom flat,2025-03-01,900.0,950.0
Elwood,SKYBUS,2.0,Secondary,1.0,Inner Melbourne,3 bedroom house,2025-03-01,1000.0,973.0
Elwood,SKYBUS,2.0,Secondary,1.0,Inner Melbourne,4 bedroom house,2025-03-01,1550.0,1325.0
Elwood,SKYBUS,2.0,Secondary,1.0,Inner Melbourne,All properties,2025-03-01,575.0,640.0
Emerald,METRO BUS,16.0,Primary,2.0,,,,,
Emerald,METRO BUS,16.0,Secondary,1.0,,,,,
Emu,REGIONAL COACH,1.0,,,,,,,
Emu Creek,,,,,,,,,
Endeavour Hills,METRO BUS,91.0,Pri/Sec,1.0,,,,,
Endeavour Hills,METRO BUS,91.0,Primary,7.0,,,,,
Endeavour Hills,METRO BUS,91.0,Secondary,1.0,,,,,
Endeavour Hills,METRO BUS,91.0,Special,1.0,,,,,
Enfield,REGIONAL BUS,2.0,,,,,,,
Englefield,,,,,,,,,
Enochs Point,,,,,,,,,
Ensay,REGIONAL BUS,1.0,,,,,,,
Ensay North,,,,,,,,,
Eppalock,,,,,,,,,
Epping,METRO BUS,103.0,Pri/Sec,1.0,,,,,
Epping,METRO BUS,103.0,Primary,6.0,,,,,
Epping,METRO BUS,103.0,Secondary,4.0,,,,,
Epping,METRO TRAIN,10.0,Pri/Sec,1.0,,,,,
Epping,METRO TRAIN,10.0,Primary,6.0,,,,,
Epping,METRO TRAIN,10.0,Secondary,4.0,,,,,
Epsom,REGIONAL BUS,30.0,Primary,1.0,,,,,
Epsom,REGIONAL COACH,1.0,Primary,1.0,,,,,
Epsom,REGIONAL TRAIN,2.0,Primary,1.0,,,,,
Ercildoune,,,,,,,,,
Erica,,,,,,,,,
Errinundra,,,,,,,,,
Eskdale,,,Primary,1.0,,,,,
Esmond,,,,,,,,,
Essendon,METRO BUS,71.0,Pri/Sec,1.0,North Western Melbourne,1 bedroom flat,2025-03-01,420.0,420.0
Essendon,METRO BUS,71.0,Pri/Sec,1.0,North Western Melbourne,2 bedroom flat,2025-03-01,500.0,500.0
Essendon,METRO BUS,71.0,Pri/Sec,1.0,North Western Melbourne,2 bedroom house,2025-03-01,533.0,532.0
Essendon,METRO BUS,71.0,Pri/Sec,1.0,North Western Melbourne,3 bedroom flat,2025-03-01,620.0,610.0
Essendon,METRO BUS,71.0,Pri/Sec,1.0,North Western Melbourne,3 bedroom house,2025-03-01,650.0,620.0
Essendon,METRO BUS,71.0,Pri/Sec,1.0,North Western Melbourne,4 bedroom house,2025-03-01,865.0,795.0
Essendon,METRO BUS,71.0,Pri/Sec,1.0,North Western Melbourne,All properties,2025-03-01,550.0,550.0
Essendon,METRO BUS,71.0,Primary,2.0,North Western Melbourne,1 bedroom flat,2025-03-01,420.0,420.0
Essendon,METRO BUS,71.0,Primary,2.0,North Western Melbourne,2 bedroom flat,2025-03-01,500.0,500.0
Essendon,METRO BUS,71.0,Primary,2.0,North Western Melbourne,2 bedroom house,2025-03-01,533.0,532.0
Essendon,METRO BUS,71.0,Primary,2.0,North Western Melbourne,3 bedroom flat,2025-03-01,620.0,610.0
Essendon,METRO BUS,71.0,Primary,2.0,North Western Melbourne,3 bedroom house,2025-03-01,650.0,620.0
Essendon,METRO BUS,71.0,Primary,2.0,North Western Melbourne,4 bedroom house,2025-03-01,865.0,795.0
Essendon,METRO BUS,71.0,Primary,2.0,North Western Melbourne,All properties,2025-03-01,550.0,550.0
Essendon,METRO BUS,71.0,Secondary,2.0,North Western Melbourne,1 bedroom flat,2025-03-01,420.0,420.0
Essendon,METRO BUS,71.0,Secondary,2.0,North Western Melbourne,2 bedroom flat,2025-03-01,500.0,500.0
Essendon,METRO BUS,71.0,Secondary,2.0,North Western Melbourne,2 bedroom house,2025-03-01,533.0,532.0
Essendon,METRO BUS,71.0,Secondary,2.0,North Western Melbourne,3 bedroom flat,2025-03-01,620.0,610.0
Essendon,METRO BUS,71.0,Secondary,2.0,North Western Melbourne,3 bedroom house,2025-03-01,650.0,620.0
Essendon,METRO BUS,71.0,Secondary,2.0,North Western Melbourne,4 bedroom house,2025-03-01,865.0,795.0
Essendon,METRO BUS,71.0,Secondary,2.0,North Western Melbourne,All properties,2025-03-01,550.0,550.0
Essendon,METRO TRAIN,9.0,Pri/Sec,1.0,North Western Melbourne,1 bedroom flat,2025-03-01,420.0,420.0
Essendon,METRO TRAIN,9.0,Pri/Sec,1.0,North Western Melbourne,2 bedroom flat,2025-03-01,500.0,500.0
Essendon,METRO TRAIN,9.0,Pri/Sec,1.0,North Western Melbourne,2 bedroom house,2025-03-01,533.0,532.0
Essendon,METRO TRAIN,9.0,Pri/Sec,1.0,North Western Melbourne,3 bedroom flat,2025-03-01,620.0,610.0
Essendon,METRO TRAIN,9.0,Pri/Sec,1.0,North Western Melbourne,3 bedroom house,2025-03-01,650.0,620.0
Essendon,METRO TRAIN,9.0,Pri/Sec,1.0,North Western Melbourne,4 bedroom house,2025-03-01,865.0,795.0
Essendon,METRO TRAIN,9.0,Pri/Sec,1.0,North Western Melbourne,All properties,2025-03-01,550.0,550.0
Essendon,METRO TRAIN,9.0,Primary,2.0,North Western Melbourne,1 bedroom flat,2025-03-01,420.0,420.0
Essendon,METRO TRAIN,9.0,Primary,2.0,North Western Melbourne,2 bedroom flat,2025-03-01,500.0,500.0
Essendon,METRO TRAIN,9.0,Primary,2.0,North Western Melbourne,2 bedroom house,2025-03-01,533.0,532.0
Essendon,METRO TRAIN,9.0,Primary,2.0,North Western Melbourne,3 bedroom flat,2025-03-01,620.0,610.0
Essendon,METRO TRAIN,9.0,Primary,2.0,North Western Melbourne,3 bedroom house,2025-03-01,650.0,620.0
Essendon,METRO TRAIN,9.0,Primary,2.0,North Western Melbourne,4 bedroom house,2025-03-01,865.0,795.0
Essendon,METRO TRAIN,9.0,Primary,2.0,North Western Melbourne,All properties,2025-03-01,550.0,550.0
Essendon,METRO TRAIN,9.0,Secondary,2.0,North Western Melbourne,1 bedroom flat,2025-03-01,420.0,420.0
Essendon,METRO TRAIN,9.0,Secondary,2.0,North Western Melbourne,2 bedroom flat,2025-03-01,500.0,500.0
Essendon,METRO TRAIN,9.0,Secondary,2.0,North Western Melbourne,2 bedroom house,2025-03-01,533.0,532.0
Essendon,METRO TRAIN,9.0,Secondary,2.0,North Western Melbourne,3 bedroom flat,2025-03-01,620.0,610.0
Essendon,METRO TRAIN,9.0,Secondary,2.0,North Western Melbourne,3 bedroom house,2025-03-01,650.0,620.0
Essendon,METRO TRAIN,9.0,Secondary,2.0,North Western Melbourne,4 bedroom house,2025-03-01,865.0,795.0
Essendon,METRO TRAIN,9.0,Secondary,2.0,North Western Melbourne,All properties,2025-03-01,550.0,550.0
Essendon,METRO TRAM,20.0,Pri/Sec,1.0,North Western Melbourne,1 bedroom flat,2025-03-01,420.0,420.0
Essendon,METRO TRAM,20.0,Pri/Sec,1.0,North Western Melbourne,2 bedroom flat,2025-03-01,500.0,500.0
Essendon,METRO TRAM,20.0,Pri/Sec,1.0,North Western Melbourne,2 bedroom house,2025-03-01,533.0,532.0
Essendon,METRO TRAM,20.0,Pri/Sec,1.0,North Western Melbourne,3 bedroom flat,2025-03-01,620.0,610.0
Essendon,METRO TRAM,20.0,Pri/Sec,1.0,North Western Melbourne,3 bedroom house,2025-03-01,650.0,620.0
Essendon,METRO TRAM,20.0,Pri/Sec,1.0,North Western Melbourne,4 bedroom house,2025-03-01,865.0,795.0
Essendon,METRO TRAM,20.0,Pri/Sec,1.0,North Western Melbourne,All properties,2025-03-01,550.0,550.0
Essendon,METRO TRAM,20.0,Primary,2.0,North Western Melbourne,1 bedroom flat,2025-03-01,420.0,420.0
Essendon,METRO TRAM,20.0,Primary,2.0,North Western Melbourne,2 bedroom flat,2025-03-01,500.0,500.0
Essendon,METRO TRAM,20.0,Primary,2.0,North Western Melbourne,2 bedroom house,2025-03-01,533.0,532.0
Essendon,METRO TRAM,20.0,Primary,2.0,North Western Melbourne,3 bedroom flat,2025-03-01,620.0,610.0
Essendon,METRO TRAM,20.0,Primary,2.0,North Western Melbourne,3 bedroom house,2025-03-01,650.0,620.0
Essendon,METRO TRAM,20.0,Primary,2.0,North Western Melbourne,4 bedroom house,2025-03-01,865.0,795.0
Essendon,METRO TRAM,20.0,Primary,2.0,North Western Melbourne,All properties,2025-03-01,550.0,550.0
Essendon,METRO TRAM,20.0,Secondary,2.0,North Western Melbourne,1 bedroom flat,2025-03-01,420.0,420.0
Essendon,METRO TRAM,20.0,Secondary,2.0,North Western Melbourne,2 bedroom flat,2025-03-01,500.0,500.0
Essendon,METRO TRAM,20.0,Secondary,2.0,North Western Melbourne,2 bedroom house,2025-03-01,533.0,532.0
Essendon,METRO TRAM,20.0,Secondary,2.0,North Western Melbourne,3 bedroom flat,2025-03-01,620.0,610.0
Essendon,METRO TRAM,20.0,Secondary,2.0,North Western Melbourne,3 bedroom house,2025-03-01,650.0,620.0
Essendon,METRO TRAM,20.0,Secondary,2.0,North Western Melbourne,4 bedroom house,2025-03-01,865.0,795.0
Essendon,METRO TRAM,20.0,Secondary,2.0,North Western Melbourne,All properties,2025-03-01,550.0,550.0
Essendon,REGIONAL COACH,1.0,Pri/Sec,1.0,North Western Melbourne,1 bedroom flat,2025-03-01,420.0,420.0
Essendon,REGIONAL COACH,1.0,Pri/Sec,1.0,North Western Melbourne,2 bedroom flat,2025-03-01,500.0,500.0
Essendon,REGIONAL COACH,1.0,Pri/Sec,1.0,North Western Melbourne,2 bedroom house,2025-03-01,533.0,532.0
Essendon,REGIONAL COACH,1.0,Pri/Sec,1.0,North Western Melbourne,3 bedroom flat,2025-03-01,620.0,610.0
Essendon,REGIONAL COACH,1.0,Pri/Sec,1.0,North Western Melbourne,3 bedroom house,2025-03-01,650.0,620.0
Essendon,REGIONAL COACH,1.0,Pri/Sec,1.0,North Western Melbourne,4 bedroom house,2025-03-01,865.0,795.0
Essendon,REGIONAL COACH,1.0,Pri/Sec,1.0,North Western Melbourne,All properties,2025-03-01,550.0,550.0
Essendon,REGIONAL COACH,1.0,Primary,2.0,North Western Melbourne,1 bedroom flat,2025-03-01,420.0,420.0
Essendon,REGIONAL COACH,1.0,Primary,2.0,North Western Melbourne,2 bedroom flat,2025-03-01,500.0,500.0
Essendon,REGIONAL COACH,1.0,Primary,2.0,North Western Melbourne,2 bedroom house,2025-03-01,533.0,532.0
Essendon,REGIONAL COACH,1.0,Primary,2.0,North Western Melbourne,3 bedroom flat,2025-03-01,620.0,610.0
Essendon,REGIONAL COACH,1.0,Primary,2.0,North Western Melbourne,3 bedroom house,2025-03-01,650.0,620.0
Essendon,REGIONAL COACH,1.0,Primary,2.0,North Western Melbourne,4 bedroom house,2025-03-01,865.0,795.0
Essendon,REGIONAL COACH,1.0,Primary,2.0,North Western Melbourne,All properties,2025-03-01,550.0,550.0
Essendon,REGIONAL COACH,1.0,Secondary,2.0,North Western Melbourne,1 bedroom flat,2025-03-01,420.0,420.0
Essendon,REGIONAL COACH,1.0,Secondary,2.0,North Western Melbourne,2 bedroom flat,2025-03-01,500.0,500.0
Essendon,REGIONAL COACH,1.0,Secondary,2.0,North Western Melbourne,2 bedroom house,2025-03-01,533.0,532.0
Essendon,REGIONAL COACH,1.0,Secondary,2.0,North Western Melbourne,3 bedroom flat,2025-03-01,620.0,610.0
Essendon,REGIONAL COACH,1.0,Secondary,2.0,North Western Melbourne,3 bedroom house,2025-03-01,650.0,620.0
Essendon,REGIONAL COACH,1.0,Secondary,2.0,North Western Melbourne,4 bedroom house,2025-03-01,865.0,795.0
Essendon,REGIONAL COACH,1.0,Secondary,2.0,North Western Melbourne,All properties,2025-03-01,550.0,550.0
Essendon,REGIONAL TRAIN,2.0,Pri/Sec,1.0,North Western Melbourne,1 bedroom flat,2025-03-01,420.0,420.0
Essendon,REGIONAL TRAIN,2.0,Pri/Sec,1.0,North Western Melbourne,2 bedroom flat,2025-03-01,500.0,500.0
Essendon,REGIONAL TRAIN,2.0,Pri/Sec,1.0,North Western Melbourne,2 bedroom house,2025-03-01,533.0,532.0
Essendon,REGIONAL TRAIN,2.0,Pri/Sec,1.0,North Western Melbourne,3 bedroom flat,2025-03-01,620.0,610.0
Essendon,REGIONAL TRAIN,2.0,Pri/Sec,1.0,North Western Melbourne,3 bedroom house,2025-03-01,650.0,620.0
Essendon,REGIONAL TRAIN,2.0,Pri/Sec,1.0,North Western Melbourne,4 bedroom house,2025-03-01,865.0,795.0
Essendon,REGIONAL TRAIN,2.0,Pri/Sec,1.0,North Western Melbourne,All properties,2025-03-01,550.0,550.0
Essendon,REGIONAL TRAIN,2.0,Primary,2.0,North Western Melbourne,1 bedroom flat,2025-03-01,420.0,420.0
Essendon,REGIONAL TRAIN,2.0,Primary,2.0,North Western Melbourne,2 bedroom flat,2025-03-01,500.0,500.0
Essendon,REGIONAL TRAIN,2.0,Primary,2.0,North Western Melbourne,2 bedroom house,2025-03-01,533.0,532.0
Essendon,REGIONAL TRAIN,2.0,Primary,2.0,North Western Melbourne,3 bedroom flat,2025-03-01,620.0,610.0
Essendon,REGIONAL TRAIN,2.0,Primary,2.0,North Western Melbourne,3 bedroom house,2025-03-01,650.0,620.0
Essendon,REGIONAL TRAIN,2.0,Primary,2.0,North Western Melbourne,4 bedroom house,2025-03-01,865.0,795.0
Essendon,REGIONAL TRAIN,2.0,Primary,2.0,North Western Melbourne,All properties,2025-03-01,550.0,550.0
Essendon,REGIONAL TRAIN,2.0,Secondary,2.0,North Western Melbourne,1 bedroom flat,2025-03-01,420.0,420.0
Essendon,REGIONAL TRAIN,2.0,Secondary,2.0,North Western Melbourne,2 bedroom flat,2025-03-01,500.0,500.0
Essendon,REGIONAL TRAIN,2.0,Secondary,2.0,North Western Melbourne,2 bedroom house,2025-03-01,533.0,532.0
Essendon,REGIONAL TRAIN,2.0,Secondary,2.0,North Western Melbourne,3 bedroom flat,2025-03-01,620.0,610.0
Essendon,REGIONAL TRAIN,2.0,Secondary,2.0,North Western Melbourne,3 bedroom house,2025-03-01,650.0,620.0
Essendon,REGIONAL TRAIN,2.0,Secondary,2.0,North Western Melbourne,4 bedroom house,2025-03-01,865.0,795.0
Essendon,REGIONAL TRAIN,2.0,Secondary,2.0,North Western Melbourne,All properties,2025-03-01,550.0,550.0
Essendon Fields,METRO BUS,3.0,,,,,,,
Essendon North,METRO BUS,8.0,Primary,1.0,,,,,
Essendon North,METRO TRAM,5.0,Primary,1.0,,,,,
Essendon West,METRO BUS,6.0,Secondary,1.0,,,,,
Eumemmerring,METRO BUS,5.0,,,,,,,
Eurack,,,,,,,,,
Eureka,REGIONAL BUS,3.0,,,,,,,
Euroa,REGIONAL BUS,3.0,Primary,2.0,,,,,
Euroa,REGIONAL BUS,3.0,Secondary,1.0,,,,,
Euroa,REGIONAL COACH,1.0,Primary,2.0,,,,,
Euroa,REGIONAL COACH,1.0,Secondary,1.0,,,,,
Euroa,REGIONAL TRAIN,2.0,Primary,2.0,,,,,
Euroa,REGIONAL TRAIN,2.0,Secondary,1.0,,,,,
Eurobin,,,,,,,,,
Evansford,,,,,,,,,
Eversley,REGIONAL BUS,1.0,,,,,,,
Everton,REGIONAL COACH,1.0,Primary,1.0,,,,,
Everton Upper,,,,,,,,,
Exford,,,Primary,1.0,,,,,
Eynesbury,REGIONAL BUS,8.0,Primary,1.0,,,,,
Fairbank,,,,,,,,,
Fairfield,METRO BUS,29.0,Primary,1.0,,,,,
Fairfield,METRO TRAIN,3.0,Primary,1.0,,,,,
Fairhaven,REGIONAL COACH,1.0,,,,,,,
Fairley,,,,,,,,,
Fairy Dell,,,,,,,,,
Fairy Dell,,,,,,,,,
Falls Creek,,,Primary,1.0,,,,,
Faraday,,,,,,,,,
Fawcett,,,,,,,,,
Fawkner,METRO BUS,56.0,Pri/Sec,1.0,,,,,
Fawkner,METRO BUS,56.0,Primary,4.0,,,,,
Fawkner,METRO BUS,56.0,Secondary,1.0,,,,,
Fawkner,METRO TRAIN,4.0,Pri/Sec,1.0,,,,,
Fawkner,METRO TRAIN,4.0,Primary,4.0,,,,,
Fawkner,METRO TRAIN,4.0,Secondary,1.0,,,,,
Fentons Creek,,,,,,,,,
Ferguson,,,,,,,,,
Fern Hill,,,,,,,,,
Fernbank,,,,,,,,,
Ferndale,,,,,,,,,
Fernihurst,,,,,,,,,
Fernshaw,,,,,,,,,
Ferntree Gully,METRO BUS,99.0,Pri/Sec,1.0,Outer Eastern Melbourne,1 bedroom flat,2024-12-01,350.0,378.0
Ferntree Gully,METRO BUS,99.0,Pri/Sec,1.0,Outer Eastern Melbourne,2 bedroom flat,2025-03-01,500.0,498.0
Ferntree Gully,METRO BUS,99.0,Pri/Sec,1.0,Outer Eastern Melbourne,2 bedroom house,2025-03-01,500.0,505.0
Ferntree Gully,METRO BUS,99.0,Pri/Sec,1.0,Outer Eastern Melbourne,3 bedroom flat,2025-03-01,573.0,590.0
Ferntree Gully,METRO BUS,99.0,Pri/Sec,1.0,Outer Eastern Melbourne,3 bedroom house,2025-03-01,590.0,585.0
Ferntree Gully,METRO BUS,99.0,Pri/Sec,1.0,Outer Eastern Melbourne,4 bedroom house,2025-03-01,700.0,700.0
Ferntree Gully,METRO BUS,99.0,Pri/Sec,1.0,Outer Eastern Melbourne,All properties,2025-03-01,580.0,570.0
Ferntree Gully,METRO BUS,99.0,Primary,6.0,Outer Eastern Melbourne,1 bedroom flat,2024-12-01,350.0,378.0
Ferntree Gully,METRO BUS,99.0,Primary,6.0,Outer Eastern Melbourne,2 bedroom flat,2025-03-01,500.0,498.0
Ferntree Gully,METRO BUS,99.0,Primary,6.0,Outer Eastern Melbourne,2 bedroom house,2025-03-01,500.0,505.0
Ferntree Gully,METRO BUS,99.0,Primary,6.0,Outer Eastern Melbourne,3 bedroom flat,2025-03-01,573.0,590.0
Ferntree Gully,METRO BUS,99.0,Primary,6.0,Outer Eastern Melbourne,3 bedroom house,2025-03-01,590.0,585.0
Ferntree Gully,METRO BUS,99.0,Primary,6.0,Outer Eastern Melbourne,4 bedroom house,2025-03-01,700.0,700.0
Ferntree Gully,METRO BUS,99.0,Primary,6.0,Outer Eastern Melbourne,All properties,2025-03-01,580.0,570.0
Ferntree Gully,METRO BUS,99.0,Secondary,2.0,Outer Eastern Melbourne,1 bedroom flat,2024-12-01,350.0,378.0
Ferntree Gully,METRO BUS,99.0,Secondary,2.0,Outer Eastern Melbourne,2 bedroom flat,2025-03-01,500.0,498.0
Ferntree Gully,METRO BUS,99.0,Secondary,2.0,Outer Eastern Melbourne,2 bedroom house,2025-03-01,500.0,505.0
Ferntree Gully,METRO BUS,99.0,Secondary,2.0,Outer Eastern Melbourne,3 bedroom flat,2025-03-01,573.0,590.0
Ferntree Gully,METRO BUS,99.0,Secondary,2.0,Outer Eastern Melbourne,3 bedroom house,2025-03-01,590.0,585.0
Ferntree Gully,METRO BUS,99.0,Secondary,2.0,Outer Eastern Melbourne,4 bedroom house,2025-03-01,700.0,700.0
Ferntree Gully,METRO BUS,99.0,Secondary,2.0,Outer Eastern Melbourne,All properties,2025-03-01,580.0,570.0
Ferntree Gully,METRO BUS,99.0,Special,1.0,Outer Eastern Melbourne,1 bedroom flat,2024-12-01,350.0,378.0
Ferntree Gully,METRO BUS,99.0,Special,1.0,Outer Eastern Melbourne,2 bedroom flat,2025-03-01,500.0,498.0
Ferntree Gully,METRO BUS,99.0,Special,1.0,Outer Eastern Melbourne,2 bedroom house,2025-03-01,500.0,505.0
Ferntree Gully,METRO BUS,99.0,Special,1.0,Outer Eastern Melbourne,3 bedroom flat,2025-03-01,573.0,590.0
Ferntree Gully,METRO BUS,99.0,Special,1.0,Outer Eastern Melbourne,3 bedroom house,2025-03-01,590.0,585.0
Ferntree Gully,METRO BUS,99.0,Special,1.0,Outer Eastern Melbourne,4 bedroom house,2025-03-01,700.0,700.0
Ferntree Gully,METRO BUS,99.0,Special,1.0,Outer Eastern Melbourne,All properties,2025-03-01,580.0,570.0
Ferntree Gully,METRO TRAIN,2.0,Pri/Sec,1.0,Outer Eastern Melbourne,1 bedroom flat,2024-12-01,350.0,378.0
Ferntree Gully,METRO TRAIN,2.0,Pri/Sec,1.0,Outer Eastern Melbourne,2 bedroom flat,2025-03-01,500.0,498.0
Ferntree Gully,METRO TRAIN,2.0,Pri/Sec,1.0,Outer Eastern Melbourne,2 bedroom house,2025-03-01,500.0,505.0
Ferntree Gully,METRO TRAIN,2.0,Pri/Sec,1.0,Outer Eastern Melbourne,3 bedroom flat,2025-03-01,573.0,590.0
Ferntree Gully,METRO TRAIN,2.0,Pri/Sec,1.0,Outer Eastern Melbourne,3 bedroom house,2025-03-01,590.0,585.0
Ferntree Gully,METRO TRAIN,2.0,Pri/Sec,1.0,Outer Eastern Melbourne,4 bedroom house,2025-03-01,700.0,700.0
Ferntree Gully,METRO TRAIN,2.0,Pri/Sec,1.0,Outer Eastern Melbourne,All properties,2025-03-01,580.0,570.0
Ferntree Gully,METRO TRAIN,2.0,Primary,6.0,Outer Eastern Melbourne,1 bedroom flat,2024-12-01,350.0,378.0
Ferntree Gully,METRO TRAIN,2.0,Primary,6.0,Outer Eastern Melbourne,2 bedroom flat,2025-03-01,500.0,498.0
Ferntree Gully,METRO TRAIN,2.0,Primary,6.0,Outer Eastern Melbourne,2 bedroom house,2025-03-01,500.0,505.0
Ferntree Gully,METRO TRAIN,2.0,Primary,6.0,Outer Eastern Melbourne,3 bedroom flat,2025-03-01,573.0,590.0
Ferntree Gully,METRO TRAIN,2.0,Primary,6.0,Outer Eastern Melbourne,3 bedroom house,2025-03-01,590.0,585.0
Ferntree Gully,METRO TRAIN,2.0,Primary,6.0,Outer Eastern Melbourne,4 bedroom house,2025-03-01,700.0,700.0
Ferntree Gully,METRO TRAIN,2.0,Primary,6.0,Outer Eastern Melbourne,All properties,2025-03-01,580.0,570.0
Ferntree Gully,METRO TRAIN,2.0,Secondary,2.0,Outer Eastern Melbourne,1 bedroom flat,2024-12-01,350.0,378.0
Ferntree Gully,METRO TRAIN,2.0,Secondary,2.0,Outer Eastern Melbourne,2 bedroom flat,2025-03-01,500.0,498.0
Ferntree Gully,METRO TRAIN,2.0,Secondary,2.0,Outer Eastern Melbourne,2 bedroom house,2025-03-01,500.0,505.0
Ferntree Gully,METRO TRAIN,2.0,Secondary,2.0,Outer Eastern Melbourne,3 bedroom flat,2025-03-01,573.0,590.0
Ferntree Gully,METRO TRAIN,2.0,Secondary,2.0,Outer Eastern Melbourne,3 bedroom house,2025-03-01,590.0,585.0
Ferntree Gully,METRO TRAIN,2.0,Secondary,2.0,Outer Eastern Melbourne,4 bedroom house,2025-03-01,700.0,700.0
Ferntree Gully,METRO TRAIN,2.0,Secondary,2.0,Outer Eastern Melbourne,All properties,2025-03-01,580.0,570.0
Ferntree Gully,METRO TRAIN,2.0,Special,1.0,Outer Eastern Melbourne,1 bedroom flat,2024-12-01,350.0,378.0
Ferntree Gully,METRO TRAIN,2.0,Special,1.0,Outer Eastern Melbourne,2 bedroom flat,2025-03-01,500.0,498.0
Ferntree Gully,METRO TRAIN,2.0,Special,1.0,Outer Eastern Melbourne,2 bedroom house,2025-03-01,500.0,505.0
Ferntree Gully,METRO TRAIN,2.0,Special,1.0,Outer Eastern Melbourne,3 bedroom flat,2025-03-01,573.0,590.0
Ferntree Gully,METRO TRAIN,2.0,Special,1.0,Outer Eastern Melbourne,3 bedroom house,2025-03-01,590.0,585.0
Ferntree Gully,METRO TRAIN,2.0,Special,1.0,Outer Eastern Melbourne,4 bedroom house,2025-03-01,700.0,700.0
Ferntree Gully,METRO TRAIN,2.0,Special,1.0,Outer Eastern Melbourne,All properties,2025-03-01,580.0,570.0
Ferny Creek,METRO BUS,8.0,Primary,1.0,,,,,
Fieldstone,,,,,,,,,
Fiery Flat,,,,,,,,,
Fingal,,,,,,,,,
Fish Creek,REGIONAL COACH,1.0,Primary,1.0,,,,,
Fish Point,,,,,,,,,
Fiskville,,,,,,,,,
Fitzroy,METRO BUS,6.0,Primary,2.0,Inner Melbourne,1 bedroom flat,2025-03-01,528.0,500.0
Fitzroy,METRO BUS,6.0,Primary,2.0,Inner Melbourne,2 bedroom flat,2025-03-01,730.0,658.0
Fitzroy,METRO BUS,6.0,Primary,2.0,Inner Melbourne,2 bedroom house,2025-03-01,790.0,742.0
Fitzroy,METRO BUS,6.0,Primary,2.0,Inner Melbourne,3 bedroom flat,2025-03-01,1100.0,950.0
Fitzroy,METRO BUS,6.0,Primary,2.0,Inner Melbourne,3 bedroom house,2025-03-01,1080.0,973.0
Fitzroy,METRO BUS,6.0,Primary,2.0,Inner Melbourne,4 bedroom house,2024-12-01,1350.0,1325.0
Fitzroy,METRO BUS,6.0,Primary,2.0,Inner Melbourne,All properties,2025-03-01,695.0,640.0
Fitzroy,METRO BUS,6.0,Secondary,1.0,Inner Melbourne,1 bedroom flat,2025-03-01,528.0,500.0
Fitzroy,METRO BUS,6.0,Secondary,1.0,Inner Melbourne,2 bedroom flat,2025-03-01,730.0,658.0
Fitzroy,METRO BUS,6.0,Secondary,1.0,Inner Melbourne,2 bedroom house,2025-03-01,790.0,742.0
Fitzroy,METRO BUS,6.0,Secondary,1.0,Inner Melbourne,3 bedroom flat,2025-03-01,1100.0,950.0
Fitzroy,METRO BUS,6.0,Secondary,1.0,Inner Melbourne,3 bedroom house,2025-03-01,1080.0,973.0
Fitzroy,METRO BUS,6.0,Secondary,1.0,Inner Melbourne,4 bedroom house,2024-12-01,1350.0,1325.0
Fitzroy,METRO BUS,6.0,Secondary,1.0,Inner Melbourne,All properties,2025-03-01,695.0,640.0
Fitzroy,METRO TRAM,23.0,Primary,2.0,Inner Melbourne,1 bedroom flat,2025-03-01,528.0,500.0
Fitzroy,METRO TRAM,23.0,Primary,2.0,Inner Melbourne,2 bedroom flat,2025-03-01,730.0,658.0
Fitzroy,METRO TRAM,23.0,Primary,2.0,Inner Melbourne,2 bedroom house,2025-03-01,790.0,742.0
Fitzroy,METRO TRAM,23.0,Primary,2.0,Inner Melbourne,3 bedroom flat,2025-03-01,1100.0,950.0
Fitzroy,METRO TRAM,23.0,Primary,2.0,Inner Melbourne,3 bedroom house,2025-03-01,1080.0,973.0
Fitzroy,METRO TRAM,23.0,Primary,2.0,Inner Melbourne,4 bedroom house,2024-12-01,1350.0,1325.0
Fitzroy,METRO TRAM,23.0,Primary,2.0,Inner Melbourne,All properties,2025-03-01,695.0,640.0
Fitzroy,METRO TRAM,23.0,Secondary,1.0,Inner Melbourne,1 bedroom flat,2025-03-01,528.0,500.0
Fitzroy,METRO TRAM,23.0,Secondary,1.0,Inner Melbourne,2 bedroom flat,2025-03-01,730.0,658.0
Fitzroy,METRO TRAM,23.0,Secondary,1.0,Inner Melbourne,2 bedroom house,2025-03-01,790.0,742.0
Fitzroy,METRO TRAM,23.0,Secondary,1.0,Inner Melbourne,3 bedroom flat,2025-03-01,1100.0,950.0
Fitzroy,METRO TRAM,23.0,Secondary,1.0,Inner Melbourne,3 bedroom house,2025-03-01,1080.0,973.0
Fitzroy,METRO TRAM,23.0,Secondary,1.0,Inner Melbourne,4 bedroom house,2024-12-01,1350.0,1325.0
Fitzroy,METRO TRAM,23.0,Secondary,1.0,Inner Melbourne,All properties,2025-03-01,695.0,640.0
Fitzroy North,METRO BUS,25.0,Primary,4.0,,,,,
Fitzroy North,METRO BUS,25.0,Secondary,1.0,,,,,
Fitzroy North,METRO TRAIN,8.0,Primary,4.0,,,,,
Fitzroy North,METRO TRAIN,8.0,Secondary,1.0,,,,,
Fitzroy North,METRO TRAM,20.0,Primary,4.0,,,,,
Fitzroy North,METRO TRAM,20.0,Secondary,1.0,,,,,
Flaggy Creek,,,,,,,,,
Flagstaff,,,,,,,,,
Flamingo Beach,,,,,,,,,
Flemington,METRO BUS,10.0,Primary,2.0,,,,,
Flemington,METRO BUS,10.0,Secondary,1.0,,,,,
Flemington,METRO TRAIN,5.0,Primary,2.0,,,,,
Flemington,METRO TRAIN,5.0,Secondary,1.0,,,,,
Flemington,METRO TRAM,13.0,Primary,2.0,,,,,
Flemington,METRO TRAM,13.0,Secondary,1.0,,,,,
Flinders,METRO BUS,3.0,,,,,,,
Flora Hill,REGIONAL BUS,19.0,Secondary,1.0,,,,,
Flora Hill,REGIONAL COACH,2.0,Secondary,1.0,,,,,
Flowerdale,REGIONAL COACH,3.0,Primary,1.0,,,,,
Flynn,,,,,,,,,
Flynns Creek,,,,,,,,,
Footscray,METRO BUS,65.0,Primary,5.0,Outer Western Melbourne,1 bedroom flat,2025-03-01,440.0,365.0
Footscray,METRO BUS,65.0,Primary,5.0,Outer Western Melbourne,2 bedroom flat,2025-03-01,570.0,472.0
Footscray,METRO BUS,65.0,Primary,5.0,Outer Western Melbourne,2 bedroom house,2025-03-01,563.0,490.0
Footscray,METRO BUS,65.0,Primary,5.0,Outer Western Melbourne,3 bedroom flat,2025-03-01,700.0,575.0
Footscray,METRO BUS,65.0,Primary,5.0,Outer Western Melbourne,3 bedroom house,2025-03-01,635.0,549.0
Footscray,METRO BUS,65.0,Primary,5.0,Outer Western Melbourne,4 bedroom house,2025-03-01,755.0,658.0
Footscray,METRO BUS,65.0,Primary,5.0,Outer Western Melbourne,All properties,2025-03-01,520.0,530.0
Footscray,METRO BUS,65.0,Secondary,1.0,Outer Western Melbourne,1 bedroom flat,2025-03-01,440.0,365.0
Footscray,METRO BUS,65.0,Secondary,1.0,Outer Western Melbourne,2 bedroom flat,2025-03-01,570.0,472.0
Footscray,METRO BUS,65.0,Secondary,1.0,Outer Western Melbourne,2 bedroom house,2025-03-01,563.0,490.0
Footscray,METRO BUS,65.0,Secondary,1.0,Outer Western Melbourne,3 bedroom flat,2025-03-01,700.0,575.0
Footscray,METRO BUS,65.0,Secondary,1.0,Outer Western Melbourne,3 bedroom house,2025-03-01,635.0,549.0
Footscray,METRO BUS,65.0,Secondary,1.0,Outer Western Melbourne,4 bedroom house,2025-03-01,755.0,658.0
Footscray,METRO BUS,65.0,Secondary,1.0,Outer Western Melbourne,All properties,2025-03-01,520.0,530.0
Footscray,METRO TRAIN,6.0,Primary,5.0,Outer Western Melbourne,1 bedroom flat,2025-03-01,440.0,365.0
Footscray,METRO TRAIN,6.0,Primary,5.0,Outer Western Melbourne,2 bedroom flat,2025-03-01,570.0,472.0
Footscray,METRO TRAIN,6.0,Primary,5.0,Outer Western Melbourne,2 bedroom house,2025-03-01,563.0,490.0
Footscray,METRO TRAIN,6.0,Primary,5.0,Outer Western Melbourne,3 bedroom flat,2025-03-01,700.0,575.0
Footscray,METRO TRAIN,6.0,Primary,5.0,Outer Western Melbourne,3 bedroom house,2025-03-01,635.0,549.0
Footscray,METRO TRAIN,6.0,Primary,5.0,Outer Western Melbourne,4 bedroom house,2025-03-01,755.0,658.0
Footscray,METRO TRAIN,6.0,Primary,5.0,Outer Western Melbourne,All properties,2025-03-01,520.0,530.0
Footscray,METRO TRAIN,6.0,Secondary,1.0,Outer Western Melbourne,1 bedroom flat,2025-03-01,440.0,365.0
Footscray,METRO TRAIN,6.0,Secondary,1.0,Outer Western Melbourne,2 bedroom flat,2025-03-01,570.0,472.0
Footscray,METRO TRAIN,6.0,Secondary,1.0,Outer Western Melbourne,2 bedroom house,2025-03-01,563.0,490.0
Footscray,METRO TRAIN,6.0,Secondary,1.0,Outer Western Melbourne,3 bedroom flat,2025-03-01,700.0,575.0
Footscray,METRO TRAIN,6.0,Secondary,1.0,Outer Western Melbourne,3 bedroom house,2025-03-01,635.0,549.0
Footscray,METRO TRAIN,6.0,Secondary,1.0,Outer Western Melbourne,4 bedroom house,2025-03-01,755.0,658.0
Footscray,METRO TRAIN,6.0,Secondary,1.0,Outer Western Melbourne,All properties,2025-03-01,520.0,530.0
Footscray,METRO TRAM,10.0,Primary,5.0,Outer Western Melbourne,1 bedroom flat,2025-03-01,440.0,365.0
Footscray,METRO TRAM,10.0,Primary,5.0,Outer Western Melbourne,2 bedroom flat,2025-03-01,570.0,472.0
Footscray,METRO TRAM,10.0,Primary,5.0,Outer Western Melbourne,2 bedroom house,2025-03-01,563.0,490.0
Footscray,METRO TRAM,10.0,Primary,5.0,Outer Western Melbourne,3 bedroom flat,2025-03-01,700.0,575.0
Footscray,METRO TRAM,10.0,Primary,5.0,Outer Western Melbourne,3 bedroom house,2025-03-01,635.0,549.0
Footscray,METRO TRAM,10.0,Primary,5.0,Outer Western Melbourne,4 bedroom house,2025-03-01,755.0,658.0
Footscray,METRO TRAM,10.0,Primary,5.0,Outer Western Melbourne,All properties,2025-03-01,520.0,530.0
Footscray,METRO TRAM,10.0,Secondary,1.0,Outer Western Melbourne,1 bedroom flat,2025-03-01,440.0,365.0
Footscray,METRO TRAM,10.0,Secondary,1.0,Outer Western Melbourne,2 bedroom flat,2025-03-01,570.0,472.0
Footscray,METRO TRAM,10.0,Secondary,1.0,Outer Western Melbourne,2 bedroom house,2025-03-01,563.0,490.0
Footscray,METRO TRAM,10.0,Secondary,1.0,Outer Western Melbourne,3 bedroom flat,2025-03-01,700.0,575.0
Footscray,METRO TRAM,10.0,Secondary,1.0,Outer Western Melbourne,3 bedroom house,2025-03-01,635.0,549.0
Footscray,METRO TRAM,10.0,Secondary,1.0,Outer Western Melbourne,4 bedroom house,2025-03-01,755.0,658.0
Footscray,METRO TRAM,10.0,Secondary,1.0,Outer Western Melbourne,All properties,2025-03-01,520.0,530.0
Footscray,REGIONAL COACH,1.0,Primary,5.0,Outer Western Melbourne,1 bedroom flat,2025-03-01,440.0,365.0
Footscray,REGIONAL COACH,1.0,Primary,5.0,Outer Western Melbourne,2 bedroom flat,2025-03-01,570.0,472.0
Footscray,REGIONAL COACH,1.0,Primary,5.0,Outer Western Melbourne,2 bedroom house,2025-03-01,563.0,490.0
Footscray,REGIONAL COACH,1.0,Primary,5.0,Outer Western Melbourne,3 bedroom flat,2025-03-01,700.0,575.0
Footscray,REGIONAL COACH,1.0,Primary,5.0,Outer Western Melbourne,3 bedroom house,2025-03-01,635.0,549.0
Footscray,REGIONAL COACH,1.0,Primary,5.0,Outer Western Melbourne,4 bedroom house,2025-03-01,755.0,658.0
Footscray,REGIONAL COACH,1.0,Primary,5.0,Outer Western Melbourne,All properties,2025-03-01,520.0,530.0
Footscray,REGIONAL COACH,1.0,Secondary,1.0,Outer Western Melbourne,1 bedroom flat,2025-03-01,440.0,365.0
Footscray,REGIONAL COACH,1.0,Secondary,1.0,Outer Western Melbourne,2 bedroom flat,2025-03-01,570.0,472.0
Footscray,REGIONAL COACH,1.0,Secondary,1.0,Outer Western Melbourne,2 bedroom house,2025-03-01,563.0,490.0
Footscray,REGIONAL COACH,1.0,Secondary,1.0,Outer Western Melbourne,3 bedroom flat,2025-03-01,700.0,575.0
Footscray,REGIONAL COACH,1.0,Secondary,1.0,Outer Western Melbourne,3 bedroom house,2025-03-01,635.0,549.0
Footscray,REGIONAL COACH,1.0,Secondary,1.0,Outer Western Melbourne,4 bedroom house,2025-03-01,755.0,658.0
Footscray,REGIONAL COACH,1.0,Secondary,1.0,Outer Western Melbourne,All properties,2025-03-01,520.0,530.0
Footscray,REGIONAL TRAIN,2.0,Primary,5.0,Outer Western Melbourne,1 bedroom flat,2025-03-01,440.0,365.0
Footscray,REGIONAL TRAIN,2.0,Primary,5.0,Outer Western Melbourne,2 bedroom flat,2025-03-01,570.0,472.0
Footscray,REGIONAL TRAIN,2.0,Primary,5.0,Outer Western Melbourne,2 bedroom house,2025-03-01,563.0,490.0
Footscray,REGIONAL TRAIN,2.0,Primary,5.0,Outer Western Melbourne,3 bedroom flat,2025-03-01,700.0,575.0
Footscray,REGIONAL TRAIN,2.0,Primary,5.0,Outer Western Melbourne,3 bedroom house,2025-03-01,635.0,549.0
Footscray,REGIONAL TRAIN,2.0,Primary,5.0,Outer Western Melbourne,4 bedroom house,2025-03-01,755.0,658.0
Footscray,REGIONAL TRAIN,2.0,Primary,5.0,Outer Western Melbourne,All properties,2025-03-01,520.0,530.0
Footscray,REGIONAL TRAIN,2.0,Secondary,1.0,Outer Western Melbourne,1 bedroom flat,2025-03-01,440.0,365.0
Footscray,REGIONAL TRAIN,2.0,Secondary,1.0,Outer Western Melbourne,2 bedroom flat,2025-03-01,570.0,472.0
Footscray,REGIONAL TRAIN,2.0,Secondary,1.0,Outer Western Melbourne,2 bedroom house,2025-03-01,563.0,490.0
Footscray,REGIONAL TRAIN,2.0,Secondary,1.0,Outer Western Melbourne,3 bedroom flat,2025-03-01,700.0,575.0
Footscray,REGIONAL TRAIN,2.0,Secondary,1.0,Outer Western Melbourne,3 bedroom house,2025-03-01,635.0,549.0
Footscray,REGIONAL TRAIN,2.0,Secondary,1.0,Outer Western Melbourne,4 bedroom house,2025-03-01,755.0,658.0
Footscray,REGIONAL TRAIN,2.0,Secondary,1.0,Outer Western Melbourne,All properties,2025-03-01,520.0,530.0
Forbes,,,,,,,,,
Forest Hill,METRO BUS,39.0,Primary,1.0,,,,,
Forest Hill,METRO TRAM,1.0,Primary,1.0,,,,,
Forge Creek,,,,,,,,,
Forrest,REGIONAL BUS,2.0,Primary,1.0,,,,,
Foster,REGIONAL COACH,1.0,Primary,1.0,,,,,
Foster,REGIONAL COACH,1.0,Secondary,2.0,,,,,
Foster North,,,,,,,,,
Fosterville,,,,,,,,,
Foxhow,,,,,,,,,
Framlingham,,,,,,,,,
Framlingham East,,,,,,,,,
Franklinford,,,,,,,,,
Frankston,METRO BUS,146.0,Primary,10.0,Mornington Peninsula,1 bedroom flat,2025-03-01,338.0,370.0
Frankston,METRO BUS,146.0,Primary,10.0,Mornington Peninsula,2 bedroom flat,2025-03-01,450.0,453.0
Frankston,METRO BUS,146.0,Primary,10.0,Mornington Peninsula,2 bedroom house,2025-03-01,475.0,480.0
Frankston,METRO BUS,146.0,Primary,10.0,Mornington Peninsula,3 bedroom flat,2025-03-01,550.0,550.0
Frankston,METRO BUS,146.0,Primary,10.0,Mornington Peninsula,3 bedroom house,2025-03-01,560.0,560.0
Frankston,METRO BUS,146.0,Primary,10.0,Mornington Peninsula,4 bedroom house,2025-03-01,668.0,730.0
Frankston,METRO BUS,146.0,Primary,10.0,Mornington Peninsula,All properties,2025-03-01,530.0,550.0
Frankston,METRO BUS,146.0,Secondary,2.0,Mornington Peninsula,1 bedroom flat,2025-03-01,338.0,370.0
Frankston,METRO BUS,146.0,Secondary,2.0,Mornington Peninsula,2 bedroom flat,2025-03-01,450.0,453.0
Frankston,METRO BUS,146.0,Secondary,2.0,Mornington Peninsula,2 bedroom house,2025-03-01,475.0,480.0
Frankston,METRO BUS,146.0,Secondary,2.0,Mornington Peninsula,3 bedroom flat,2025-03-01,550.0,550.0
Frankston,METRO BUS,146.0,Secondary,2.0,Mornington Peninsula,3 bedroom house,2025-03-01,560.0,560.0
Frankston,METRO BUS,146.0,Secondary,2.0,Mornington Peninsula,4 bedroom house,2025-03-01,668.0,730.0
Frankston,METRO BUS,146.0,Secondary,2.0,Mornington Peninsula,All properties,2025-03-01,530.0,550.0
Frankston,METRO BUS,146.0,Special,3.0,Mornington Peninsula,1 bedroom flat,2025-03-01,338.0,370.0
Frankston,METRO BUS,146.0,Special,3.0,Mornington Peninsula,2 bedroom flat,2025-03-01,450.0,453.0
Frankston,METRO BUS,146.0,Special,3.0,Mornington Peninsula,2 bedroom house,2025-03-01,475.0,480.0
Frankston,METRO BUS,146.0,Special,3.0,Mornington Peninsula,3 bedroom flat,2025-03-01,550.0,550.0
Frankston,METRO BUS,146.0,Special,3.0,Mornington Peninsula,3 bedroom house,2025-03-01,560.0,560.0
Frankston,METRO BUS,146.0,Special,3.0,Mornington Peninsula,4 bedroom house,2025-03-01,668.0,730.0
Frankston,METRO BUS,146.0,Special,3.0,Mornington Peninsula,All properties,2025-03-01,530.0,550.0
Frankston,METRO TRAIN,4.0,Primary,10.0,Mornington Peninsula,1 bedroom flat,2025-03-01,338.0,370.0
Frankston,METRO TRAIN,4.0,Primary,10.0,Mornington Peninsula,2 bedroom flat,2025-03-01,450.0,453.0
Frankston,METRO TRAIN,4.0,Primary,10.0,Mornington Peninsula,2 bedroom house,2025-03-01,475.0,480.0
Frankston,METRO TRAIN,4.0,Primary,10.0,Mornington Peninsula,3 bedroom flat,2025-03-01,550.0,550.0
Frankston,METRO TRAIN,4.0,Primary,10.0,Mornington Peninsula,3 bedroom house,2025-03-01,560.0,560.0
Frankston,METRO TRAIN,4.0,Primary,10.0,Mornington Peninsula,4 bedroom house,2025-03-01,668.0,730.0
Frankston,METRO TRAIN,4.0,Primary,10.0,Mornington Peninsula,All properties,2025-03-01,530.0,550.0
Frankston,METRO TRAIN,4.0,Secondary,2.0,Mornington Peninsula,1 bedroom flat,2025-03-01,338.0,370.0
Frankston,METRO TRAIN,4.0,Secondary,2.0,Mornington Peninsula,2 bedroom flat,2025-03-01,450.0,453.0
Frankston,METRO TRAIN,4.0,Secondary,2.0,Mornington Peninsula,2 bedroom house,2025-03-01,475.0,480.0
Frankston,METRO TRAIN,4.0,Secondary,2.0,Mornington Peninsula,3 bedroom flat,2025-03-01,550.0,550.0
Frankston,METRO TRAIN,4.0,Secondary,2.0,Mornington Peninsula,3 bedroom house,2025-03-01,560.0,560.0
Frankston,METRO TRAIN,4.0,Secondary,2.0,Mornington Peninsula,4 bedroom house,2025-03-01,668.0,730.0
Frankston,METRO TRAIN,4.0,Secondary,2.0,Mornington Peninsula,All properties,2025-03-01,530.0,550.0
Frankston,METRO TRAIN,4.0,Special,3.0,Mornington Peninsula,1 bedroom flat,2025-03-01,338.0,370.0
Frankston,METRO TRAIN,4.0,Special,3.0,Mornington Peninsula,2 bedroom flat,2025-03-01,450.0,453.0
Frankston,METRO TRAIN,4.0,Special,3.0,Mornington Peninsula,2 bedroom house,2025-03-01,475.0,480.0
Frankston,METRO TRAIN,4.0,Special,3.0,Mornington Peninsula,3 bedroom flat,2025-03-01,550.0,550.0
Frankston,METRO TRAIN,4.0,Special,3.0,Mornington Peninsula,3 bedroom house,2025-03-01,560.0,560.0
Frankston,METRO TRAIN,4.0,Special,3.0,Mornington Peninsula,4 bedroom house,2025-03-01,668.0,730.0
Frankston,METRO TRAIN,4.0,Special,3.0,Mornington Peninsula,All properties,2025-03-01,530.0,550.0
Frankston,SKYBUS,2.0,Primary,10.0,Mornington Peninsula,1 bedroom flat,2025-03-01,338.0,370.0
Frankston,SKYBUS,2.0,Primary,10.0,Mornington Peninsula,2 bedroom flat,2025-03-01,450.0,453.0
Frankston,SKYBUS,2.0,Primary,10.0,Mornington Peninsula,2 bedroom house,2025-03-01,475.0,480.0
Frankston,SKYBUS,2.0,Primary,10.0,Mornington Peninsula,3 bedroom flat,2025-03-01,550.0,550.0
Frankston,SKYBUS,2.0,Primary,10.0,Mornington Peninsula,3 bedroom house,2025-03-01,560.0,560.0
Frankston,SKYBUS,2.0,Primary,10.0,Mornington Peninsula,4 bedroom house,2025-03-01,668.0,730.0
Frankston,SKYBUS,2.0,Primary,10.0,Mornington Peninsula,All properties,2025-03-01,530.0,550.0
Frankston,SKYBUS,2.0,Secondary,2.0,Mornington Peninsula,1 bedroom flat,2025-03-01,338.0,370.0
Frankston,SKYBUS,2.0,Secondary,2.0,Mornington Peninsula,2 bedroom flat,2025-03-01,450.0,453.0
Frankston,SKYBUS,2.0,Secondary,2.0,Mornington Peninsula,2 bedroom house,2025-03-01,475.0,480.0
Frankston,SKYBUS,2.0,Secondary,2.0,Mornington Peninsula,3 bedroom flat,2025-03-01,550.0,550.0
Frankston,SKYBUS,2.0,Secondary,2.0,Mornington Peninsula,3 bedroom house,2025-03-01,560.0,560.0
Frankston,SKYBUS,2.0,Secondary,2.0,Mornington Peninsula,4 bedroom house,2025-03-01,668.0,730.0
Frankston,SKYBUS,2.0,Secondary,2.0,Mornington Peninsula,All properties,2025-03-01,530.0,550.0
Frankston,SKYBUS,2.0,Special,3.0,Mornington Peninsula,1 bedroom flat,2025-03-01,338.0,370.0
Frankston,SKYBUS,2.0,Special,3.0,Mornington Peninsula,2 bedroom flat,2025-03-01,450.0,453.0
Frankston,SKYBUS,2.0,Special,3.0,Mornington Peninsula,2 bedroom house,2025-03-01,475.0,480.0
Frankston,SKYBUS,2.0,Special,3.0,Mornington Peninsula,3 bedroom flat,2025-03-01,550.0,550.0
Frankston,SKYBUS,2.0,Special,3.0,Mornington Peninsula,3 bedroom house,2025-03-01,560.0,560.0
Frankston,SKYBUS,2.0,Special,3.0,Mornington Peninsula,4 bedroom house,2025-03-01,668.0,730.0
Frankston,SKYBUS,2.0,Special,3.0,Mornington Peninsula,All properties,2025-03-01,530.0,550.0
Frankston North,METRO BUS,27.0,Primary,2.0,,,,,
Frankston North,METRO BUS,27.0,Secondary,1.0,,,,,
Frankston South,METRO BUS,55.0,Primary,2.0,,,,,
Frankston South,METRO BUS,55.0,Secondary,2.0,,,,,
Fraser Rise,METRO BUS,5.0,Secondary,1.0,,,,,
Freeburgh,REGIONAL BUS,2.0,,,,,,,
French Island,,,Primary,1.0,,,,,
Frenchmans,,,,,,,,,
Freshwater Creek,,,Primary,1.0,,,,,
Fryerstown,,,,,,,,,
Fulham,,,,,,,,,
Fumina,,,,,,,,,
Fumina South,,,,,,,,,
Fyans Creek,,,,,,,,,
Fyansford,REGIONAL BUS,1.0,,,,,,,
Gaffneys Creek,REGIONAL BUS,2.0,,,,,,,
Gainsborough,,,,,,,,,
Gannawarra,,,,,,,,,
Gapsted,,,,,,,,,
Gardenvale,METRO BUS,6.0,,,,,,,
Garfield,REGIONAL BUS,2.0,Primary,1.0,,,,,
Garfield,REGIONAL COACH,1.0,Primary,1.0,,,,,
Garfield,REGIONAL TRAIN,2.0,Primary,1.0,,,,,
Garfield North,,,,,,,,,
Garibaldi,,,,,,,,,
Garvoc,,,,,,,,,
Gateway Island,REGIONAL BUS,2.0,,,,,,,
Gatum,,,,,,,,,
Gazette,,,,,,,,,
Geelong,REGIONAL BUS,31.0,Primary,2.0,,,,,
Geelong,REGIONAL BUS,31.0,Secondary,1.0,,,,,
Geelong,REGIONAL COACH,2.0,Primary,2.0,,,,,
Geelong,REGIONAL COACH,2.0,Secondary,1.0,,,,,
Geelong,REGIONAL TRAIN,2.0,Primary,2.0,,,,,
Geelong,REGIONAL TRAIN,2.0,Secondary,1.0,,,,,
Geelong West,REGIONAL BUS,25.0,Primary,2.0,,,,,
Gelantipy,,,,,,,,,
Gellibrand,,,,,,,,,
Gellibrand Lower,,,,,,,,,
Gelliondale,,,,,,,,,
Gembrook,METRO BUS,10.0,Primary,1.0,,,,,
Genoa,REGIONAL BUS,1.0,,,,,,,
Genoa,REGIONAL COACH,1.0,,,,,,,
Gentle Annie,,,,,,,,,
Georges Creek,,,,,,,,,
Gerahmin,,,,,,,,,
Gerang Gerung,,,,,,,,,
Gerangamete,,,,,,,,,
Germania,,,,,,,,,
Germantown,,,,,,,,,
Gerrigerrup,,,,,,,,,
Gherang,,,,,,,,,
Gheringhap,REGIONAL BUS,1.0,,,,,,,
Gheringhap,REGIONAL COACH,1.0,,,,,,,
Ghin Ghin,,,,,,,,,
Giffard,,,,,,,,,
Giffard West,,,,,,,,,
Gil Gil,,,,,,,,,
Gilderoy,,,,,,,,,
Gillieston,,,,,,,,,
Gillum,,,,,,,,,
Gipsy Point,REGIONAL BUS,1.0,,,,,,,
Gipsy Point,REGIONAL COACH,1.0,,,,,,,
Girgarre,REGIONAL BUS,2.0,Primary,1.0,,,,,
Girgarre,REGIONAL COACH,1.0,Primary,1.0,,,,,
Girgarre East,,,,,,,,,
Gisborne,REGIONAL BUS,38.0,Primary,3.0,,,,,
Gisborne,REGIONAL BUS,38.0,Secondary,1.0,,,,,
Gisborne,REGIONAL COACH,1.0,Primary,3.0,,,,,
Gisborne,REGIONAL COACH,1.0,Secondary,1.0,,,,,
Gisborne South,,,,,,,,,
Gladfield,,,,,,,,,
Gladstone Park,METRO BUS,18.0,Primary,3.0,,,,,
Gladstone Park,METRO BUS,18.0,Secondary,1.0,,,,,
Gladysdale,,,Primary,1.0,,,,,
Glen Alvie,,,,,,,,,
Glen Creek,,,,,,,,,
Glen Forbes,REGIONAL BUS,2.0,,,,,,,
Glen Forbes,REGIONAL COACH,2.0,,,,,,,
Glen Huntly,METRO BUS,2.0,,,,,,,
Glen Huntly,METRO TRAIN,3.0,,,,,,,
Glen Huntly,METRO TRAM,4.0,,,,,,,
Glen Iris,METRO BUS,36.0,Pri/Sec,2.0,,,,,
Glen Iris,METRO BUS,36.0,Primary,4.0,,,,,
Glen Iris,METRO TRAIN,9.0,Pri/Sec,2.0,,,,,
Glen Iris,METRO TRAIN,9.0,Primary,4.0,,,,,
Glen Iris,METRO TRAM,17.0,Pri/Sec,2.0,,,,,
Glen Iris,METRO TRAM,17.0,Primary,4.0,,,,,
Glen Park,,,Primary,1.0,,,,,
Glen Valley,,,,,,,,,
Glen Waverley,METRO BUS,128.0,Primary,8.0,,,,,
Glen Waverley,METRO BUS,128.0,Secondary,3.0,,,,,
Glen Waverley,METRO BUS,128.0,Special,2.0,,,,,
Glen Waverley,METRO TRAIN,6.0,Primary,8.0,,,,,
Glen Waverley,METRO TRAIN,6.0,Secondary,3.0,,,,,
Glen Waverley,METRO TRAIN,6.0,Special,2.0,,,,,
Glen Wills,,,,,,,,,
Glenaire,,,,,,,,,
Glenaladale,,,,,,,,,
Glenalbyn,,,,,,,,,
Glenaroua,,,,,,,,,
Glenbrae,,,,,,,,,
Glenburn,REGIONAL COACH,1.0,,,,,,,
Glendaruel,,,,,,,,,
Glendonald,,,,,,,,,
Glenfalloch,,,,,,,,,
Glenfyne,,,,,,,,,
Glengarry,REGIONAL COACH,1.0,Primary,1.0,,,,,
Glengarry North,,,,,,,,,
Glengarry West,,,,,,,,,
Glengower,,,,,,,,,
Glenhope,,,,,,,,,
Glenhope East,,,,,,,,,
Glenisla,,,,,,,,,
Glenlee,,,,,,,,,
Glenlofty,,,,,,,,,
Glenlogie,,,,,,,,,
Glenloth,,,,,,,,,
Glenloth East,,,,,,,,,
Glenluce,,,,,,,,,
Glenlyon,,,,,,,,,
Glenmaggie,,,,,,,,,
Glenmore,,,,,,,,,
Glenorchy,REGIONAL COACH,1.0,,,,,,,
Glenormiston North,,,,,,,,,
Glenormiston South,,,,,,,,,
Glenpatrick,,,,,,,,,
Glenrowan,REGIONAL BUS,1.0,Primary,1.0,,,,,
Glenrowan West,,,,,,,,,
Glenroy,METRO BUS,57.0,Pri/Sec,1.0,,,,,
Glenroy,METRO BUS,57.0,Primary,4.0,,,,,
Glenroy,METRO BUS,57.0,Secondary,1.0,,,,,
Glenroy,METRO BUS,57.0,Special,1.0,,,,,
Glenroy,METRO TRAIN,6.0,Pri/Sec,1.0,,,,,
Glenroy,METRO TRAIN,6.0,Primary,4.0,,,,,
Glenroy,METRO TRAIN,6.0,Secondary,1.0,,,,,
Glenroy,METRO TRAIN,6.0,Special,1.0,,,,,
Glenthompson,REGIONAL COACH,1.0,,,,,,,
Glomar Beach,,,,,,,,,
Gnarwarre,,,,,,,,,
Gnotuk,,,,,,,,,
Gobarup,,,,,,,,,
Gobur,,,,,,,,,
Golden Beach,REGIONAL BUS,1.0,,,,,,,
Golden Gully,,,,,,,,,
Golden Point,REGIONAL BUS,14.0,,,,,,,
Golden Point,REGIONAL COACH,1.0,,,,,,,
Golden Point,REGIONAL BUS,14.0,,,,,,,
Golden Point,REGIONAL COACH,1.0,,,,,,,
Golden Point,REGIONAL BUS,14.0,,,,,,,
Golden Point,REGIONAL COACH,1.0,,,,,,,
Golden Square,REGIONAL BUS,44.0,Primary,2.0,,,,,
Goldie,,,,,,,,,
Goldsborough,,,,,,,,,
Gong Gong,,,,,,,,,
Gonn Crossing,,,,,,,,,
Goomalibee,,,,,,,,,
Goon Nure,,,,,,,,,
Goongerah,,,,,,,,,
Gooram,,,,,,,,,
Gooramadda,,,,,,,,,
Goorambat,REGIONAL COACH,1.0,,,,,,,
Goornong,REGIONAL BUS,2.0,Primary,1.0,,,,,
Goornong,REGIONAL COACH,2.0,Primary,1.0,,,,,
Goornong,REGIONAL TRAIN,2.0,Primary,1.0,,,,,
Gooroc,,,,,,,,,
Gorae,,,,,,,,,
Gorae West,,,,,,,,,
Gordon,REGIONAL BUS,3.0,Primary,2.0,,,,,
Gormandale,REGIONAL BUS,1.0,Primary,1.0,,,,,
Goroke,REGIONAL BUS,1.0,Pri/Sec,1.0,,,,,
Goschen,,,,,,,,,
Goughs Bay,,,,,,,,,
Goulburn Weir,,,,,,,,,
Gowanbrae,METRO BUS,14.0,,,,,,,
Gowanford,,,,,,,,,
Gowangardie,,,,,,,,,
Gowar East,,,,,,,,,
Gower,,,,,,,,,
Grahamvale,,,Primary,1.0,,,,,
Grampians,,,,,,,,,
Grand Ridge,,,,,,,,,
Grangefields,METRO BUS,1.0,,,,,,,
Granite Flat,,,,,,,,,
Granite Rock,,,,,,,,,
Grantville,REGIONAL BUS,4.0,,,,,,,
Grantville,REGIONAL COACH,4.0,,,,,,,
Granya,REGIONAL BUS,1.0,,,,,,,
Grass Flat,,,,,,,,,
Grassdale,,,,,,,,,
Grassmere,,,Primary,1.0,,,,,
Grays Bridge,,,,,,,,,
Graytown,,,,,,,,,
Gre Gre,,,,,,,,,
Gre Gre North,,,,,,,,,
Gre Gre South,,,,,,,,,
Great Western,REGIONAL BUS,2.0,Primary,1.0,,,,,
Great Western,REGIONAL COACH,2.0,Primary,1.0,,,,,
Gredgwin,REGIONAL COACH,1.0,,,,,,,
Green Gully,,,,,,,,,
Greendale,,,,,,,,,
Greenhill,,,,,,,,,
Greens Creek,,,,,,,,,
Greensborough,METRO BUS,75.0,Primary,6.0,,,,,
Greensborough,METRO BUS,75.0,Secondary,1.0,,,,,
Greensborough,METRO BUS,75.0,Special,1.0,,,,,
Greensborough,METRO TRAIN,3.0,Primary,6.0,,,,,
Greensborough,METRO TRAIN,3.0,Secondary,1.0,,,,,
Greensborough,METRO TRAIN,3.0,Special,1.0,,,,,
Greenvale,METRO BUS,39.0,Pri/Sec,1.0,,,,,
Greenvale,METRO BUS,39.0,Primary,4.0,,,,,
Greenvale,METRO BUS,39.0,Secondary,2.0,,,,,
Greenwald,,,,,,,,,
Grenville,,,,,,,,,
Greta,,,,,,,,,
Greta South,,,Primary,1.0,,,,,
Greta West,,,,,,,,,
Grey River,,,,,,,,,
Gringegalgona,,,,,,,,,
Gritjurk,,,,,,,,,
Grovedale,REGIONAL BUS,57.0,Primary,4.0,,,,,
Grovedale,REGIONAL BUS,57.0,Secondary,1.0,,,,,
Grovedale,REGIONAL COACH,3.0,Primary,4.0,,,,,
Grovedale,REGIONAL COACH,3.0,Secondary,1.0,,,,,
Gruyere,,,,,,,,,
Guildford,REGIONAL COACH,1.0,,,,,,,
Gunbower,REGIONAL BUS,1.0,Primary,1.0,,,,,
Gunbower,REGIONAL COACH,1.0,Primary,1.0,,,,,
Gundowring,,,,,,,,,
Gunyah,,,,,,,,,
Guys Forest,,,,,,,,,
Guys Hill,,,,,,,,,
Gymbowen,REGIONAL BUS,1.0,,,,,,,
Haddon,REGIONAL BUS,1.0,Primary,1.0,,,,,
Haddon,REGIONAL COACH,1.0,Primary,1.0,,,,,
Hadfield,METRO BUS,35.0,Primary,1.0,,,,,
Hadfield,METRO TRAIN,2.0,Primary,1.0,,,,,
Hallam,METRO BUS,38.0,Primary,1.0,,,,,
Hallam,METRO BUS,38.0,Secondary,1.0,,,,,
Hallam,METRO TRAIN,3.0,Primary,1.0,,,,,
Hallam,METRO TRAIN,3.0,Secondary,1.0,,,,,
Hallora,,,,,,,,,
Halls Gap,REGIONAL COACH,5.0,Primary,1.0,,,,,
Hallston,,,,,,,,,
Hamilton,REGIONAL BUS,71.0,Pri/Sec,2.0,Other Regional Centres,1 bedroom flat,2025-03-01,250.0,275.0
Hamilton,REGIONAL BUS,71.0,Pri/Sec,2.0,Other Regional Centres,2 bedroom flat,2025-03-01,300.0,360.0
Hamilton,REGIONAL BUS,71.0,Pri/Sec,2.0,Other Regional Centres,2 bedroom house,2025-03-01,323.0,385.0
Hamilton,REGIONAL BUS,71.0,Pri/Sec,2.0,Other Regional Centres,3 bedroom flat,2013-09-01,273.0,450.0
Hamilton,REGIONAL BUS,71.0,Pri/Sec,2.0,Other Regional Centres,3 bedroom house,2025-03-01,380.0,450.0
Hamilton,REGIONAL BUS,71.0,Pri/Sec,2.0,Other Regional Centres,4 bedroom house,2025-03-01,450.0,555.0
Hamilton,REGIONAL BUS,71.0,Pri/Sec,2.0,Other Regional Centres,All properties,2025-03-01,360.0,440.0
Hamilton,REGIONAL BUS,71.0,Primary,4.0,Other Regional Centres,1 bedroom flat,2025-03-01,250.0,275.0
Hamilton,REGIONAL BUS,71.0,Primary,4.0,Other Regional Centres,2 bedroom flat,2025-03-01,300.0,360.0
Hamilton,REGIONAL BUS,71.0,Primary,4.0,Other Regional Centres,2 bedroom house,2025-03-01,323.0,385.0
Hamilton,REGIONAL BUS,71.0,Primary,4.0,Other Regional Centres,3 bedroom flat,2013-09-01,273.0,450.0
Hamilton,REGIONAL BUS,71.0,Primary,4.0,Other Regional Centres,3 bedroom house,2025-03-01,380.0,450.0
Hamilton,REGIONAL BUS,71.0,Primary,4.0,Other Regional Centres,4 bedroom house,2025-03-01,450.0,555.0
Hamilton,REGIONAL BUS,71.0,Primary,4.0,Other Regional Centres,All properties,2025-03-01,360.0,440.0
Hamilton,REGIONAL BUS,71.0,Secondary,2.0,Other Regional Centres,1 bedroom flat,2025-03-01,250.0,275.0
Hamilton,REGIONAL BUS,71.0,Secondary,2.0,Other Regional Centres,2 bedroom flat,2025-03-01,300.0,360.0
Hamilton,REGIONAL BUS,71.0,Secondary,2.0,Other Regional Centres,2 bedroom house,2025-03-01,323.0,385.0
Hamilton,REGIONAL BUS,71.0,Secondary,2.0,Other Regional Centres,3 bedroom flat,2013-09-01,273.0,450.0
Hamilton,REGIONAL BUS,71.0,Secondary,2.0,Other Regional Centres,3 bedroom house,2025-03-01,380.0,450.0
Hamilton,REGIONAL BUS,71.0,Secondary,2.0,Other Regional Centres,4 bedroom house,2025-03-01,450.0,555.0
Hamilton,REGIONAL BUS,71.0,Secondary,2.0,Other Regional Centres,All properties,2025-03-01,360.0,440.0
Hamilton,REGIONAL BUS,71.0,Special,1.0,Other Regional Centres,1 bedroom flat,2025-03-01,250.0,275.0
Hamilton,REGIONAL BUS,71.0,Special,1.0,Other Regional Centres,2 bedroom flat,2025-03-01,300.0,360.0
Hamilton,REGIONAL BUS,71.0,Special,1.0,Other Regional Centres,2 bedroom house,2025-03-01,323.0,385.0
Hamilton,REGIONAL BUS,71.0,Special,1.0,Other Regional Centres,3 bedroom flat,2013-09-01,273.0,450.0
Hamilton,REGIONAL BUS,71.0,Special,1.0,Other Regional Centres,3 bedroom house,2025-03-01,380.0,450.0
Hamilton,REGIONAL BUS,71.0,Special,1.0,Other Regional Centres,4 bedroom house,2025-03-01,450.0,555.0
Hamilton,REGIONAL BUS,71.0,Special,1.0,Other Regional Centres,All properties,2025-03-01,360.0,440.0
Hamilton,REGIONAL COACH,3.0,Pri/Sec,2.0,Other Regional Centres,1 bedroom flat,2025-03-01,250.0,275.0
Hamilton,REGIONAL COACH,3.0,Pri/Sec,2.0,Other Regional Centres,2 bedroom flat,2025-03-01,300.0,360.0
Hamilton,REGIONAL COACH,3.0,Pri/Sec,2.0,Other Regional Centres,2 bedroom house,2025-03-01,323.0,385.0
Hamilton,REGIONAL COACH,3.0,Pri/Sec,2.0,Other Regional Centres,3 bedroom flat,2013-09-01,273.0,450.0
Hamilton,REGIONAL COACH,3.0,Pri/Sec,2.0,Other Regional Centres,3 bedroom house,2025-03-01,380.0,450.0
Hamilton,REGIONAL COACH,3.0,Pri/Sec,2.0,Other Regional Centres,4 bedroom house,2025-03-01,450.0,555.0
Hamilton,REGIONAL COACH,3.0,Pri/Sec,2.0,Other Regional Centres,All properties,2025-03-01,360.0,440.0
Hamilton,REGIONAL COACH,3.0,Primary,4.0,Other Regional Centres,1 bedroom flat,2025-03-01,250.0,275.0
Hamilton,REGIONAL COACH,3.0,Primary,4.0,Other Regional Centres,2 bedroom flat,2025-03-01,300.0,360.0
Hamilton,REGIONAL COACH,3.0,Primary,4.0,Other Regional Centres,2 bedroom house,2025-03-01,323.0,385.0
Hamilton,REGIONAL COACH,3.0,Primary,4.0,Other Regional Centres,3 bedroom flat,2013-09-01,273.0,450.0
Hamilton,REGIONAL COACH,3.0,Primary,4.0,Other Regional Centres,3 bedroom house,2025-03-01,380.0,450.0
Hamilton,REGIONAL COACH,3.0,Primary,4.0,Other Regional Centres,4 bedroom house,2025-03-01,450.0,555.0
Hamilton,REGIONAL COACH,3.0,Primary,4.0,Other Regional Centres,All properties,2025-03-01,360.0,440.0
Hamilton,REGIONAL COACH,3.0,Secondary,2.0,Other Regional Centres,1 bedroom flat,2025-03-01,250.0,275.0
Hamilton,REGIONAL COACH,3.0,Secondary,2.0,Other Regional Centres,2 bedroom flat,2025-03-01,300.0,360.0
Hamilton,REGIONAL COACH,3.0,Secondary,2.0,Other Regional Centres,2 bedroom house,2025-03-01,323.0,385.0
Hamilton,REGIONAL COACH,3.0,Secondary,2.0,Other Regional Centres,3 bedroom flat,2013-09-01,273.0,450.0
Hamilton,REGIONAL COACH,3.0,Secondary,2.0,Other Regional Centres,3 bedroom house,2025-03-01,380.0,450.0
Hamilton,REGIONAL COACH,3.0,Secondary,2.0,Other Regional Centres,4 bedroom house,2025-03-01,450.0,555.0
Hamilton,REGIONAL COACH,3.0,Secondary,2.0,Other Regional Centres,All properties,2025-03-01,360.0,440.0
Hamilton,REGIONAL COACH,3.0,Special,1.0,Other Regional Centres,1 bedroom flat,2025-03-01,250.0,275.0
Hamilton,REGIONAL COACH,3.0,Special,1.0,Other Regional Centres,2 bedroom flat,2025-03-01,300.0,360.0
Hamilton,REGIONAL COACH,3.0,Special,1.0,Other Regional Centres,2 bedroom house,2025-03-01,323.0,385.0
Hamilton,REGIONAL COACH,3.0,Special,1.0,Other Regional Centres,3 bedroom flat,2013-09-01,273.0,450.0
Hamilton,REGIONAL COACH,3.0,Special,1.0,Other Regional Centres,3 bedroom house,2025-03-01,380.0,450.0
Hamilton,REGIONAL COACH,3.0,Special,1.0,Other Regional Centres,4 bedroom house,2025-03-01,450.0,555.0
Hamilton,REGIONAL COACH,3.0,Special,1.0,Other Regional Centres,All properties,2025-03-01,360.0,440.0
Hamlyn Heights,REGIONAL BUS,28.0,Primary,2.0,,,,,
Hamlyn Heights,REGIONAL BUS,28.0,Secondary,1.0,,,,,
Hamlyn Heights,REGIONAL BUS,28.0,Special,1.0,,,,,
Hamlyn Heights,REGIONAL COACH,1.0,Primary,2.0,,,,,
Hamlyn Heights,REGIONAL COACH,1.0,Secondary,1.0,,,,,
Hamlyn Heights,REGIONAL COACH,1.0,Special,1.0,,,,,
Hampton,METRO BUS,44.0,Primary,2.0,,,,,
Hampton,METRO BUS,44.0,Special,1.0,,,,,
Hampton,METRO TRAIN,3.0,Primary,2.0,,,,,
Hampton,METRO TRAIN,3.0,Special,1.0,,,,,
Hampton East,METRO BUS,15.0,Special,1.0,,,,,
Hampton Park,METRO BUS,75.0,Primary,5.0,,,,,
Hampton Park,METRO BUS,75.0,Secondary,1.0,,,,,
Hansonville,,,,,,,,,
Happy Valley,,,,,,,,,
Happy Valley,,,,,,,,,
Harcourt,REGIONAL BUS,3.0,Primary,1.0,,,,,
Harcourt,REGIONAL COACH,1.0,Primary,1.0,,,,,
Harcourt North,,,,,,,,,
Harkaway,,,Primary,1.0,,,,,
Harkness,METRO BUS,23.0,Primary,1.0,,,,,
Harmers Haven,,,,,,,,,
Harrietville,REGIONAL BUS,1.0,Primary,1.0,,,,,
Harrow,,,,,,,,,
Harston,,,Primary,1.0,,,,,
Hastings,METRO BUS,19.0,Primary,3.0,,,,,
Hastings,METRO BUS,19.0,Secondary,1.0,,,,,
Hastings,METRO TRAIN,2.0,Primary,3.0,,,,,
Hastings,METRO TRAIN,2.0,Secondary,1.0,,,,,
Hattah,REGIONAL COACH,1.0,,,,,,,
Havelock,,,,,,,,,
Haven,REGIONAL BUS,6.0,,,,,,,
Havilah,,,,,,,,,
Hawkesdale,REGIONAL COACH,1.0,Pri/Sec,1.0,,,,,
Hawkhurst,,,,,,,,,
Hawthorn,METRO BUS,20.0,Pri/Sec,2.0,Inner Eastern Melbourne,1 bedroom flat,2025-03-01,430.0,470.0
Hawthorn,METRO BUS,20.0,Pri/Sec,2.0,Inner Eastern Melbourne,2 bedroom flat,2025-03-01,580.0,575.0
Hawthorn,METRO BUS,20.0,Pri/Sec,2.0,Inner Eastern Melbourne,2 bedroom house,2025-03-01,720.0,560.0
Hawthorn,METRO BUS,20.0,Pri/Sec,2.0,Inner Eastern Melbourne,3 bedroom flat,2025-03-01,850.0,700.0
Hawthorn,METRO BUS,20.0,Pri/Sec,2.0,Inner Eastern Melbourne,3 bedroom house,2025-03-01,920.0,650.0
Hawthorn,METRO BUS,20.0,Pri/Sec,2.0,Inner Eastern Melbourne,4 bedroom house,2025-03-01,1300.0,800.0
Hawthorn,METRO BUS,20.0,Pri/Sec,2.0,Inner Eastern Melbourne,All properties,2025-03-01,530.0,650.0
Hawthorn,METRO BUS,20.0,Primary,4.0,Inner Eastern Melbourne,1 bedroom flat,2025-03-01,430.0,470.0
Hawthorn,METRO BUS,20.0,Primary,4.0,Inner Eastern Melbourne,2 bedroom flat,2025-03-01,580.0,575.0
Hawthorn,METRO BUS,20.0,Primary,4.0,Inner Eastern Melbourne,2 bedroom house,2025-03-01,720.0,560.0
Hawthorn,METRO BUS,20.0,Primary,4.0,Inner Eastern Melbourne,3 bedroom flat,2025-03-01,850.0,700.0
Hawthorn,METRO BUS,20.0,Primary,4.0,Inner Eastern Melbourne,3 bedroom house,2025-03-01,920.0,650.0
Hawthorn,METRO BUS,20.0,Primary,4.0,Inner Eastern Melbourne,4 bedroom house,2025-03-01,1300.0,800.0
Hawthorn,METRO BUS,20.0,Primary,4.0,Inner Eastern Melbourne,All properties,2025-03-01,530.0,650.0
Hawthorn,METRO BUS,20.0,Secondary,1.0,Inner Eastern Melbourne,1 bedroom flat,2025-03-01,430.0,470.0
Hawthorn,METRO BUS,20.0,Secondary,1.0,Inner Eastern Melbourne,2 bedroom flat,2025-03-01,580.0,575.0
Hawthorn,METRO BUS,20.0,Secondary,1.0,Inner Eastern Melbourne,2 bedroom house,2025-03-01,720.0,560.0
Hawthorn,METRO BUS,20.0,Secondary,1.0,Inner Eastern Melbourne,3 bedroom flat,2025-03-01,850.0,700.0
Hawthorn,METRO BUS,20.0,Secondary,1.0,Inner Eastern Melbourne,3 bedroom house,2025-03-01,920.0,650.0
Hawthorn,METRO BUS,20.0,Secondary,1.0,Inner Eastern Melbourne,4 bedroom house,2025-03-01,1300.0,800.0
Hawthorn,METRO BUS,20.0,Secondary,1.0,Inner Eastern Melbourne,All properties,2025-03-01,530.0,650.0
Hawthorn,METRO BUS,20.0,Special,1.0,Inner Eastern Melbourne,1 bedroom flat,2025-03-01,430.0,470.0
Hawthorn,METRO BUS,20.0,Special,1.0,Inner Eastern Melbourne,2 bedroom flat,2025-03-01,580.0,575.0
Hawthorn,METRO BUS,20.0,Special,1.0,Inner Eastern Melbourne,2 bedroom house,2025-03-01,720.0,560.0
Hawthorn,METRO BUS,20.0,Special,1.0,Inner Eastern Melbourne,3 bedroom flat,2025-03-01,850.0,700.0
Hawthorn,METRO BUS,20.0,Special,1.0,Inner Eastern Melbourne,3 bedroom house,2025-03-01,920.0,650.0
Hawthorn,METRO BUS,20.0,Special,1.0,Inner Eastern Melbourne,4 bedroom house,2025-03-01,1300.0,800.0
Hawthorn,METRO BUS,20.0,Special,1.0,Inner Eastern Melbourne,All properties,2025-03-01,530.0,650.0
Hawthorn,METRO TRAIN,6.0,Pri/Sec,2.0,Inner Eastern Melbourne,1 bedroom flat,2025-03-01,430.0,470.0
Hawthorn,METRO TRAIN,6.0,Pri/Sec,2.0,Inner Eastern Melbourne,2 bedroom flat,2025-03-01,580.0,575.0
Hawthorn,METRO TRAIN,6.0,Pri/Sec,2.0,Inner Eastern Melbourne,2 bedroom house,2025-03-01,720.0,560.0
Hawthorn,METRO TRAIN,6.0,Pri/Sec,2.0,Inner Eastern Melbourne,3 bedroom flat,2025-03-01,850.0,700.0
Hawthorn,METRO TRAIN,6.0,Pri/Sec,2.0,Inner Eastern Melbourne,3 bedroom house,2025-03-01,920.0,650.0
Hawthorn,METRO TRAIN,6.0,Pri/Sec,2.0,Inner Eastern Melbourne,4 bedroom house,2025-03-01,1300.0,800.0
Hawthorn,METRO TRAIN,6.0,Pri/Sec,2.0,Inner Eastern Melbourne,All properties,2025-03-01,530.0,650.0
Hawthorn,METRO TRAIN,6.0,Primary,4.0,Inner Eastern Melbourne,1 bedroom flat,2025-03-01,430.0,470.0
Hawthorn,METRO TRAIN,6.0,Primary,4.0,Inner Eastern Melbourne,2 bedroom flat,2025-03-01,580.0,575.0
Hawthorn,METRO TRAIN,6.0,Primary,4.0,Inner Eastern Melbourne,2 bedroom house,2025-03-01,720.0,560.0
Hawthorn,METRO TRAIN,6.0,Primary,4.0,Inner Eastern Melbourne,3 bedroom flat,2025-03-01,850.0,700.0
Hawthorn,METRO TRAIN,6.0,Primary,4.0,Inner Eastern Melbourne,3 bedroom house,2025-03-01,920.0,650.0
Hawthorn,METRO TRAIN,6.0,Primary,4.0,Inner Eastern Melbourne,4 bedroom house,2025-03-01,1300.0,800.0
Hawthorn,METRO TRAIN,6.0,Primary,4.0,Inner Eastern Melbourne,All properties,2025-03-01,530.0,650.0
Hawthorn,METRO TRAIN,6.0,Secondary,1.0,Inner Eastern Melbourne,1 bedroom flat,2025-03-01,430.0,470.0
Hawthorn,METRO TRAIN,6.0,Secondary,1.0,Inner Eastern Melbourne,2 bedroom flat,2025-03-01,580.0,575.0
Hawthorn,METRO TRAIN,6.0,Secondary,1.0,Inner Eastern Melbourne,2 bedroom house,2025-03-01,720.0,560.0
Hawthorn,METRO TRAIN,6.0,Secondary,1.0,Inner Eastern Melbourne,3 bedroom flat,2025-03-01,850.0,700.0
Hawthorn,METRO TRAIN,6.0,Secondary,1.0,Inner Eastern Melbourne,3 bedroom house,2025-03-01,920.0,650.0
Hawthorn,METRO TRAIN,6.0,Secondary,1.0,Inner Eastern Melbourne,4 bedroom house,2025-03-01,1300.0,800.0
Hawthorn,METRO TRAIN,6.0,Secondary,1.0,Inner Eastern Melbourne,All properties,2025-03-01,530.0,650.0
Hawthorn,METRO TRAIN,6.0,Special,1.0,Inner Eastern Melbourne,1 bedroom flat,2025-03-01,430.0,470.0
Hawthorn,METRO TRAIN,6.0,Special,1.0,Inner Eastern Melbourne,2 bedroom flat,2025-03-01,580.0,575.0
Hawthorn,METRO TRAIN,6.0,Special,1.0,Inner Eastern Melbourne,2 bedroom house,2025-03-01,720.0,560.0
Hawthorn,METRO TRAIN,6.0,Special,1.0,Inner Eastern Melbourne,3 bedroom flat,2025-03-01,850.0,700.0
Hawthorn,METRO TRAIN,6.0,Special,1.0,Inner Eastern Melbourne,3 bedroom house,2025-03-01,920.0,650.0
Hawthorn,METRO TRAIN,6.0,Special,1.0,Inner Eastern Melbourne,4 bedroom house,2025-03-01,1300.0,800.0
Hawthorn,METRO TRAIN,6.0,Special,1.0,Inner Eastern Melbourne,All properties,2025-03-01,530.0,650.0
Hawthorn,METRO TRAM,32.0,Pri/Sec,2.0,Inner Eastern Melbourne,1 bedroom flat,2025-03-01,430.0,470.0
Hawthorn,METRO TRAM,32.0,Pri/Sec,2.0,Inner Eastern Melbourne,2 bedroom flat,2025-03-01,580.0,575.0
Hawthorn,METRO TRAM,32.0,Pri/Sec,2.0,Inner Eastern Melbourne,2 bedroom house,2025-03-01,720.0,560.0
Hawthorn,METRO TRAM,32.0,Pri/Sec,2.0,Inner Eastern Melbourne,3 bedroom flat,2025-03-01,850.0,700.0
Hawthorn,METRO TRAM,32.0,Pri/Sec,2.0,Inner Eastern Melbourne,3 bedroom house,2025-03-01,920.0,650.0
Hawthorn,METRO TRAM,32.0,Pri/Sec,2.0,Inner Eastern Melbourne,4 bedroom house,2025-03-01,1300.0,800.0
Hawthorn,METRO TRAM,32.0,Pri/Sec,2.0,Inner Eastern Melbourne,All properties,2025-03-01,530.0,650.0
Hawthorn,METRO TRAM,32.0,Primary,4.0,Inner Eastern Melbourne,1 bedroom flat,2025-03-01,430.0,470.0
Hawthorn,METRO TRAM,32.0,Primary,4.0,Inner Eastern Melbourne,2 bedroom flat,2025-03-01,580.0,575.0
Hawthorn,METRO TRAM,32.0,Primary,4.0,Inner Eastern Melbourne,2 bedroom house,2025-03-01,720.0,560.0
Hawthorn,METRO TRAM,32.0,Primary,4.0,Inner Eastern Melbourne,3 bedroom flat,2025-03-01,850.0,700.0
Hawthorn,METRO TRAM,32.0,Primary,4.0,Inner Eastern Melbourne,3 bedroom house,2025-03-01,920.0,650.0
Hawthorn,METRO TRAM,32.0,Primary,4.0,Inner Eastern Melbourne,4 bedroom house,2025-03-01,1300.0,800.0
Hawthorn,METRO TRAM,32.0,Primary,4.0,Inner Eastern Melbourne,All properties,2025-03-01,530.0,650.0
Hawthorn,METRO TRAM,32.0,Secondary,1.0,Inner Eastern Melbourne,1 bedroom flat,2025-03-01,430.0,470.0
Hawthorn,METRO TRAM,32.0,Secondary,1.0,Inner Eastern Melbourne,2 bedroom flat,2025-03-01,580.0,575.0
Hawthorn,METRO TRAM,32.0,Secondary,1.0,Inner Eastern Melbourne,2 bedroom house,2025-03-01,720.0,560.0
Hawthorn,METRO TRAM,32.0,Secondary,1.0,Inner Eastern Melbourne,3 bedroom flat,2025-03-01,850.0,700.0
Hawthorn,METRO TRAM,32.0,Secondary,1.0,Inner Eastern Melbourne,3 bedroom house,2025-03-01,920.0,650.0
Hawthorn,METRO TRAM,32.0,Secondary,1.0,Inner Eastern Melbourne,4 bedroom house,2025-03-01,1300.0,800.0
Hawthorn,METRO TRAM,32.0,Secondary,1.0,Inner Eastern Melbourne,All properties,2025-03-01,530.0,650.0
Hawthorn,METRO TRAM,32.0,Special,1.0,Inner Eastern Melbourne,1 bedroom flat,2025-03-01,430.0,470.0
Hawthorn,METRO TRAM,32.0,Special,1.0,Inner Eastern Melbourne,2 bedroom flat,2025-03-01,580.0,575.0
Hawthorn,METRO TRAM,32.0,Special,1.0,Inner Eastern Melbourne,2 bedroom house,2025-03-01,720.0,560.0
Hawthorn,METRO TRAM,32.0,Special,1.0,Inner Eastern Melbourne,3 bedroom flat,2025-03-01,850.0,700.0
Hawthorn,METRO TRAM,32.0,Special,1.0,Inner Eastern Melbourne,3 bedroom house,2025-03-01,920.0,650.0
Hawthorn,METRO TRAM,32.0,Special,1.0,Inner Eastern Melbourne,4 bedroom house,2025-03-01,1300.0,800.0
Hawthorn,METRO TRAM,32.0,Special,1.0,Inner Eastern Melbourne,All properties,2025-03-01,530.0,650.0
Hawthorn East,METRO BUS,6.0,Primary,2.0,,,,,
Hawthorn East,METRO BUS,6.0,Secondary,3.0,,,,,
Hawthorn East,METRO TRAIN,3.0,Primary,2.0,,,,,
Hawthorn East,METRO TRAIN,3.0,Secondary,3.0,,,,,
Hawthorn East,METRO TRAM,5.0,Primary,2.0,,,,,
Hawthorn East,METRO TRAM,5.0,Secondary,3.0,,,,,
Hazel Park,,,,,,,,,
Hazelwood,,,,,,,,,
Hazelwood North,REGIONAL BUS,4.0,Primary,1.0,,,,,
Hazelwood South,,,,,,,,,
Healesville,METRO BUS,28.0,Primary,2.0,,,,,
Healesville,METRO BUS,28.0,Secondary,1.0,,,,,
Healesville,METRO BUS,28.0,Special,1.0,,,,,
Heath Hill,,,,,,,,,
Heathcote,REGIONAL BUS,5.0,Primary,2.0,,,,,
Heathcote,REGIONAL COACH,2.0,Primary,2.0,,,,,
Heathcote Junction,REGIONAL COACH,1.0,,,,,,,
Heathcote Junction,REGIONAL TRAIN,2.0,,,,,,,
Heathcote South,,,,,,,,,
Heatherton,METRO BUS,22.0,,,,,,,
Heathmere,REGIONAL COACH,1.0,,,,,,,
Heathmont,METRO BUS,16.0,Primary,3.0,,,,,
Heathmont,METRO BUS,16.0,Secondary,1.0,,,,,
Heathmont,METRO TRAIN,2.0,Primary,3.0,,,,,
Heathmont,METRO TRAIN,2.0,Secondary,1.0,,,,,
Hedley,,,,,,,,,
Heidelberg,METRO BUS,17.0,Primary,2.0,,,,,
Heidelberg,METRO BUS,17.0,Secondary,1.0,,,,,
Heidelberg,METRO TRAIN,3.0,Primary,2.0,,,,,
Heidelberg,METRO TRAIN,3.0,Secondary,1.0,,,,,
Heidelberg Heights,METRO BUS,30.0,,,,,,,
Heidelberg West,METRO BUS,34.0,Primary,1.0,,,,,
Hensley Park,,,,,,,,,
Henty,,,,,,,,,
Hepburn,REGIONAL BUS,3.0,Primary,1.0,,,,,
Hepburn Springs,REGIONAL BUS,3.0,,,,,,,
Herne Hill,REGIONAL BUS,15.0,Primary,1.0,,,,,
Herne Hill,REGIONAL BUS,15.0,Secondary,1.0,,,,,
Hernes Oak,,,,,,,,,
Hesket,,,Primary,1.0,,,,,
Hesse,,,,,,,,,
Hexham,REGIONAL COACH,1.0,,,,,,,
Heyfield,REGIONAL COACH,3.0,Primary,2.0,,,,,
Heytesbury Lower,,,,,,,,,
Heywood,REGIONAL COACH,2.0,Primary,1.0,,,,,
Heywood,REGIONAL COACH,2.0,Secondary,1.0,,,,,
Hiamdale,,,,,,,,,
Hiawatha,,,,,,,,,
High Camp,,,,,,,,,
Highett,METRO BUS,38.0,Primary,1.0,,,,,
Highett,METRO TRAIN,3.0,Primary,1.0,,,,,
Highlands,,,,,,,,,
Highton,REGIONAL BUS,57.0,Pri/Sec,1.0,,,,,
Highton,REGIONAL BUS,57.0,Primary,3.0,,,,,
Hilgay,,,,,,,,,
Hill End,,,,,,,,,
Hillcrest,,,,,,,,,
Hilldene,REGIONAL BUS,4.0,,,,,,,
Hillside,METRO BUS,33.0,Primary,2.0,,,,,
Hillside,METRO BUS,33.0,Primary,2.0,,,,,
Hinnomunjie,,,,,,,,,
Hmas Cerberus,METRO BUS,1.0,,,,,,,
Hoddles Creek,,,Primary,1.0,,,,,
Hollands Landing,,,,,,,,,
Homebush,,,,,,,,,
Homerton,,,,,,,,,
Homewood,,,,,,,,,
Hopetoun,REGIONAL BUS,1.0,Pri/Sec,1.0,,,,,
Hopetoun,REGIONAL BUS,1.0,Primary,1.0,,,,,
Hopetoun,REGIONAL COACH,1.0,Pri/Sec,1.0,,,,,
Hopetoun,REGIONAL COACH,1.0,Primary,1.0,,,,,
Hopetoun Park,,,,,,,,,
Hoppers Crossing,METRO BUS,120.0,Pri/Sec,2.0,,,,,
Hoppers Crossing,METRO BUS,120.0,Primary,6.0,,,,,
Hoppers Crossing,METRO BUS,120.0,Secondary,1.0,,,,,
Hoppers Crossing,METRO BUS,120.0,Special,1.0,,,,,
Hoppers Crossing,METRO TRAIN,1.0,Pri/Sec,2.0,,,,,
Hoppers Crossing,METRO TRAIN,1.0,Primary,6.0,,,,,
Hoppers Crossing,METRO TRAIN,1.0,Secondary,1.0,,,,,
Hoppers Crossing,METRO TRAIN,1.0,Special,1.0,,,,,
Hordern Vale,,,,,,,,,
Horfield,,,,,,,,,
Horsham,INTERSTATE TRAIN,2.0,Pri/Sec,1.0,Other Regional Centres,1 bedroom flat,2025-03-01,300.0,275.0
Horsham,INTERSTATE TRAIN,2.0,Pri/Sec,1.0,Other Regional Centres,2 bedroom flat,2025-03-01,300.0,360.0
Horsham,INTERSTATE TRAIN,2.0,Pri/Sec,1.0,Other Regional Centres,2 bedroom house,2025-03-01,350.0,385.0
Horsham,INTERSTATE TRAIN,2.0,Pri/Sec,1.0,Other Regional Centres,3 bedroom flat,2025-03-01,400.0,450.0
Horsham,INTERSTATE TRAIN,2.0,Pri/Sec,1.0,Other Regional Centres,3 bedroom house,2025-03-01,400.0,450.0
Horsham,INTERSTATE TRAIN,2.0,Pri/Sec,1.0,Other Regional Centres,4 bedroom house,2025-03-01,500.0,555.0
Horsham,INTERSTATE TRAIN,2.0,Pri/Sec,1.0,Other Regional Centres,All properties,2025-03-01,380.0,440.0
Horsham,INTERSTATE TRAIN,2.0,Primary,3.0,Other Regional Centres,1 bedroom flat,2025-03-01,300.0,275.0
Horsham,INTERSTATE TRAIN,2.0,Primary,3.0,Other Regional Centres,2 bedroom flat,2025-03-01,300.0,360.0
Horsham,INTERSTATE TRAIN,2.0,Primary,3.0,Other Regional Centres,2 bedroom house,2025-03-01,350.0,385.0
Horsham,INTERSTATE TRAIN,2.0,Primary,3.0,Other Regional Centres,3 bedroom flat,2025-03-01,400.0,450.0
Horsham,INTERSTATE TRAIN,2.0,Primary,3.0,Other Regional Centres,3 bedroom house,2025-03-01,400.0,450.0
Horsham,INTERSTATE TRAIN,2.0,Primary,3.0,Other Regional Centres,4 bedroom house,2025-03-01,500.0,555.0
Horsham,INTERSTATE TRAIN,2.0,Primary,3.0,Other Regional Centres,All properties,2025-03-01,380.0,440.0
Horsham,INTERSTATE TRAIN,2.0,Secondary,2.0,Other Regional Centres,1 bedroom flat,2025-03-01,300.0,275.0
Horsham,INTERSTATE TRAIN,2.0,Secondary,2.0,Other Regional Centres,2 bedroom flat,2025-03-01,300.0,360.0
Horsham,INTERSTATE TRAIN,2.0,Secondary,2.0,Other Regional Centres,2 bedroom house,2025-03-01,350.0,385.0
Horsham,INTERSTATE TRAIN,2.0,Secondary,2.0,Other Regional Centres,3 bedroom flat,2025-03-01,400.0,450.0
Horsham,INTERSTATE TRAIN,2.0,Secondary,2.0,Other Regional Centres,3 bedroom house,2025-03-01,400.0,450.0
Horsham,INTERSTATE TRAIN,2.0,Secondary,2.0,Other Regional Centres,4 bedroom house,2025-03-01,500.0,555.0
Horsham,INTERSTATE TRAIN,2.0,Secondary,2.0,Other Regional Centres,All properties,2025-03-01,380.0,440.0
Horsham,INTERSTATE TRAIN,2.0,Special,1.0,Other Regional Centres,1 bedroom flat,2025-03-01,300.0,275.0
Horsham,INTERSTATE TRAIN,2.0,Special,1.0,Other Regional Centres,2 bedroom flat,2025-03-01,300.0,360.0
Horsham,INTERSTATE TRAIN,2.0,Special,1.0,Other Regional Centres,2 bedroom house,2025-03-01,350.0,385.0
Horsham,INTERSTATE TRAIN,2.0,Special,1.0,Other Regional Centres,3 bedroom flat,2025-03-01,400.0,450.0
Horsham,INTERSTATE TRAIN,2.0,Special,1.0,Other Regional Centres,3 bedroom house,2025-03-01,400.0,450.0
Horsham,INTERSTATE TRAIN,2.0,Special,1.0,Other Regional Centres,4 bedroom house,2025-03-01,500.0,555.0
Horsham,INTERSTATE TRAIN,2.0,Special,1.0,Other Regional Centres,All properties,2025-03-01,380.0,440.0
Horsham,REGIONAL BUS,107.0,Pri/Sec,1.0,Other Regional Centres,1 bedroom flat,2025-03-01,300.0,275.0
Horsham,REGIONAL BUS,107.0,Pri/Sec,1.0,Other Regional Centres,2 bedroom flat,2025-03-01,300.0,360.0
Horsham,REGIONAL BUS,107.0,Pri/Sec,1.0,Other Regional Centres,2 bedroom house,2025-03-01,350.0,385.0
Horsham,REGIONAL BUS,107.0,Pri/Sec,1.0,Other Regional Centres,3 bedroom flat,2025-03-01,400.0,450.0
Horsham,REGIONAL BUS,107.0,Pri/Sec,1.0,Other Regional Centres,3 bedroom house,2025-03-01,400.0,450.0
Horsham,REGIONAL BUS,107.0,Pri/Sec,1.0,Other Regional Centres,4 bedroom house,2025-03-01,500.0,555.0
Horsham,REGIONAL BUS,107.0,Pri/Sec,1.0,Other Regional Centres,All properties,2025-03-01,380.0,440.0
Horsham,REGIONAL BUS,107.0,Primary,3.0,Other Regional Centres,1 bedroom flat,2025-03-01,300.0,275.0
Horsham,REGIONAL BUS,107.0,Primary,3.0,Other Regional Centres,2 bedroom flat,2025-03-01,300.0,360.0
Horsham,REGIONAL BUS,107.0,Primary,3.0,Other Regional Centres,2 bedroom house,2025-03-01,350.0,385.0
Horsham,REGIONAL BUS,107.0,Primary,3.0,Other Regional Centres,3 bedroom flat,2025-03-01,400.0,450.0
Horsham,REGIONAL BUS,107.0,Primary,3.0,Other Regional Centres,3 bedroom house,2025-03-01,400.0,450.0
Horsham,REGIONAL BUS,107.0,Primary,3.0,Other Regional Centres,4 bedroom house,2025-03-01,500.0,555.0
Horsham,REGIONAL BUS,107.0,Primary,3.0,Other Regional Centres,All properties,2025-03-01,380.0,440.0
Horsham,REGIONAL BUS,107.0,Secondary,2.0,Other Regional Centres,1 bedroom flat,2025-03-01,300.0,275.0
Horsham,REGIONAL BUS,107.0,Secondary,2.0,Other Regional Centres,2 bedroom flat,2025-03-01,300.0,360.0
Horsham,REGIONAL BUS,107.0,Secondary,2.0,Other Regional Centres,2 bedroom house,2025-03-01,350.0,385.0
Horsham,REGIONAL BUS,107.0,Secondary,2.0,Other Regional Centres,3 bedroom flat,2025-03-01,400.0,450.0
Horsham,REGIONAL BUS,107.0,Secondary,2.0,Other Regional Centres,3 bedroom house,2025-03-01,400.0,450.0
Horsham,REGIONAL BUS,107.0,Secondary,2.0,Other Regional Centres,4 bedroom house,2025-03-01,500.0,555.0
Horsham,REGIONAL BUS,107.0,Secondary,2.0,Other Regional Centres,All properties,2025-03-01,380.0,440.0
Horsham,REGIONAL BUS,107.0,Special,1.0,Other Regional Centres,1 bedroom flat,2025-03-01,300.0,275.0
Horsham,REGIONAL BUS,107.0,Special,1.0,Other Regional Centres,2 bedroom flat,2025-03-01,300.0,360.0
Horsham,REGIONAL BUS,107.0,Special,1.0,Other Regional Centres,2 bedroom house,2025-03-01,350.0,385.0
Horsham,REGIONAL BUS,107.0,Special,1.0,Other Regional Centres,3 bedroom flat,2025-03-01,400.0,450.0
Horsham,REGIONAL BUS,107.0,Special,1.0,Other Regional Centres,3 bedroom house,2025-03-01,400.0,450.0
Horsham,REGIONAL BUS,107.0,Special,1.0,Other Regional Centres,4 bedroom house,2025-03-01,500.0,555.0
Horsham,REGIONAL BUS,107.0,Special,1.0,Other Regional Centres,All properties,2025-03-01,380.0,440.0
Horsham,REGIONAL COACH,1.0,Pri/Sec,1.0,Other Regional Centres,1 bedroom flat,2025-03-01,300.0,275.0
Horsham,REGIONAL COACH,1.0,Pri/Sec,1.0,Other Regional Centres,2 bedroom flat,2025-03-01,300.0,360.0
Horsham,REGIONAL COACH,1.0,Pri/Sec,1.0,Other Regional Centres,2 bedroom house,2025-03-01,350.0,385.0
Horsham,REGIONAL COACH,1.0,Pri/Sec,1.0,Other Regional Centres,3 bedroom flat,2025-03-01,400.0,450.0
Horsham,REGIONAL COACH,1.0,Pri/Sec,1.0,Other Regional Centres,3 bedroom house,2025-03-01,400.0,450.0
Horsham,REGIONAL COACH,1.0,Pri/Sec,1.0,Other Regional Centres,4 bedroom house,2025-03-01,500.0,555.0
Horsham,REGIONAL COACH,1.0,Pri/Sec,1.0,Other Regional Centres,All properties,2025-03-01,380.0,440.0
Horsham,REGIONAL COACH,1.0,Primary,3.0,Other Regional Centres,1 bedroom flat,2025-03-01,300.0,275.0
Horsham,REGIONAL COACH,1.0,Primary,3.0,Other Regional Centres,2 bedroom flat,2025-03-01,300.0,360.0
Horsham,REGIONAL COACH,1.0,Primary,3.0,Other Regional Centres,2 bedroom house,2025-03-01,350.0,385.0
Horsham,REGIONAL COACH,1.0,Primary,3.0,Other Regional Centres,3 bedroom flat,2025-03-01,400.0,450.0
Horsham,REGIONAL COACH,1.0,Primary,3.0,Other Regional Centres,3 bedroom house,2025-03-01,400.0,450.0
Horsham,REGIONAL COACH,1.0,Primary,3.0,Other Regional Centres,4 bedroom house,2025-03-01,500.0,555.0
Horsham,REGIONAL COACH,1.0,Primary,3.0,Other Regional Centres,All properties,2025-03-01,380.0,440.0
Horsham,REGIONAL COACH,1.0,Secondary,2.0,Other Regional Centres,1 bedroom flat,2025-03-01,300.0,275.0
Horsham,REGIONAL COACH,1.0,Secondary,2.0,Other Regional Centres,2 bedroom flat,2025-03-01,300.0,360.0
Horsham,REGIONAL COACH,1.0,Secondary,2.0,Other Regional Centres,2 bedroom house,2025-03-01,350.0,385.0
Horsham,REGIONAL COACH,1.0,Secondary,2.0,Other Regional Centres,3 bedroom flat,2025-03-01,400.0,450.0
Horsham,REGIONAL COACH,1.0,Secondary,2.0,Other Regional Centres,3 bedroom house,2025-03-01,400.0,450.0
Horsham,REGIONAL COACH,1.0,Secondary,2.0,Other Regional Centres,4 bedroom house,2025-03-01,500.0,555.0
Horsham,REGIONAL COACH,1.0,Secondary,2.0,Other Regional Centres,All properties,2025-03-01,380.0,440.0
Horsham,REGIONAL COACH,1.0,Special,1.0,Other Regional Centres,1 bedroom flat,2025-03-01,300.0,275.0
Horsham,REGIONAL COACH,1.0,Special,1.0,Other Regional Centres,2 bedroom flat,2025-03-01,300.0,360.0
Horsham,REGIONAL COACH,1.0,Special,1.0,Other Regional Centres,2 bedroom house,2025-03-01,350.0,385.0
Horsham,REGIONAL COACH,1.0,Special,1.0,Other Regional Centres,3 bedroom flat,2025-03-01,400.0,450.0
Horsham,REGIONAL COACH,1.0,Special,1.0,Other Regional Centres,3 bedroom house,2025-03-01,400.0,450.0
Horsham,REGIONAL COACH,1.0,Special,1.0,Other Regional Centres,4 bedroom house,2025-03-01,500.0,555.0
Horsham,REGIONAL COACH,1.0,Special,1.0,Other Regional Centres,All properties,2025-03-01,380.0,440.0
Hotham Heights,REGIONAL BUS,2.0,,,,,,,
Hotspur,,,,,,,,,
Howes Creek,,,,,,,,,
Howitt Plains,,,,,,,,,
Howqua,,,,,,,,,
Howqua Hills,,,,,,,,,
Howqua Inlet,REGIONAL BUS,1.0,,,,,,,
Hughesdale,METRO BUS,30.0,Pri/Sec,1.0,,,,,
Hughesdale,METRO BUS,30.0,Primary,1.0,,,,,
Hughesdale,METRO BUS,30.0,Secondary,1.0,,,,,
Humevale,METRO BUS,7.0,,,,,,,
Hunter,,,,,,,,,
Hunterston,,,,,,,,,
Huntingdale,METRO BUS,8.0,,,,,,,
Huntly,REGIONAL BUS,12.0,Primary,1.0,,,,,
Huntly,REGIONAL TRAIN,2.0,Primary,1.0,,,,,
Huntly North,,,,,,,,,
Huon,,,,,,,,,
Huon Creek,,,,,,,,,
Hurstbridge,METRO BUS,2.0,Primary,1.0,,,,,
Hurstbridge,METRO TRAIN,10.0,Primary,1.0,,,,,
Icy Creek,,,,,,,,,
Iguana Creek,,,,,,,,,
Illabarook,,,,,,,,,
Illawarra,,,,,,,,,
Illowa,,,,,,,,,
Indented Head,REGIONAL BUS,13.0,,,,,,,
Indigo Valley,,,Primary,1.0,,,,,
Inglewood,REGIONAL BUS,1.0,Primary,2.0,,,,,
Inglewood,REGIONAL COACH,1.0,Primary,2.0,,,,,
Ingliston,,,,,,,,,
Inkerman,,,,,,,,,
Invergordon,,,,,,,,,
Inverleigh,REGIONAL BUS,1.0,Primary,1.0,,,,,
Inverloch,REGIONAL BUS,12.0,Primary,1.0,,,,,
Inverloch,REGIONAL COACH,2.0,Primary,1.0,,,,,
Invermay,,,Primary,1.0,,,,,
Invermay Park,REGIONAL BUS,13.0,,,,,,,
Iona,,,,,,,,,
Iraak,,,,,,,,,
Irishtown,,,,,,,,,
Ironbark,REGIONAL BUS,13.0,Primary,1.0,,,,,
Irrewarra,,,,,,,,,
Irrewillipe,,,,,,,,,
Irrewillipe East,,,,,,,,,
Irymple,REGIONAL BUS,15.0,Pri/Sec,2.0,,,,,
Irymple,REGIONAL BUS,15.0,Primary,2.0,,,,,
Irymple,REGIONAL BUS,15.0,Secondary,1.0,,,,,
Irymple,REGIONAL COACH,1.0,Pri/Sec,2.0,,,,,
Irymple,REGIONAL COACH,1.0,Primary,2.0,,,,,
Irymple,REGIONAL COACH,1.0,Secondary,1.0,,,,,
Ivanhoe,METRO BUS,43.0,Pri/Sec,2.0,,,,,
Ivanhoe,METRO BUS,43.0,Primary,3.0,,,,,
Ivanhoe,METRO TRAIN,7.0,Pri/Sec,2.0,,,,,
Ivanhoe,METRO TRAIN,7.0,Primary,3.0,,,,,
Ivanhoe East,METRO BUS,13.0,Primary,1.0,,,,,
Jacana,METRO BUS,15.0,Special,1.0,,,,,
Jack River,,,,,,,,,
Jackass Flat,REGIONAL BUS,6.0,,,,,,,
Jacob Creek,,,,,,,,,
Jam Jerrup,REGIONAL COACH,1.0,,,,,,,
Jamieson,REGIONAL BUS,1.0,Primary,1.0,,,,,
Jan Juc,REGIONAL BUS,14.0,,,,,,,
Jan Juc,REGIONAL COACH,2.0,,,,,,,
Jancourt,,,,,,,,,
Jancourt East,,,,,,,,,
Jarklin,,,,,,,,,
Jarrahmond,,,,,,,,,
Jarvis Creek,,,,,,,,,
Jeeralang,,,,,,,,,
Jeeralang Junction,,,,,,,,,
Jeetho,,,,,,,,,
Jeffcott,,,,,,,,,
Jeffcott North,,,,,,,,,
Jeparit,REGIONAL BUS,1.0,Primary,1.0,,,,,
Jericho,,,,,,,,,
Jeruk,,,,,,,,,
Jil Jil,,,,,,,,,
Jilpanger,,,,,,,,,
Jindivick,,,Primary,1.0,,,,,
Joel Joel,,,,,,,,,
Joel South,,,,,,,,,
Johanna,,,,,,,,,
Johnsonville,REGIONAL BUS,2.0,,,,,,,
Johnsonville,REGIONAL COACH,1.0,,,,,,,
Joyces Creek,,,,,,,,,
Jumbuk,,,,,,,,,
Jumbunna,,,,,,,,,
Junction Village,METRO BUS,7.0,,,,,,,
Jung,,,,,,,,,
Jungaburra,,,,,,,,,
Junortoun,REGIONAL BUS,8.0,,,,,,,
Kaarimba,REGIONAL COACH,1.0,,,,,,,
Kadnook,,,,,,,,,
Kalimna,REGIONAL BUS,11.0,,,,,,,
Kalimna,REGIONAL COACH,2.0,,,,,,,
Kalimna West,REGIONAL BUS,1.0,,,,,,,
Kalimna West,REGIONAL COACH,1.0,,,,,,,
Kalkallo,METRO BUS,4.0,Primary,2.0,,,,,
Kalkee,,,,,,,,,
Kallista,METRO BUS,3.0,,,,,,,
Kalorama,METRO BUS,13.0,,,,,,,
Kalpienung,,,,,,,,,
Kamarooka,,,,,,,,,
Kamarooka North,,,,,,,,,
Kanagulk,,,,,,,,,
Kancoona,,,,,,,,,
Kangaroo Flat,REGIONAL BUS,48.0,Pri/Sec,1.0,,,,,
Kangaroo Flat,REGIONAL BUS,48.0,Primary,2.0,,,,,
Kangaroo Flat,REGIONAL BUS,48.0,Secondary,1.0,,,,,
Kangaroo Flat,REGIONAL BUS,48.0,Special,1.0,,,,,
Kangaroo Flat,REGIONAL COACH,3.0,Pri/Sec,1.0,,,,,
Kangaroo Flat,REGIONAL COACH,3.0,Primary,2.0,,,,,
Kangaroo Flat,REGIONAL COACH,3.0,Secondary,1.0,,,,,
Kangaroo Flat,REGIONAL COACH,3.0,Special,1.0,,,,,
Kangaroo Flat,REGIONAL TRAIN,2.0,Pri/Sec,1.0,,,,,
Kangaroo Flat,REGIONAL TRAIN,2.0,Primary,2.0,,,,,
Kangaroo Flat,REGIONAL TRAIN,2.0,Secondary,1.0,,,,,
Kangaroo Flat,REGIONAL TRAIN,2.0,Special,1.0,,,,,
Kangaroo Ground,METRO BUS,8.0,Primary,1.0,,,,,
Kaniva,REGIONAL BUS,1.0,Pri/Sec,1.0,,,,,
Kaniva,REGIONAL COACH,1.0,Pri/Sec,1.0,,,,,
Kanumbra,,,,,,,,,
Kanya,,,,,,,,,
Kanyapella,,,,,,,,,
Karabeal,,,,,,,,,
Kardella,,,,,,,,,
Kardella South,,,,,,,,,
Kariah,,,,,,,,,
Karnak,,,,,,,,,
Karramomus,,,,,,,,,
Karyrie,,,,,,,,,
Katamatite,,,Primary,1.0,,,,,
Katamatite East,,,,,,,,,
Katandra,,,,,,,,,
Katandra West,,,Primary,1.0,,,,,
Katunga,REGIONAL COACH,1.0,Primary,1.0,,,,,
Kawarren,,,,,,,,,
Kealba,METRO BUS,15.0,Primary,1.0,,,,,
Keely,,,,,,,,,
Keilor,METRO BUS,19.0,Pri/Sec,1.0,North Western Melbourne,2 bedroom flat,2001-12-01,185.0,500.0
Keilor,METRO BUS,19.0,Pri/Sec,1.0,North Western Melbourne,2 bedroom house,2006-03-01,210.0,532.0
Keilor,METRO BUS,19.0,Pri/Sec,1.0,North Western Melbourne,3 bedroom flat,2019-09-01,450.0,610.0
Keilor,METRO BUS,19.0,Pri/Sec,1.0,North Western Melbourne,3 bedroom house,2025-03-01,550.0,620.0
Keilor,METRO BUS,19.0,Pri/Sec,1.0,North Western Melbourne,4 bedroom house,2025-03-01,730.0,795.0
Keilor,METRO BUS,19.0,Pri/Sec,1.0,North Western Melbourne,All properties,2025-03-01,630.0,550.0
Keilor,METRO BUS,19.0,Primary,2.0,North Western Melbourne,2 bedroom flat,2001-12-01,185.0,500.0
Keilor,METRO BUS,19.0,Primary,2.0,North Western Melbourne,2 bedroom house,2006-03-01,210.0,532.0
Keilor,METRO BUS,19.0,Primary,2.0,North Western Melbourne,3 bedroom flat,2019-09-01,450.0,610.0
Keilor,METRO BUS,19.0,Primary,2.0,North Western Melbourne,3 bedroom house,2025-03-01,550.0,620.0
Keilor,METRO BUS,19.0,Primary,2.0,North Western Melbourne,4 bedroom house,2025-03-01,730.0,795.0
Keilor,METRO BUS,19.0,Primary,2.0,North Western Melbourne,All properties,2025-03-01,630.0,550.0
Keilor Downs,METRO BUS,31.0,Primary,3.0,,,,,
Keilor Downs,METRO BUS,31.0,Secondary,1.0,,,,,
Keilor East,METRO BUS,51.0,Pri/Sec,1.0,,,,,
Keilor East,METRO BUS,51.0,Primary,2.0,,,,,
Keilor East,METRO BUS,51.0,Secondary,1.0,,,,,
Keilor Lodge,METRO BUS,6.0,Secondary,1.0,,,,,
Keilor North,METRO BUS,1.0,,,,,,,
Keilor Park,METRO BUS,10.0,,,,,,,
Kellalac,,,,,,,,,
Kelvin View,,,,,,,,,
Kenley,,,,,,,,,
Kenmare,,,,,,,,,
Kennedys Creek,,,,,,,,,
Kennett River,REGIONAL COACH,2.0,,,,,,,
Kennington,REGIONAL BUS,21.0,Pri/Sec,1.0,,,,,
Kennington,REGIONAL BUS,21.0,Primary,2.0,,,,,
Kensington,METRO BUS,11.0,Primary,2.0,,,,,
Kensington,METRO BUS,11.0,Secondary,1.0,,,,,
Kensington,METRO TRAIN,6.0,Primary,2.0,,,,,
Kensington,METRO TRAIN,6.0,Secondary,1.0,,,,,
Kensington,METRO TRAM,6.0,Primary,2.0,,,,,
Kensington,METRO TRAM,6.0,Secondary,1.0,,,,,
Kerang,REGIONAL BUS,1.0,Pri/Sec,1.0,,,,,
Kerang,REGIONAL BUS,1.0,Primary,3.0,,,,,
Kerang,REGIONAL BUS,1.0,Secondary,1.0,,,,,
Kerang,REGIONAL COACH,1.0,Pri/Sec,1.0,,,,,
Kerang,REGIONAL COACH,1.0,Primary,3.0,,,,,
Kerang,REGIONAL COACH,1.0,Secondary,1.0,,,,,
Kerang,REGIONAL TRAIN,2.0,Pri/Sec,1.0,,,,,
Kerang,REGIONAL TRAIN,2.0,Primary,3.0,,,,,
Kerang,REGIONAL TRAIN,2.0,Secondary,1.0,,,,,
Kerang East,,,,,,,,,
Kergunyah,REGIONAL BUS,1.0,,,,,,,
Kergunyah South,REGIONAL BUS,1.0,,,,,,,
Kernot,,,,,,,,,
Kerrie,,,,,,,,,
Kerrisdale,,,,,,,,,
Kevington,REGIONAL BUS,1.0,,,,,,,
Kew,METRO BUS,52.0,Pri/Sec,7.0,Inner Eastern Melbourne,1 bedroom flat,2025-03-01,470.0,470.0
Kew,METRO BUS,52.0,Pri/Sec,7.0,Inner Eastern Melbourne,2 bedroom flat,2025-03-01,560.0,575.0
Kew,METRO BUS,52.0,Pri/Sec,7.0,Inner Eastern Melbourne,2 bedroom house,2025-03-01,700.0,560.0
Kew,METRO BUS,52.0,Pri/Sec,7.0,Inner Eastern Melbourne,3 bedroom flat,2025-03-01,820.0,700.0
Kew,METRO BUS,52.0,Pri/Sec,7.0,Inner Eastern Melbourne,3 bedroom house,2025-03-01,820.0,650.0
Kew,METRO BUS,52.0,Pri/Sec,7.0,Inner Eastern Melbourne,4 bedroom house,2025-03-01,1255.0,800.0
Kew,METRO BUS,52.0,Pri/Sec,7.0,Inner Eastern Melbourne,All properties,2025-03-01,680.0,650.0
Kew,METRO BUS,52.0,Primary,2.0,Inner Eastern Melbourne,1 bedroom flat,2025-03-01,470.0,470.0
Kew,METRO BUS,52.0,Primary,2.0,Inner Eastern Melbourne,2 bedroom flat,2025-03-01,560.0,575.0
Kew,METRO BUS,52.0,Primary,2.0,Inner Eastern Melbourne,2 bedroom house,2025-03-01,700.0,560.0
Kew,METRO BUS,52.0,Primary,2.0,Inner Eastern Melbourne,3 bedroom flat,2025-03-01,820.0,700.0
Kew,METRO BUS,52.0,Primary,2.0,Inner Eastern Melbourne,3 bedroom house,2025-03-01,820.0,650.0
Kew,METRO BUS,52.0,Primary,2.0,Inner Eastern Melbourne,4 bedroom house,2025-03-01,1255.0,800.0
Kew,METRO BUS,52.0,Primary,2.0,Inner Eastern Melbourne,All properties,2025-03-01,680.0,650.0
Kew,METRO BUS,52.0,Special,2.0,Inner Eastern Melbourne,1 bedroom flat,2025-03-01,470.0,470.0
Kew,METRO BUS,52.0,Special,2.0,Inner Eastern Melbourne,2 bedroom flat,2025-03-01,560.0,575.0
Kew,METRO BUS,52.0,Special,2.0,Inner Eastern Melbourne,2 bedroom house,2025-03-01,700.0,560.0
Kew,METRO BUS,52.0,Special,2.0,Inner Eastern Melbourne,3 bedroom flat,2025-03-01,820.0,700.0
Kew,METRO BUS,52.0,Special,2.0,Inner Eastern Melbourne,3 bedroom house,2025-03-01,820.0,650.0
Kew,METRO BUS,52.0,Special,2.0,Inner Eastern Melbourne,4 bedroom house,2025-03-01,1255.0,800.0
Kew,METRO BUS,52.0,Special,2.0,Inner Eastern Melbourne,All properties,2025-03-01,680.0,650.0
Kew,METRO TRAM,32.0,Pri/Sec,7.0,Inner Eastern Melbourne,1 bedroom flat,2025-03-01,470.0,470.0
Kew,METRO TRAM,32.0,Pri/Sec,7.0,Inner Eastern Melbourne,2 bedroom flat,2025-03-01,560.0,575.0
Kew,METRO TRAM,32.0,Pri/Sec,7.0,Inner Eastern Melbourne,2 bedroom house,2025-03-01,700.0,560.0
Kew,METRO TRAM,32.0,Pri/Sec,7.0,Inner Eastern Melbourne,3 bedroom flat,2025-03-01,820.0,700.0
Kew,METRO TRAM,32.0,Pri/Sec,7.0,Inner Eastern Melbourne,3 bedroom house,2025-03-01,820.0,650.0
Kew,METRO TRAM,32.0,Pri/Sec,7.0,Inner Eastern Melbourne,4 bedroom house,2025-03-01,1255.0,800.0
Kew,METRO TRAM,32.0,Pri/Sec,7.0,Inner Eastern Melbourne,All properties,2025-03-01,680.0,650.0
Kew,METRO TRAM,32.0,Primary,2.0,Inner Eastern Melbourne,1 bedroom flat,2025-03-01,470.0,470.0
Kew,METRO TRAM,32.0,Primary,2.0,Inner Eastern Melbourne,2 bedroom flat,2025-03-01,560.0,575.0
Kew,METRO TRAM,32.0,Primary,2.0,Inner Eastern Melbourne,2 bedroom house,2025-03-01,700.0,560.0
Kew,METRO TRAM,32.0,Primary,2.0,Inner Eastern Melbourne,3 bedroom flat,2025-03-01,820.0,700.0
Kew,METRO TRAM,32.0,Primary,2.0,Inner Eastern Melbourne,3 bedroom house,2025-03-01,820.0,650.0
Kew,METRO TRAM,32.0,Primary,2.0,Inner Eastern Melbourne,4 bedroom house,2025-03-01,1255.0,800.0
Kew,METRO TRAM,32.0,Primary,2.0,Inner Eastern Melbourne,All properties,2025-03-01,680.0,650.0
Kew,METRO TRAM,32.0,Special,2.0,Inner Eastern Melbourne,1 bedroom flat,2025-03-01,470.0,470.0
Kew,METRO TRAM,32.0,Special,2.0,Inner Eastern Melbourne,2 bedroom flat,2025-03-01,560.0,575.0
Kew,METRO TRAM,32.0,Special,2.0,Inner Eastern Melbourne,2 bedroom house,2025-03-01,700.0,560.0
Kew,METRO TRAM,32.0,Special,2.0,Inner Eastern Melbourne,3 bedroom flat,2025-03-01,820.0,700.0
Kew,METRO TRAM,32.0,Special,2.0,Inner Eastern Melbourne,3 bedroom house,2025-03-01,820.0,650.0
Kew,METRO TRAM,32.0,Special,2.0,Inner Eastern Melbourne,4 bedroom house,2025-03-01,1255.0,800.0
Kew,METRO TRAM,32.0,Special,2.0,Inner Eastern Melbourne,All properties,2025-03-01,680.0,650.0
Kew East,METRO BUS,26.0,Primary,2.0,,,,,
Kew East,METRO BUS,26.0,Secondary,1.0,,,,,
Kew East,METRO TRAM,7.0,Primary,2.0,,,,,
Kew East,METRO TRAM,7.0,Secondary,1.0,,,,,
Kewell,,,,,,,,,
Keysborough,METRO BUS,89.0,Pri/Sec,3.0,,,,,
Keysborough,METRO BUS,89.0,Primary,3.0,,,,,
Kialla,REGIONAL BUS,25.0,Pri/Sec,1.0,,,,,
Kialla,REGIONAL BUS,25.0,Primary,1.0,,,,,
Kialla East,,,,,,,,,
Kialla West,,,Primary,1.0,,,,,
Kiata,REGIONAL COACH,2.0,,,,,,,
Kiewa,REGIONAL BUS,2.0,,,,,,,
Kilcunda,REGIONAL BUS,1.0,,,,,,,
Kilcunda,REGIONAL COACH,1.0,,,,,,,
Killara,,,,,,,,,
Killara,,,,,,,,,
Killarney,,,,,,,,,
Killawarra,REGIONAL BUS,1.0,,,,,,,
Killingworth,,,,,,,,,
Kilmany,,,,,,,,,
Kilmore,REGIONAL BUS,31.0,Primary,2.0,,,,,
Kilmore,REGIONAL BUS,31.0,Secondary,1.0,,,,,
Kilmore,REGIONAL COACH,1.0,Primary,2.0,,,,,
Kilmore,REGIONAL COACH,1.0,Secondary,1.0,,,,,
Kilmore East,REGIONAL BUS,1.0,,,,,,,
Kilmore East,REGIONAL COACH,1.0,,,,,,,
Kilmore East,REGIONAL TRAIN,1.0,,,,,,,
Kilsyth,METRO BUS,49.0,Primary,4.0,,,,,
Kilsyth South,METRO BUS,14.0,,,,,,,
Kimbolton,,,,,,,,,
King Valley,REGIONAL BUS,1.0,,,,,,,
Kinglake,METRO BUS,2.0,Primary,1.0,,,,,
Kinglake Central,METRO BUS,6.0,Primary,1.0,,,,,
Kinglake West,METRO BUS,6.0,Primary,1.0,,,,,
Kinglake West,REGIONAL COACH,1.0,Primary,1.0,,,,,
Kingower,,,,,,,,,
Kings Park,METRO BUS,23.0,Primary,3.0,,,,,
Kingsbury,METRO BUS,11.0,Primary,2.0,,,,,
Kingsbury,METRO TRAM,3.0,Primary,2.0,,,,,
Kingston,,,,,,,,,
Kingsville,METRO BUS,10.0,,,,,,,
Kinnabulla,,,,,,,,,
Kinypanial,,,,,,,,,
Kirkstall,,,,,,,,,
Kirwans Bridge,,,,,,,,,
Kithbrook,,,,,,,,,
Knebsworth,,,,,,,,,
Knockwood,,,,,,,,,
Knowsley,REGIONAL BUS,1.0,,,,,,,
Knoxfield,METRO BUS,40.0,Primary,2.0,,,,,
Koallah,,,,,,,,,
Koetong,,,,,,,,,
Kolora,,,,,,,,,
Kongwak,,,Primary,1.0,,,,,
Konongwootong,,,,,,,,,
Koo Wee Rup,REGIONAL BUS,1.0,Primary,2.0,,,,,
Koo Wee Rup,REGIONAL BUS,1.0,Secondary,1.0,,,,,
Koo Wee Rup,REGIONAL COACH,1.0,Primary,2.0,,,,,
Koo Wee Rup,REGIONAL COACH,1.0,Secondary,1.0,,,,,
Koo Wee Rup North,,,,,,,,,
Kooloonong,,,,,,,,,
Koonda,,,,,,,,,
Koondrook,REGIONAL BUS,2.0,Primary,1.0,,,,,
Koondrook,REGIONAL COACH,1.0,Primary,1.0,,,,,
Koonoomoo,REGIONAL COACH,2.0,,,,,,,
Koonwarra,REGIONAL COACH,1.0,Primary,1.0,,,,,
Kooreh,,,,,,,,,
Koorlong,,,Primary,1.0,,,,,
Koornalla,,,,,,,,,
Kooroocheang,,,,,,,,,
Koorool,,,,,,,,,
Koorooman,,,,,,,,,
Kooyong,METRO TRAIN,2.0,,,,,,,
Kooyong,METRO TRAM,6.0,,,,,,,
Koriella,,,,,,,,,
Korobeit,,,,,,,,,
Koroit,REGIONAL COACH,2.0,Primary,2.0,,,,,
Korong Vale,REGIONAL BUS,1.0,,,,,,,
Korong Vale,REGIONAL COACH,1.0,,,,,,,
Koroop,,,,,,,,,
Korumburra,REGIONAL BUS,4.0,Primary,2.0,,,,,
Korumburra,REGIONAL BUS,4.0,Secondary,1.0,,,,,
Korumburra,REGIONAL COACH,2.0,Primary,2.0,,,,,
Korumburra,REGIONAL COACH,2.0,Secondary,1.0,,,,,
Korumburra South,,,,,,,,,
Korweinguboora,,,,,,,,,
Kotta,,,,,,,,,
Kotupna,,,,,,,,,
Koyuga,,,,,,,,,
Krowera,,,,,,,,,
Kulwin,,,,,,,,,
Kunat,,,,,,,,,
Kurraca,,,,,,,,,
Kurraca West,,,,,,,,,
Kurting,,,,,,,,,
Kurunjang,METRO BUS,22.0,Primary,1.0,,,,,
Kurunjang,METRO BUS,22.0,Secondary,1.0,,,,,
Kyabram,REGIONAL BUS,1.0,Pri/Sec,2.0,,,,,
Kyabram,REGIONAL COACH,1.0,Pri/Sec,2.0,,,,,
Kyabram South,,,,,,,,,
Kyneton,REGIONAL BUS,33.0,Primary,2.0,,,,,
Kyneton,REGIONAL BUS,33.0,Secondary,2.0,,,,,
Kyneton,REGIONAL COACH,2.0,Primary,2.0,,,,,
Kyneton,REGIONAL COACH,2.0,Secondary,2.0,,,,,
Kyneton,REGIONAL TRAIN,2.0,Primary,2.0,,,,,
Kyneton,REGIONAL TRAIN,2.0,Secondary,2.0,,,,,
Kyneton South,,,,,,,,,
Kyvalley,,,,,,,,,
Laanecoorie,,,,,,,,,
Laang,,,,,,,,,
Labertouche,,,Primary,1.0,,,,,
Laceby,,,,,,,,,
Ladys Pass,,,,,,,,,
Laen,,,,,,,,,
Laen East,,,,,,,,,
Laen North,,,,,,,,,
Lah,,,,,,,,,
Laharum,,,,,,,,,
Lake Boga,REGIONAL BUS,1.0,Primary,1.0,,,,,
Lake Boga,REGIONAL COACH,1.0,Primary,1.0,,,,,
Lake Bolac,REGIONAL BUS,3.0,Pri/Sec,1.0,,,,,
Lake Bolac,REGIONAL COACH,1.0,Pri/Sec,1.0,,,,,
Lake Bunga,,,,,,,,,
Lake Charm,REGIONAL COACH,1.0,,,,,,,
Lake Condah,,,,,,,,,
Lake Eildon,,,,,,,,,
Lake Eppalock,,,,,,,,,
Lake Fyans,,,,,,,,,
Lake Gardens,REGIONAL BUS,6.0,Secondary,1.0,,,,,
Lake Gardens,REGIONAL BUS,6.0,Special,1.0,,,,,
Lake Gardens,REGIONAL TRAIN,1.0,Secondary,1.0,,,,,
Lake Gardens,REGIONAL TRAIN,1.0,Special,1.0,,,,,
Lake Goldsmith,,,,,,,,,
Lake Lonsdale,,,,,,,,,
Lake Marmal,,,,,,,,,
Lake Meran,,,,,,,,,
Lake Mundi,,,,,,,,,
Lake Powell,,,,,,,,,
Lake Rowan,,,,,,,,,
Lake Tyers,,,,,,,,,
Lake Tyers Beach,REGIONAL COACH,1.0,,,,,,,
Lake Tyrrell,,,,,,,,,
Lake Wellington,,,,,,,,,
Lake Wendouree,REGIONAL BUS,18.0,Primary,1.0,,,,,
Lake Wendouree,REGIONAL BUS,18.0,Secondary,1.0,,,,,
Lake Wongan,,,,,,,,,
Lakes Entrance,REGIONAL BUS,44.0,Primary,2.0,,,,,
Lakes Entrance,REGIONAL BUS,44.0,Secondary,1.0,,,,,
Lakes Entrance,REGIONAL COACH,5.0,Primary,2.0,,,,,
Lakes Entrance,REGIONAL COACH,5.0,Secondary,1.0,,,,,
Lal Lal,REGIONAL COACH,1.0,Primary,1.0,,,,,
Lalbert,REGIONAL BUS,1.0,,,,,,,
Lalbert,REGIONAL COACH,1.0,,,,,,,
Lalor,METRO BUS,56.0,Primary,5.0,,,,,
Lalor,METRO BUS,56.0,Secondary,2.0,,,,,
Lalor,METRO BUS,56.0,Special,1.0,,,,,
Lalor,METRO TRAIN,8.0,Primary,5.0,,,,,
Lalor,METRO TRAIN,8.0,Secondary,2.0,,,,,
Lalor,METRO TRAIN,8.0,Special,1.0,,,,,
Lamplough,,,,,,,,,
Lancaster,REGIONAL BUS,1.0,Primary,1.0,,,,,
Lancaster,REGIONAL COACH,1.0,Primary,1.0,,,,,
Lance Creek,,,,,,,,,
Lancefield,REGIONAL BUS,3.0,Primary,2.0,,,,,
Lancefield,REGIONAL COACH,1.0,Primary,2.0,,,,,
Landsborough,REGIONAL BUS,1.0,Primary,1.0,,,,,
Landsborough West,,,,,,,,,
Lang Lang,REGIONAL COACH,2.0,Primary,1.0,,,,,
Lang Lang East,,,,,,,,,
Langdons Hill,,,,,,,,,
Langi Kal Kal,,,,,,,,,
Langi Logan,,,,,,,,,
Langkoop,,,,,,,,,
Langley,,,Primary,1.0,,,,,
Langsborough,,,,,,,,,
Langwarrin,METRO BUS,60.0,Primary,4.0,,,,,
Langwarrin,METRO BUS,60.0,Secondary,1.0,,,,,
Langwarrin South,METRO BUS,10.0,Pri/Sec,2.0,,,,,
Lara,REGIONAL BUS,46.0,Primary,3.0,Geelong,1 bedroom flat,2019-12-01,200.0,322.0
Lara,REGIONAL BUS,46.0,Primary,3.0,Geelong,2 bedroom flat,2025-03-01,410.0,420.0
Lara,REGIONAL BUS,46.0,Primary,3.0,Geelong,2 bedroom house,2025-03-01,415.0,440.0
Lara,REGIONAL BUS,46.0,Primary,3.0,Geelong,3 bedroom flat,2025-03-01,465.0,500.0
Lara,REGIONAL BUS,46.0,Primary,3.0,Geelong,3 bedroom house,2025-03-01,490.0,490.0
Lara,REGIONAL BUS,46.0,Primary,3.0,Geelong,4 bedroom house,2025-03-01,578.0,560.0
Lara,REGIONAL BUS,46.0,Primary,3.0,Geelong,All properties,2025-03-01,540.0,480.0
Lara,REGIONAL BUS,46.0,Secondary,1.0,Geelong,1 bedroom flat,2019-12-01,200.0,322.0
Lara,REGIONAL BUS,46.0,Secondary,1.0,Geelong,2 bedroom flat,2025-03-01,410.0,420.0
Lara,REGIONAL BUS,46.0,Secondary,1.0,Geelong,2 bedroom house,2025-03-01,415.0,440.0
Lara,REGIONAL BUS,46.0,Secondary,1.0,Geelong,3 bedroom flat,2025-03-01,465.0,500.0
Lara,REGIONAL BUS,46.0,Secondary,1.0,Geelong,3 bedroom house,2025-03-01,490.0,490.0
Lara,REGIONAL BUS,46.0,Secondary,1.0,Geelong,4 bedroom house,2025-03-01,578.0,560.0
Lara,REGIONAL BUS,46.0,Secondary,1.0,Geelong,All properties,2025-03-01,540.0,480.0
Lara,REGIONAL COACH,1.0,Primary,3.0,Geelong,1 bedroom flat,2019-12-01,200.0,322.0
Lara,REGIONAL COACH,1.0,Primary,3.0,Geelong,2 bedroom flat,2025-03-01,410.0,420.0
Lara,REGIONAL COACH,1.0,Primary,3.0,Geelong,2 bedroom house,2025-03-01,415.0,440.0
Lara,REGIONAL COACH,1.0,Primary,3.0,Geelong,3 bedroom flat,2025-03-01,465.0,500.0
Lara,REGIONAL COACH,1.0,Primary,3.0,Geelong,3 bedroom house,2025-03-01,490.0,490.0
Lara,REGIONAL COACH,1.0,Primary,3.0,Geelong,4 bedroom house,2025-03-01,578.0,560.0
Lara,REGIONAL COACH,1.0,Primary,3.0,Geelong,All properties,2025-03-01,540.0,480.0
Lara,REGIONAL COACH,1.0,Secondary,1.0,Geelong,1 bedroom flat,2019-12-01,200.0,322.0
Lara,REGIONAL COACH,1.0,Secondary,1.0,Geelong,2 bedroom flat,2025-03-01,410.0,420.0
Lara,REGIONAL COACH,1.0,Secondary,1.0,Geelong,2 bedroom house,2025-03-01,415.0,440.0
Lara,REGIONAL COACH,1.0,Secondary,1.0,Geelong,3 bedroom flat,2025-03-01,465.0,500.0
Lara,REGIONAL COACH,1.0,Secondary,1.0,Geelong,3 bedroom house,2025-03-01,490.0,490.0
Lara,REGIONAL COACH,1.0,Secondary,1.0,Geelong,4 bedroom house,2025-03-01,578.0,560.0
Lara,REGIONAL COACH,1.0,Secondary,1.0,Geelong,All properties,2025-03-01,540.0,480.0
Lara,REGIONAL TRAIN,2.0,Primary,3.0,Geelong,1 bedroom flat,2019-12-01,200.0,322.0
Lara,REGIONAL TRAIN,2.0,Primary,3.0,Geelong,2 bedroom flat,2025-03-01,410.0,420.0
Lara,REGIONAL TRAIN,2.0,Primary,3.0,Geelong,2 bedroom house,2025-03-01,415.0,440.0
Lara,REGIONAL TRAIN,2.0,Primary,3.0,Geelong,3 bedroom flat,2025-03-01,465.0,500.0
Lara,REGIONAL TRAIN,2.0,Primary,3.0,Geelong,3 bedroom house,2025-03-01,490.0,490.0
Lara,REGIONAL TRAIN,2.0,Primary,3.0,Geelong,4 bedroom house,2025-03-01,578.0,560.0
Lara,REGIONAL TRAIN,2.0,Primary,3.0,Geelong,All properties,2025-03-01,540.0,480.0
Lara,REGIONAL TRAIN,2.0,Secondary,1.0,Geelong,1 bedroom flat,2019-12-01,200.0,322.0
Lara,REGIONAL TRAIN,2.0,Secondary,1.0,Geelong,2 bedroom flat,2025-03-01,410.0,420.0
Lara,REGIONAL TRAIN,2.0,Secondary,1.0,Geelong,2 bedroom house,2025-03-01,415.0,440.0
Lara,REGIONAL TRAIN,2.0,Secondary,1.0,Geelong,3 bedroom flat,2025-03-01,465.0,500.0
Lara,REGIONAL TRAIN,2.0,Secondary,1.0,Geelong,3 bedroom house,2025-03-01,490.0,490.0
Lara,REGIONAL TRAIN,2.0,Secondary,1.0,Geelong,4 bedroom house,2025-03-01,578.0,560.0
Lara,REGIONAL TRAIN,2.0,Secondary,1.0,Geelong,All properties,2025-03-01,540.0,480.0
Lardner,,,Primary,1.0,,,,,
Larpent,,,,,,,,,
Larralea,,,,,,,,,
Lascelles,REGIONAL BUS,1.0,,,,,,,
Lascelles,REGIONAL COACH,1.0,,,,,,,
Launching Place,METRO BUS,10.0,Primary,1.0,,,,,
Lauriston,,,,,,,,,
Lavers Hill,REGIONAL COACH,1.0,Pri/Sec,1.0,,,,,
Laverton,METRO BUS,11.0,Pri/Sec,1.0,,,,,
Laverton,METRO BUS,11.0,Primary,1.0,,,,,
Laverton,METRO BUS,11.0,Special,2.0,,,,,
Laverton,METRO TRAIN,6.0,Pri/Sec,1.0,,,,,
Laverton,METRO TRAIN,6.0,Primary,1.0,,,,,
Laverton,METRO TRAIN,6.0,Special,2.0,,,,,
Laverton North,METRO BUS,30.0,,,,,,,
Lawler,,,,,,,,,
Lawloit,,,,,,,,,
Lawrence,,,,,,,,,
Leaghur,,,,,,,,,
Learmonth,REGIONAL BUS,2.0,,,,,,,
Ledcourt,,,,,,,,,
Leichardt,,,,,,,,,
Leigh Creek,,,,,,,,,
Leitchville,REGIONAL BUS,2.0,Primary,1.0,,,,,
Leitchville,REGIONAL COACH,1.0,Primary,1.0,,,,,
Lemnos,,,Primary,1.0,,,,,
Leneva,REGIONAL BUS,1.0,Pri/Sec,1.0,,,,,
Leonards Hill,,,,,,,,,
Leongatha,REGIONAL BUS,8.0,Primary,2.0,,,,,
Leongatha,REGIONAL BUS,8.0,Secondary,2.0,,,,,
Leongatha,REGIONAL BUS,8.0,Special,1.0,,,,,
Leongatha,REGIONAL COACH,1.0,Primary,2.0,,,,,
Leongatha,REGIONAL COACH,1.0,Secondary,2.0,,,,,
Leongatha,REGIONAL COACH,1.0,Special,1.0,,,,,
Leongatha North,,,,,,,,,
Leongatha South,REGIONAL BUS,2.0,,,,,,,
Leopold,REGIONAL BUS,52.0,Primary,1.0,,,,,
Lerderderg,,,,,,,,,
Leslie Manor,,,,,,,,,
Lethbridge,REGIONAL COACH,1.0,Primary,1.0,,,,,
Lexton,REGIONAL BUS,1.0,,,,,,,
Licola,,,,,,,,,
Licola North,,,,,,,,,
Lillico,,,,,,,,,
Lillicur,,,,,,,,,
Lillimur,REGIONAL COACH,1.0,,,,,,,
Lilliput,,,,,,,,,
Lilydale,METRO BUS,64.0,Pri/Sec,1.0,,,,,
Lilydale,METRO BUS,64.0,Primary,3.0,,,,,
Lilydale,METRO BUS,64.0,Secondary,3.0,,,,,
Lilydale,METRO BUS,64.0,Special,1.0,,,,,
Lilydale,METRO TRAIN,2.0,Pri/Sec,1.0,,,,,
Lilydale,METRO TRAIN,2.0,Primary,3.0,,,,,
Lilydale,METRO TRAIN,2.0,Secondary,3.0,,,,,
Lilydale,METRO TRAIN,2.0,Special,1.0,,,,,
Lilydale,REGIONAL COACH,1.0,Pri/Sec,1.0,,,,,
Lilydale,REGIONAL COACH,1.0,Primary,3.0,,,,,
Lilydale,REGIONAL COACH,1.0,Secondary,3.0,,,,,
Lilydale,REGIONAL COACH,1.0,Special,1.0,,,,,
Lima,,,,,,,,,
Lima East,,,,,,,,,
Lima South,,,,,,,,,
Limestone,,,,,,,,,
Lindenow,,,Primary,1.0,,,,,
Lindenow South,REGIONAL COACH,1.0,Primary,1.0,,,,,
Lindsay,,,,,,,,,
Lindsay Point,,,,,,,,,
Linga,,,,,,,,,
Linton,REGIONAL COACH,1.0,Primary,1.0,,,,,
Liparoo,,,,,,,,,
Lismore,REGIONAL COACH,1.0,Primary,1.0,,,,,
Litchfield,,,,,,,,,
Little Desert,,,,,,,,,
Little Hampton,,,,,,,,,
Little River,REGIONAL COACH,1.0,Primary,1.0,,,,,
Little River,REGIONAL TRAIN,2.0,Primary,1.0,,,,,
Llanelly,,,,,,,,,
Llowalong,,,,,,,,,
Loch,REGIONAL COACH,1.0,Primary,1.0,,,,,
Loch Sport,REGIONAL BUS,10.0,Primary,1.0,,,,,
Loch Valley,,,,,,,,,
Lockington,REGIONAL COACH,1.0,Primary,1.0,,,,,
Locksley,,,,,,,,,
Lockwood,,,Primary,1.0,,,,,
Lockwood South,REGIONAL COACH,2.0,Primary,1.0,,,,,
Loddon Vale,,,,,,,,,
Logan,,,,,,,,,
Londrigan,,,Primary,1.0,,,,,
Long Forest,,,,,,,,,
Long Gully,REGIONAL BUS,14.0,Primary,1.0,,,,,
Longerenong,,,,,,,,,
Longford,REGIONAL BUS,4.0,Primary,1.0,,,,,
Longlea,REGIONAL BUS,2.0,,,,,,,
Longwarry,REGIONAL BUS,2.0,Primary,1.0,,,,,
Longwarry,REGIONAL COACH,1.0,Primary,1.0,,,,,
Longwarry,REGIONAL TRAIN,2.0,Primary,1.0,,,,,
Longwarry North,,,,,,,,,
Longwood,,,Primary,1.0,,,,,
Longwood East,,,,,,,,,
Lorne,REGIONAL COACH,2.0,Pri/Sec,1.0,,,,,
Lorquon,,,,,,,,,
Lovely Banks,REGIONAL BUS,5.0,Pri/Sec,1.0,,,,,
Lower Moira,,,,,,,,,
Lower Norton,,,,,,,,,
Lower Plenty,METRO BUS,11.0,Primary,1.0,,,,,
Loy Yang,,,,,,,,,
Lubeck,,,,,,,,,
Lucas,REGIONAL BUS,8.0,Primary,2.0,,,,,
Lucknow,REGIONAL BUS,4.0,,,,,,,
Lucyvale,,,,,,,,,
Lurg,,,,,,,,,
Lyal,,,,,,,,,
Lynbrook,METRO BUS,19.0,Primary,2.0,,,,,
Lynbrook,METRO TRAIN,2.0,Primary,2.0,,,,,
Lyndhurst,METRO BUS,14.0,Primary,1.0,,,,,
Lyndhurst,METRO TRAIN,1.0,Primary,1.0,,,,,
Lyons,,,,,,,,,
Lyonville,REGIONAL COACH,1.0,,,,,,,
Lysterfield,METRO BUS,20.0,Primary,1.0,,,,,
Lysterfield South,,,,,,,,,
Macarthur,REGIONAL COACH,1.0,Primary,1.0,,,,,
Macclesfield,,,Primary,1.0,,,,,
Macedon,REGIONAL COACH,1.0,Pri/Sec,1.0,,,,,
Macedon,REGIONAL COACH,1.0,Primary,1.0,,,,,
Macedon,REGIONAL TRAIN,2.0,Pri/Sec,1.0,,,,,
Macedon,REGIONAL TRAIN,2.0,Primary,1.0,,,,,
Macks Creek,,,,,,,,,
Macleod,METRO BUS,26.0,Pri/Sec,2.0,,,,,
Macleod,METRO BUS,26.0,Special,1.0,,,,,
Macleod,METRO TRAIN,3.0,Pri/Sec,2.0,,,,,
Macleod,METRO TRAIN,3.0,Special,1.0,,,,,
Macorna,,,,,,,,,
Macorna North,,,,,,,,,
Macs Cove,REGIONAL BUS,1.0,,,,,,,
Madalya,,,,,,,,,
Maddingley,REGIONAL BUS,19.0,Pri/Sec,1.0,,,,,
Maddingley,REGIONAL BUS,19.0,Secondary,1.0,,,,,
Maddingley,REGIONAL COACH,1.0,Pri/Sec,1.0,,,,,
Maddingley,REGIONAL COACH,1.0,Secondary,1.0,,,,,
Maddingley,REGIONAL TRAIN,2.0,Pri/Sec,1.0,,,,,
Maddingley,REGIONAL TRAIN,2.0,Secondary,1.0,,,,,
Mafeking,,,,,,,,,
Maffra,REGIONAL BUS,9.0,Primary,2.0,,,,,
Maffra,REGIONAL BUS,9.0,Secondary,1.0,,,,,
Maffra,REGIONAL COACH,2.0,Primary,2.0,,,,,
Maffra,REGIONAL COACH,2.0,Secondary,1.0,,,,,
Maffra West Upper,,,,,,,,,
Magpie,,,Primary,1.0,,,,,
Maiden Gully,REGIONAL BUS,20.0,Pri/Sec,1.0,,,,,
Maiden Gully,REGIONAL BUS,20.0,Primary,1.0,,,,,
Maiden Gully,REGIONAL COACH,1.0,Pri/Sec,1.0,,,,,
Maiden Gully,REGIONAL COACH,1.0,Primary,1.0,,,,,
Maidstone,METRO BUS,36.0,,,,,,,
Maidstone,METRO TRAM,1.0,,,,,,,
Mailors Flat,,,,,,,,,
Main Lead,,,,,,,,,
Main Ridge,,,,,,,,,
Maindample,REGIONAL COACH,1.0,,,,,,,
Maintongoon,,,,,,,,,
Major Plains,,,,,,,,,
Majorca,,,,,,,,,
Maldon,REGIONAL BUS,6.0,Primary,1.0,,,,,
Maldon,REGIONAL COACH,2.0,Primary,1.0,,,,,
Mallacoota,REGIONAL BUS,1.0,Pri/Sec,1.0,,,,,
Mallacoota,REGIONAL COACH,1.0,Pri/Sec,1.0,,,,,
Malmsbury,REGIONAL BUS,2.0,Primary,1.0,,,,,
Malmsbury,REGIONAL COACH,1.0,Primary,1.0,,,,,
Malmsbury,REGIONAL TRAIN,2.0,Primary,1.0,,,,,
Malvern,METRO TRAIN,5.0,Pri/Sec,1.0,Southern Melbourne,1 bedroom flat,2025-03-01,450.0,433.0
Malvern,METRO TRAIN,5.0,Pri/Sec,1.0,Southern Melbourne,2 bedroom flat,2025-03-01,598.0,598.0
Malvern,METRO TRAIN,5.0,Pri/Sec,1.0,Southern Melbourne,2 bedroom house,2025-03-01,780.0,620.0
Malvern,METRO TRAIN,5.0,Pri/Sec,1.0,Southern Melbourne,3 bedroom flat,2025-03-01,900.0,760.0
Malvern,METRO TRAIN,5.0,Pri/Sec,1.0,Southern Melbourne,3 bedroom house,2025-03-01,1000.0,790.0
Malvern,METRO TRAIN,5.0,Pri/Sec,1.0,Southern Melbourne,4 bedroom house,2025-03-01,1400.0,1075.0
Malvern,METRO TRAIN,5.0,Pri/Sec,1.0,Southern Melbourne,All properties,2025-03-01,600.0,610.0
Malvern,METRO TRAIN,5.0,Primary,2.0,Southern Melbourne,1 bedroom flat,2025-03-01,450.0,433.0
Malvern,METRO TRAIN,5.0,Primary,2.0,Southern Melbourne,2 bedroom flat,2025-03-01,598.0,598.0
Malvern,METRO TRAIN,5.0,Primary,2.0,Southern Melbourne,2 bedroom house,2025-03-01,780.0,620.0
Malvern,METRO TRAIN,5.0,Primary,2.0,Southern Melbourne,3 bedroom flat,2025-03-01,900.0,760.0
Malvern,METRO TRAIN,5.0,Primary,2.0,Southern Melbourne,3 bedroom house,2025-03-01,1000.0,790.0
Malvern,METRO TRAIN,5.0,Primary,2.0,Southern Melbourne,4 bedroom house,2025-03-01,1400.0,1075.0
Malvern,METRO TRAIN,5.0,Primary,2.0,Southern Melbourne,All properties,2025-03-01,600.0,610.0
Malvern,METRO TRAM,30.0,Pri/Sec,1.0,Southern Melbourne,1 bedroom flat,2025-03-01,450.0,433.0
Malvern,METRO TRAM,30.0,Pri/Sec,1.0,Southern Melbourne,2 bedroom flat,2025-03-01,598.0,598.0
Malvern,METRO TRAM,30.0,Pri/Sec,1.0,Southern Melbourne,2 bedroom house,2025-03-01,780.0,620.0
Malvern,METRO TRAM,30.0,Pri/Sec,1.0,Southern Melbourne,3 bedroom flat,2025-03-01,900.0,760.0
Malvern,METRO TRAM,30.0,Pri/Sec,1.0,Southern Melbourne,3 bedroom house,2025-03-01,1000.0,790.0
Malvern,METRO TRAM,30.0,Pri/Sec,1.0,Southern Melbourne,4 bedroom house,2025-03-01,1400.0,1075.0
Malvern,METRO TRAM,30.0,Pri/Sec,1.0,Southern Melbourne,All properties,2025-03-01,600.0,610.0
Malvern,METRO TRAM,30.0,Primary,2.0,Southern Melbourne,1 bedroom flat,2025-03-01,450.0,433.0
Malvern,METRO TRAM,30.0,Primary,2.0,Southern Melbourne,2 bedroom flat,2025-03-01,598.0,598.0
Malvern,METRO TRAM,30.0,Primary,2.0,Southern Melbourne,2 bedroom house,2025-03-01,780.0,620.0
Malvern,METRO TRAM,30.0,Primary,2.0,Southern Melbourne,3 bedroom flat,2025-03-01,900.0,760.0
Malvern,METRO TRAM,30.0,Primary,2.0,Southern Melbourne,3 bedroom house,2025-03-01,1000.0,790.0
Malvern,METRO TRAM,30.0,Primary,2.0,Southern Melbourne,4 bedroom house,2025-03-01,1400.0,1075.0
Malvern,METRO TRAM,30.0,Primary,2.0,Southern Melbourne,All properties,2025-03-01,600.0,610.0
Malvern East,METRO BUS,58.0,Primary,4.0,Southern Melbourne,1 bedroom flat,2025-03-01,470.0,433.0
Malvern East,METRO BUS,58.0,Primary,4.0,Southern Melbourne,2 bedroom flat,2025-03-01,600.0,598.0
Malvern East,METRO BUS,58.0,Primary,4.0,Southern Melbourne,2 bedroom house,2025-03-01,623.0,620.0
Malvern East,METRO BUS,58.0,Primary,4.0,Southern Melbourne,3 bedroom flat,2025-03-01,795.0,760.0
Malvern East,METRO BUS,58.0,Primary,4.0,Southern Melbourne,3 bedroom house,2025-03-01,790.0,790.0
Malvern East,METRO BUS,58.0,Primary,4.0,Southern Melbourne,4 bedroom house,2025-03-01,1190.0,1075.0
Malvern East,METRO BUS,58.0,Primary,4.0,Southern Melbourne,All properties,2025-03-01,610.0,610.0
Malvern East,METRO BUS,58.0,Special,1.0,Southern Melbourne,1 bedroom flat,2025-03-01,470.0,433.0
Malvern East,METRO BUS,58.0,Special,1.0,Southern Melbourne,2 bedroom flat,2025-03-01,600.0,598.0
Malvern East,METRO BUS,58.0,Special,1.0,Southern Melbourne,2 bedroom house,2025-03-01,623.0,620.0
Malvern East,METRO BUS,58.0,Special,1.0,Southern Melbourne,3 bedroom flat,2025-03-01,795.0,760.0
Malvern East,METRO BUS,58.0,Special,1.0,Southern Melbourne,3 bedroom house,2025-03-01,790.0,790.0
Malvern East,METRO BUS,58.0,Special,1.0,Southern Melbourne,4 bedroom house,2025-03-01,1190.0,1075.0
Malvern East,METRO BUS,58.0,Special,1.0,Southern Melbourne,All properties,2025-03-01,610.0,610.0
Malvern East,METRO TRAIN,9.0,Primary,4.0,Southern Melbourne,1 bedroom flat,2025-03-01,470.0,433.0
Malvern East,METRO TRAIN,9.0,Primary,4.0,Southern Melbourne,2 bedroom flat,2025-03-01,600.0,598.0
Malvern East,METRO TRAIN,9.0,Primary,4.0,Southern Melbourne,2 bedroom house,2025-03-01,623.0,620.0
Malvern East,METRO TRAIN,9.0,Primary,4.0,Southern Melbourne,3 bedroom flat,2025-03-01,795.0,760.0
Malvern East,METRO TRAIN,9.0,Primary,4.0,Southern Melbourne,3 bedroom house,2025-03-01,790.0,790.0
Malvern East,METRO TRAIN,9.0,Primary,4.0,Southern Melbourne,4 bedroom house,2025-03-01,1190.0,1075.0
Malvern East,METRO TRAIN,9.0,Primary,4.0,Southern Melbourne,All properties,2025-03-01,610.0,610.0
Malvern East,METRO TRAIN,9.0,Special,1.0,Southern Melbourne,1 bedroom flat,2025-03-01,470.0,433.0
Malvern East,METRO TRAIN,9.0,Special,1.0,Southern Melbourne,2 bedroom flat,2025-03-01,600.0,598.0
Malvern East,METRO TRAIN,9.0,Special,1.0,Southern Melbourne,2 bedroom house,2025-03-01,623.0,620.0
Malvern East,METRO TRAIN,9.0,Special,1.0,Southern Melbourne,3 bedroom flat,2025-03-01,795.0,760.0
Malvern East,METRO TRAIN,9.0,Special,1.0,Southern Melbourne,3 bedroom house,2025-03-01,790.0,790.0
Malvern East,METRO TRAIN,9.0,Special,1.0,Southern Melbourne,4 bedroom house,2025-03-01,1190.0,1075.0
Malvern East,METRO TRAIN,9.0,Special,1.0,Southern Melbourne,All properties,2025-03-01,610.0,610.0
Malvern East,METRO TRAM,14.0,Primary,4.0,Southern Melbourne,1 bedroom flat,2025-03-01,470.0,433.0
Malvern East,METRO TRAM,14.0,Primary,4.0,Southern Melbourne,2 bedroom flat,2025-03-01,600.0,598.0
Malvern East,METRO TRAM,14.0,Primary,4.0,Southern Melbourne,2 bedroom house,2025-03-01,623.0,620.0
Malvern East,METRO TRAM,14.0,Primary,4.0,Southern Melbourne,3 bedroom flat,2025-03-01,795.0,760.0
Malvern East,METRO TRAM,14.0,Primary,4.0,Southern Melbourne,3 bedroom house,2025-03-01,790.0,790.0
Malvern East,METRO TRAM,14.0,Primary,4.0,Southern Melbourne,4 bedroom house,2025-03-01,1190.0,1075.0
Malvern East,METRO TRAM,14.0,Primary,4.0,Southern Melbourne,All properties,2025-03-01,610.0,610.0
Malvern East,METRO TRAM,14.0,Special,1.0,Southern Melbourne,1 bedroom flat,2025-03-01,470.0,433.0
Malvern East,METRO TRAM,14.0,Special,1.0,Southern Melbourne,2 bedroom flat,2025-03-01,600.0,598.0
Malvern East,METRO TRAM,14.0,Special,1.0,Southern Melbourne,2 bedroom house,2025-03-01,623.0,620.0
Malvern East,METRO TRAM,14.0,Special,1.0,Southern Melbourne,3 bedroom flat,2025-03-01,795.0,760.0
Malvern East,METRO TRAM,14.0,Special,1.0,Southern Melbourne,3 bedroom house,2025-03-01,790.0,790.0
Malvern East,METRO TRAM,14.0,Special,1.0,Southern Melbourne,4 bedroom house,2025-03-01,1190.0,1075.0
Malvern East,METRO TRAM,14.0,Special,1.0,Southern Melbourne,All properties,2025-03-01,610.0,610.0
Mambourin,,,Primary,1.0,,,,,
Manangatang,REGIONAL COACH,1.0,Pri/Sec,1.0,,,,,
Mandurang,,,,,,,,,
Mandurang South,,,,,,,,,
Mangalore,,,,,,,,,
Manifold Heights,REGIONAL BUS,15.0,Primary,1.0,,,,,
Mannerim,,,,,,,,,
Mannibadar,,,,,,,,,
Manns Beach,,,,,,,,,
Manor Lakes,METRO BUS,20.0,Pri/Sec,1.0,,,,,
Manor Lakes,METRO BUS,20.0,Primary,2.0,,,,,
Manor Lakes,REGIONAL COACH,1.0,Pri/Sec,1.0,,,,,
Manor Lakes,REGIONAL COACH,1.0,Primary,2.0,,,,,
Manor Lakes,REGIONAL TRAIN,2.0,Pri/Sec,1.0,,,,,
Manor Lakes,REGIONAL TRAIN,2.0,Primary,2.0,,,,,
Manorina,REGIONAL COACH,2.0,,,,,,,
Mansfield,REGIONAL BUS,1.0,Pri/Sec,1.0,,,,,
Mansfield,REGIONAL BUS,1.0,Primary,2.0,,,,,
Mansfield,REGIONAL BUS,1.0,Secondary,1.0,,,,,
Mansfield,REGIONAL BUS,1.0,Special,1.0,,,,,
Mansfield,REGIONAL COACH,1.0,Pri/Sec,1.0,,,,,
Mansfield,REGIONAL COACH,1.0,Primary,2.0,,,,,
Mansfield,REGIONAL COACH,1.0,Secondary,1.0,,,,,
Mansfield,REGIONAL COACH,1.0,Special,1.0,,,,,
Maramingo Creek,,,,,,,,,
Marcus Hill,,,,,,,,,
Mardan,,,,,,,,,
Marengo,REGIONAL BUS,1.0,,,,,,,
Marengo,REGIONAL COACH,1.0,,,,,,,
Maribyrnong,METRO BUS,30.0,Primary,1.0,,,,,
Maribyrnong,METRO BUS,30.0,Secondary,1.0,,,,,
Maribyrnong,METRO TRAM,20.0,Primary,1.0,,,,,
Maribyrnong,METRO TRAM,20.0,Secondary,1.0,,,,,
Marionvale,,,,,,,,,
Markwood,,,,,,,,,
Marlbed,,,,,,,,,
Marlo,REGIONAL COACH,1.0,Primary,1.0,,,,,
Marnoo,REGIONAL BUS,1.0,Primary,1.0,,,,,
Marnoo,REGIONAL COACH,1.0,Primary,1.0,,,,,
Marnoo East,,,,,,,,,
Marnoo West,,,,,,,,,
Marong,REGIONAL BUS,1.0,Primary,1.0,,,,,
Marong,REGIONAL COACH,1.0,Primary,1.0,,,,,
Maroona,REGIONAL BUS,1.0,Primary,1.0,,,,,
Marraweeney,,,,,,,,,
Marshall,REGIONAL BUS,12.0,,,,,,,
Marshall,REGIONAL COACH,1.0,,,,,,,
Marshall,REGIONAL TRAIN,2.0,,,,,,,
Marthavale,,,,,,,,,
Marungi,,,,,,,,,
Maryborough,REGIONAL BUS,73.0,Pri/Sec,1.0,,,,,
Maryborough,REGIONAL BUS,73.0,Primary,1.0,,,,,
Maryborough,REGIONAL BUS,73.0,Secondary,1.0,,,,,
Maryborough,REGIONAL COACH,6.0,Pri/Sec,1.0,,,,,
Maryborough,REGIONAL COACH,6.0,Primary,1.0,,,,,
Maryborough,REGIONAL COACH,6.0,Secondary,1.0,,,,,
Maryborough,REGIONAL TRAIN,2.0,Pri/Sec,1.0,,,,,
Maryborough,REGIONAL TRAIN,2.0,Primary,1.0,,,,,
Maryborough,REGIONAL TRAIN,2.0,Secondary,1.0,,,,,
Maryknoll,,,,,,,,,
Marysville,METRO BUS,2.0,Primary,1.0,,,,,
Marysville,REGIONAL BUS,2.0,Primary,1.0,,,,,
Maryvale,,,,,,,,,
Massey,,,,,,,,,
Matlock,,,,,,,,,
Maude,,,,,,,,,
McCrae,METRO BUS,5.0,,,,,,,
McIntyre,,,,,,,,,
McKenzie Creek,,,,,,,,,
McKenzie Hill,REGIONAL BUS,1.0,,,,,,,
McKinnon,METRO BUS,19.0,Secondary,1.0,,,,,
McKinnon,METRO TRAIN,3.0,Secondary,1.0,,,,,
McLoughlins Beach,,,,,,,,,
McMahons Creek,,,,,,,,,
McMillans,,,,,,,,,
Mead,,,,,,,,,
Meadow Creek,,,,,,,,,
Meadow Heights,METRO BUS,41.0,Primary,2.0,,,,,
Meatian,,,,,,,,,
Meeniyan,REGIONAL COACH,1.0,Primary,1.0,,,,,
Meering West,,,,,,,,,
Meerlieu,,,,,,,,,
Melbourne,METRO BUS,42.0,Pri/Sec,2.0,,,,,
Melbourne,METRO BUS,42.0,Secondary,3.0,,,,,
Melbourne,METRO BUS,42.0,Special,2.0,,,,,
Melbourne,METRO TRAIN,9.0,Pri/Sec,2.0,,,,,
Melbourne,METRO TRAIN,9.0,Secondary,3.0,,,,,
Melbourne,METRO TRAIN,9.0,Special,2.0,,,,,
Melbourne,METRO TRAM,70.0,Pri/Sec,2.0,,,,,
Melbourne,METRO TRAM,70.0,Secondary,3.0,,,,,
Melbourne,METRO TRAM,70.0,Special,2.0,,,,,
Melbourne,REGIONAL TRAIN,2.0,Pri/Sec,2.0,,,,,
Melbourne,REGIONAL TRAIN,2.0,Secondary,3.0,,,,,
Melbourne,REGIONAL TRAIN,2.0,Special,2.0,,,,,
Melbourne Airport,METRO BUS,7.0,,,,,,,
Melbourne Airport,REGIONAL COACH,1.0,,,,,,,
Melbourne Airport,SKYBUS,3.0,,,,,,,
Melton,METRO BUS,38.0,Pri/Sec,1.0,Outer Western Melbourne,1 bedroom flat,2025-03-01,365.0,365.0
Melton,METRO BUS,38.0,Pri/Sec,1.0,Outer Western Melbourne,2 bedroom flat,2025-03-01,350.0,472.0
Melton,METRO BUS,38.0,Pri/Sec,1.0,Outer Western Melbourne,2 bedroom house,2025-03-01,380.0,490.0
Melton,METRO BUS,38.0,Pri/Sec,1.0,Outer Western Melbourne,3 bedroom flat,2025-03-01,400.0,575.0
Melton,METRO BUS,38.0,Pri/Sec,1.0,Outer Western Melbourne,3 bedroom house,2025-03-01,420.0,549.0
Melton,METRO BUS,38.0,Pri/Sec,1.0,Outer Western Melbourne,4 bedroom house,2025-03-01,470.0,658.0
Melton,METRO BUS,38.0,Pri/Sec,1.0,Outer Western Melbourne,All properties,2025-03-01,450.0,530.0
Melton,METRO BUS,38.0,Primary,2.0,Outer Western Melbourne,1 bedroom flat,2025-03-01,365.0,365.0
Melton,METRO BUS,38.0,Primary,2.0,Outer Western Melbourne,2 bedroom flat,2025-03-01,350.0,472.0
Melton,METRO BUS,38.0,Primary,2.0,Outer Western Melbourne,2 bedroom house,2025-03-01,380.0,490.0
Melton,METRO BUS,38.0,Primary,2.0,Outer Western Melbourne,3 bedroom flat,2025-03-01,400.0,575.0
Melton,METRO BUS,38.0,Primary,2.0,Outer Western Melbourne,3 bedroom house,2025-03-01,420.0,549.0
Melton,METRO BUS,38.0,Primary,2.0,Outer Western Melbourne,4 bedroom house,2025-03-01,470.0,658.0
Melton,METRO BUS,38.0,Primary,2.0,Outer Western Melbourne,All properties,2025-03-01,450.0,530.0
Melton,METRO BUS,38.0,Secondary,1.0,Outer Western Melbourne,1 bedroom flat,2025-03-01,365.0,365.0
Melton,METRO BUS,38.0,Secondary,1.0,Outer Western Melbourne,2 bedroom flat,2025-03-01,350.0,472.0
Melton,METRO BUS,38.0,Secondary,1.0,Outer Western Melbourne,2 bedroom house,2025-03-01,380.0,490.0
Melton,METRO BUS,38.0,Secondary,1.0,Outer Western Melbourne,3 bedroom flat,2025-03-01,400.0,575.0
Melton,METRO BUS,38.0,Secondary,1.0,Outer Western Melbourne,3 bedroom house,2025-03-01,420.0,549.0
Melton,METRO BUS,38.0,Secondary,1.0,Outer Western Melbourne,4 bedroom house,2025-03-01,470.0,658.0
Melton,METRO BUS,38.0,Secondary,1.0,Outer Western Melbourne,All properties,2025-03-01,450.0,530.0
Melton South,METRO BUS,20.0,Pri/Sec,1.0,,,,,
Melton South,METRO BUS,20.0,Primary,3.0,,,,,
Melton South,METRO BUS,20.0,Secondary,1.0,,,,,
Melton South,REGIONAL BUS,4.0,Pri/Sec,1.0,,,,,
Melton South,REGIONAL BUS,4.0,Primary,3.0,,,,,
Melton South,REGIONAL BUS,4.0,Secondary,1.0,,,,,
Melton South,REGIONAL COACH,1.0,Pri/Sec,1.0,,,,,
Melton South,REGIONAL COACH,1.0,Primary,3.0,,,,,
Melton South,REGIONAL COACH,1.0,Secondary,1.0,,,,,
Melton South,REGIONAL TRAIN,2.0,Pri/Sec,1.0,,,,,
Melton South,REGIONAL TRAIN,2.0,Primary,3.0,,,,,
Melton South,REGIONAL TRAIN,2.0,Secondary,1.0,,,,,
Melton West,METRO BUS,34.0,Primary,3.0,,,,,
Melton West,METRO BUS,34.0,Secondary,2.0,,,,,
Melton West,METRO BUS,34.0,Special,1.0,,,,,
Melville Forest,,,,,,,,,
Melwood,,,,,,,,,
Mena Park,,,,,,,,,
Mentone,METRO BUS,43.0,Pri/Sec,2.0,,,,,
Mentone,METRO BUS,43.0,Primary,3.0,,,,,
Mentone,METRO BUS,43.0,Secondary,3.0,,,,,
Mentone,METRO TRAIN,3.0,Pri/Sec,2.0,,,,,
Mentone,METRO TRAIN,3.0,Primary,3.0,,,,,
Mentone,METRO TRAIN,3.0,Secondary,3.0,,,,,
Mentone,SKYBUS,1.0,Pri/Sec,2.0,,,,,
Mentone,SKYBUS,1.0,Primary,3.0,,,,,
Mentone,SKYBUS,1.0,Secondary,3.0,,,,,
Menzies Creek,METRO BUS,5.0,Primary,1.0,,,,,
Mepunga,,,,,,,,,
Mepunga East,,,,,,,,,
Mepunga West,,,,,,,,,
Merbein,REGIONAL BUS,18.0,Pri/Sec,1.0,,,,,
Merbein,REGIONAL BUS,18.0,Primary,1.0,,,,,
Merbein South,,,,,,,,,
Merbein West,,,,,,,,,
Meredith,REGIONAL COACH,1.0,Primary,1.0,,,,,
Meringur,,,,,,,,,
Merino,,,Primary,1.0,,,,,
Mernda,METRO BUS,57.0,Pri/Sec,2.0,,,,,
Mernda,METRO BUS,57.0,Primary,3.0,,,,,
Mernda,METRO TRAIN,13.0,Pri/Sec,2.0,,,,,
Mernda,METRO TRAIN,13.0,Primary,3.0,,,,,
Merriang,,,,,,,,,
Merriang South,,,,,,,,,
Merricks,METRO BUS,2.0,,,,,,,
Merricks Beach,,,,,,,,,
Merricks North,,,,,,,,,
Merrigum,REGIONAL BUS,2.0,Primary,1.0,,,,,
Merrigum,REGIONAL COACH,1.0,Primary,1.0,,,,,
Merrijig,,,Primary,1.0,,,,,
Merrijig,,,Primary,1.0,,,,,
Merrimu,,,,,,,,,
Merrinee,,,,,,,,,
Merton,REGIONAL COACH,2.0,,,,,,,
Metcalfe,,,,,,,,,
Metcalfe East,,,,,,,,,
Metung,,,Primary,1.0,,,,,
Mia Mia,,,,,,,,,
Mickleham,METRO BUS,32.0,Pri/Sec,1.0,,,,,
Mickleham,METRO BUS,32.0,Primary,4.0,,,,,
Mickleham,METRO BUS,32.0,Secondary,1.0,,,,,
Middle Creek,,,,,,,,,
Middle Park,METRO BUS,8.0,Primary,1.0,,,,,
Middle Park,METRO TRAM,8.0,Primary,1.0,,,,,
Middle Tarwin,,,,,,,,,
Miepoll,REGIONAL BUS,1.0,,,,,,,
Miga Lake,,,,,,,,,
Milawa,REGIONAL COACH,1.0,Primary,1.0,,,,,
Mildura,REGIONAL BUS,197.0,Pri/Sec,1.0,Other Regional Centres,1 bedroom flat,2025-03-01,275.0,275.0
Mildura,REGIONAL BUS,197.0,Pri/Sec,1.0,Other Regional Centres,2 bedroom flat,2025-03-01,340.0,360.0
Mildura,REGIONAL BUS,197.0,Pri/Sec,1.0,Other Regional Centres,2 bedroom house,2025-03-01,380.0,385.0
Mildura,REGIONAL BUS,197.0,Pri/Sec,1.0,Other Regional Centres,3 bedroom flat,2025-03-01,450.0,450.0
Mildura,REGIONAL BUS,197.0,Pri/Sec,1.0,Other Regional Centres,3 bedroom house,2025-03-01,460.0,450.0
Mildura,REGIONAL BUS,197.0,Pri/Sec,1.0,Other Regional Centres,4 bedroom house,2025-03-01,570.0,555.0
Mildura,REGIONAL BUS,197.0,Pri/Sec,1.0,Other Regional Centres,All properties,2025-03-01,450.0,440.0
Mildura,REGIONAL BUS,197.0,Primary,6.0,Other Regional Centres,1 bedroom flat,2025-03-01,275.0,275.0
Mildura,REGIONAL BUS,197.0,Primary,6.0,Other Regional Centres,2 bedroom flat,2025-03-01,340.0,360.0
Mildura,REGIONAL BUS,197.0,Primary,6.0,Other Regional Centres,2 bedroom house,2025-03-01,380.0,385.0
Mildura,REGIONAL BUS,197.0,Primary,6.0,Other Regional Centres,3 bedroom flat,2025-03-01,450.0,450.0
Mildura,REGIONAL BUS,197.0,Primary,6.0,Other Regional Centres,3 bedroom house,2025-03-01,460.0,450.0
Mildura,REGIONAL BUS,197.0,Primary,6.0,Other Regional Centres,4 bedroom house,2025-03-01,570.0,555.0
Mildura,REGIONAL BUS,197.0,Primary,6.0,Other Regional Centres,All properties,2025-03-01,450.0,440.0
Mildura,REGIONAL BUS,197.0,Secondary,3.0,Other Regional Centres,1 bedroom flat,2025-03-01,275.0,275.0
Mildura,REGIONAL BUS,197.0,Secondary,3.0,Other Regional Centres,2 bedroom flat,2025-03-01,340.0,360.0
Mildura,REGIONAL BUS,197.0,Secondary,3.0,Other Regional Centres,2 bedroom house,2025-03-01,380.0,385.0
Mildura,REGIONAL BUS,197.0,Secondary,3.0,Other Regional Centres,3 bedroom flat,2025-03-01,450.0,450.0
Mildura,REGIONAL BUS,197.0,Secondary,3.0,Other Regional Centres,3 bedroom house,2025-03-01,460.0,450.0
Mildura,REGIONAL BUS,197.0,Secondary,3.0,Other Regional Centres,4 bedroom house,2025-03-01,570.0,555.0
Mildura,REGIONAL BUS,197.0,Secondary,3.0,Other Regional Centres,All properties,2025-03-01,450.0,440.0
Mildura,REGIONAL BUS,197.0,Special,1.0,Other Regional Centres,1 bedroom flat,2025-03-01,275.0,275.0
Mildura,REGIONAL BUS,197.0,Special,1.0,Other Regional Centres,2 bedroom flat,2025-03-01,340.0,360.0
Mildura,REGIONAL BUS,197.0,Special,1.0,Other Regional Centres,2 bedroom house,2025-03-01,380.0,385.0
Mildura,REGIONAL BUS,197.0,Special,1.0,Other Regional Centres,3 bedroom flat,2025-03-01,450.0,450.0
Mildura,REGIONAL BUS,197.0,Special,1.0,Other Regional Centres,3 bedroom house,2025-03-01,460.0,450.0
Mildura,REGIONAL BUS,197.0,Special,1.0,Other Regional Centres,4 bedroom house,2025-03-01,570.0,555.0
Mildura,REGIONAL BUS,197.0,Special,1.0,Other Regional Centres,All properties,2025-03-01,450.0,440.0
Mildura,REGIONAL COACH,1.0,Pri/Sec,1.0,Other Regional Centres,1 bedroom flat,2025-03-01,275.0,275.0
Mildura,REGIONAL COACH,1.0,Pri/Sec,1.0,Other Regional Centres,2 bedroom flat,2025-03-01,340.0,360.0
Mildura,REGIONAL COACH,1.0,Pri/Sec,1.0,Other Regional Centres,2 bedroom house,2025-03-01,380.0,385.0
Mildura,REGIONAL COACH,1.0,Pri/Sec,1.0,Other Regional Centres,3 bedroom flat,2025-03-01,450.0,450.0
Mildura,REGIONAL COACH,1.0,Pri/Sec,1.0,Other Regional Centres,3 bedroom house,2025-03-01,460.0,450.0
Mildura,REGIONAL COACH,1.0,Pri/Sec,1.0,Other Regional Centres,4 bedroom house,2025-03-01,570.0,555.0
Mildura,REGIONAL COACH,1.0,Pri/Sec,1.0,Other Regional Centres,All properties,2025-03-01,450.0,440.0
Mildura,REGIONAL COACH,1.0,Primary,6.0,Other Regional Centres,1 bedroom flat,2025-03-01,275.0,275.0
Mildura,REGIONAL COACH,1.0,Primary,6.0,Other Regional Centres,2 bedroom flat,2025-03-01,340.0,360.0
Mildura,REGIONAL COACH,1.0,Primary,6.0,Other Regional Centres,2 bedroom house,2025-03-01,380.0,385.0
Mildura,REGIONAL COACH,1.0,Primary,6.0,Other Regional Centres,3 bedroom flat,2025-03-01,450.0,450.0
Mildura,REGIONAL COACH,1.0,Primary,6.0,Other Regional Centres,3 bedroom house,2025-03-01,460.0,450.0
Mildura,REGIONAL COACH,1.0,Primary,6.0,Other Regional Centres,4 bedroom house,2025-03-01,570.0,555.0
Mildura,REGIONAL COACH,1.0,Primary,6.0,Other Regional Centres,All properties,2025-03-01,450.0,440.0
Mildura,REGIONAL COACH,1.0,Secondary,3.0,Other Regional Centres,1 bedroom flat,2025-03-01,275.0,275.0
Mildura,REGIONAL COACH,1.0,Secondary,3.0,Other Regional Centres,2 bedroom flat,2025-03-01,340.0,360.0
Mildura,REGIONAL COACH,1.0,Secondary,3.0,Other Regional Centres,2 bedroom house,2025-03-01,380.0,385.0
Mildura,REGIONAL COACH,1.0,Secondary,3.0,Other Regional Centres,3 bedroom flat,2025-03-01,450.0,450.0
Mildura,REGIONAL COACH,1.0,Secondary,3.0,Other Regional Centres,3 bedroom house,2025-03-01,460.0,450.0
Mildura,REGIONAL COACH,1.0,Secondary,3.0,Other Regional Centres,4 bedroom house,2025-03-01,570.0,555.0
Mildura,REGIONAL COACH,1.0,Secondary,3.0,Other Regional Centres,All properties,2025-03-01,450.0,440.0
Mildura,REGIONAL COACH,1.0,Special,1.0,Other Regional Centres,1 bedroom flat,2025-03-01,275.0,275.0
Mildura,REGIONAL COACH,1.0,Special,1.0,Other Regional Centres,2 bedroom flat,2025-03-01,340.0,360.0
Mildura,REGIONAL COACH,1.0,Special,1.0,Other Regional Centres,2 bedroom house,2025-03-01,380.0,385.0
Mildura,REGIONAL COACH,1.0,Special,1.0,Other Regional Centres,3 bedroom flat,2025-03-01,450.0,450.0
Mildura,REGIONAL COACH,1.0,Special,1.0,Other Regional Centres,3 bedroom house,2025-03-01,460.0,450.0
Mildura,REGIONAL COACH,1.0,Special,1.0,Other Regional Centres,4 bedroom house,2025-03-01,570.0,555.0
Mildura,REGIONAL COACH,1.0,Special,1.0,Other Regional Centres,All properties,2025-03-01,450.0,440.0
Mill Park,METRO BUS,98.0,Primary,5.0,,,,,
Mill Park,METRO BUS,98.0,Secondary,1.0,,,,,
Mill Park,METRO TRAIN,1.0,Primary,5.0,,,,,
Mill Park,METRO TRAIN,1.0,Secondary,1.0,,,,,
Millbrook,REGIONAL BUS,1.0,,,,,,,
Millgrove,METRO BUS,4.0,Primary,1.0,,,,,
Milloo,,,,,,,,,
Milltown,REGIONAL COACH,1.0,,,,,,,
Milnes Bridge,,,,,,,,,
Mincha,,,,,,,,,
Mincha West,,,,,,,,,
Miners Rest,REGIONAL BUS,15.0,Primary,1.0,,,,,
Mingay,,,,,,,,,
Minhamite,,,,,,,,,
Minimay,,,,,,,,,
Mininera,,,,,,,,,
Minjah,,,,,,,,,
Minmindie,,,,,,,,,
Minyip,REGIONAL BUS,1.0,Primary,1.0,,,,,
Minyip,REGIONAL COACH,1.0,Primary,1.0,,,,,
Miowera,,,,,,,,,
Miralie,,,,,,,,,
Miram,,,,,,,,,
Mirboo,,,,,,,,,
Mirboo North,REGIONAL BUS,1.0,Primary,1.0,,,,,
Mirboo North,REGIONAL BUS,1.0,Secondary,1.0,,,,,
Mirimbah,,,,,,,,,
Mirranatwa,,,,,,,,,
Mitcham,METRO BUS,62.0,Primary,4.0,,,,,
Mitcham,METRO BUS,62.0,Secondary,1.0,,,,,
Mitcham,METRO TRAIN,2.0,Primary,4.0,,,,,
Mitcham,METRO TRAIN,2.0,Secondary,1.0,,,,,
Mitchell Park,REGIONAL BUS,4.0,,,,,,,
Mitchellstown,,,,,,,,,
Mitiamo,REGIONAL COACH,1.0,,,,,,,
Mitre,REGIONAL BUS,1.0,,,,,,,
Mitta Mitta,,,Primary,1.0,,,,,
Mittyack,,,,,,,,,
Mockinya,,,,,,,,,
Modella,,,,,,,,,
Modewarre,,,,,,,,,
Moe,REGIONAL BUS,56.0,Primary,4.0,,,,,
Moe,REGIONAL BUS,56.0,Special,1.0,,,,,
Moe,REGIONAL COACH,1.0,Primary,4.0,,,,,
Moe,REGIONAL COACH,1.0,Special,1.0,,,,,
Moe,REGIONAL TRAIN,2.0,Primary,4.0,,,,,
Moe,REGIONAL TRAIN,2.0,Special,1.0,,,,,
Moe South,,,,,,,,,
Moggs Creek,,,,,,,,,
Moglonemby,,,,,,,,,
Mokepilly,,,,,,,,,
Molesworth,REGIONAL COACH,1.0,,,,,,,
Moliagul,,,,,,,,,
Molka,,,,,,,,,
Mollongghip,,,,,,,,,
Mologa,,,,,,,,,
Molyullah,,,,,,,,,
Monbulk,METRO BUS,12.0,Primary,2.0,,,,,
Monbulk,METRO BUS,12.0,Secondary,1.0,,,,,
Monegeetta,REGIONAL BUS,1.0,,,,,,,
Mongans Bridge,REGIONAL BUS,1.0,,,,,,,
Monomak,,,,,,,,,
Monomeith,,,,,,,,,
Mont Albert,METRO BUS,12.0,Primary,1.0,,,,,
Mont Albert,METRO TRAIN,2.0,Primary,1.0,,,,,
Mont Albert,METRO TRAM,3.0,Primary,1.0,,,,,
Mont Albert North,METRO BUS,21.0,Secondary,2.0,,,,,
Montgomery,,,,,,,,,
Montmorency,METRO BUS,22.0,Primary,3.0,,,,,
Montmorency,METRO BUS,22.0,Secondary,1.0,,,,,
Montmorency,METRO TRAIN,3.0,Primary,3.0,,,,,
Montmorency,METRO TRAIN,3.0,Secondary,1.0,,,,,
Montrose,METRO BUS,32.0,Pri/Sec,1.0,,,,,
Montrose,METRO BUS,32.0,Primary,2.0,,,,,
Moolap,REGIONAL BUS,20.0,Primary,1.0,,,,,
Moolerr,,,,,,,,,
Moolort,REGIONAL COACH,1.0,,,,,,,
Moonambel,,,Primary,1.0,,,,,
Moondarra,,,,,,,,,
Moonee Ponds,METRO BUS,42.0,Primary,3.0,,,,,
Moonee Ponds,METRO TRAIN,3.0,Primary,3.0,,,,,
Moonee Ponds,METRO TRAM,17.0,Primary,3.0,,,,,
Moonlight Flat,,,,,,,,,
Moonlight Flat,,,,,,,,,
Moora,,,,,,,,,
Moorabbin,METRO BUS,45.0,Primary,3.0,,,,,
Moorabbin,METRO BUS,45.0,Special,1.0,,,,,
Moorabbin,METRO TRAIN,3.0,Primary,3.0,,,,,
Moorabbin,METRO TRAIN,3.0,Special,1.0,,,,,
Moorabbin,SKYBUS,2.0,Primary,3.0,,,,,
Moorabbin,SKYBUS,2.0,Special,1.0,,,,,
Moorabbin Airport,METRO BUS,9.0,,,,,,,
Moorabool,,,,,,,,,
Mooralla,,,,,,,,,
Moorilim,,,,,,,,,
Moormbool West,,,,,,,,,
Moornapa,,,,,,,,,
Moorngag,,,,,,,,,
Moorooduc,,,Primary,1.0,,,,,
Mooroolbark,METRO BUS,32.0,Pri/Sec,2.0,,,,,
Mooroolbark,METRO BUS,32.0,Primary,6.0,,,,,
Mooroolbark,METRO BUS,32.0,Secondary,2.0,,,,,
Mooroolbark,METRO TRAIN,2.0,Pri/Sec,2.0,,,,,
Mooroolbark,METRO TRAIN,2.0,Primary,6.0,,,,,
Mooroolbark,METRO TRAIN,2.0,Secondary,2.0,,,,,
Mooroopna,REGIONAL BUS,59.0,Primary,3.0,,,,,
Mooroopna,REGIONAL COACH,3.0,Primary,3.0,,,,,
Mooroopna,REGIONAL TRAIN,2.0,Primary,3.0,,,,,
Mooroopna North,,,Primary,1.0,,,,,
Mooroopna North West,,,,,,,,,
Moranding,,,,,,,,,
Mordialloc,METRO BUS,33.0,Primary,2.0,,,,,
Mordialloc,METRO BUS,33.0,Secondary,1.0,,,,,
Mordialloc,METRO TRAIN,3.0,Primary,2.0,,,,,
Mordialloc,METRO TRAIN,3.0,Secondary,1.0,,,,,
Morgiana,,,,,,,,,
Moriac,,,Primary,1.0,,,,,
Mornington,METRO BUS,86.0,Primary,4.0,,,,,
Mornington,METRO BUS,86.0,Secondary,2.0,,,,,
Mornington,METRO BUS,86.0,Special,1.0,,,,,
Moroka,,,,,,,,,
Morrisons,,,,,,,,,
Morrl Morrl,,,,,,,,,
Mortlake,REGIONAL BUS,3.0,Pri/Sec,1.0,,,,,
Mortlake,REGIONAL BUS,3.0,Primary,1.0,,,,,
Mortlake,REGIONAL COACH,1.0,Pri/Sec,1.0,,,,,
Mortlake,REGIONAL COACH,1.0,Primary,1.0,,,,,
Morton Plains,,,,,,,,,
Morwell,REGIONAL BUS,68.0,Primary,4.0,Other Regional Centres,1 bedroom flat,2025-03-01,260.0,275.0
Morwell,REGIONAL BUS,68.0,Primary,4.0,Other Regional Centres,2 bedroom flat,2025-03-01,300.0,360.0
Morwell,REGIONAL BUS,68.0,Primary,4.0,Other Regional Centres,2 bedroom house,2025-03-01,340.0,385.0
Morwell,REGIONAL BUS,68.0,Primary,4.0,Other Regional Centres,3 bedroom flat,2024-03-01,330.0,450.0
Morwell,REGIONAL BUS,68.0,Primary,4.0,Other Regional Centres,3 bedroom house,2025-03-01,390.0,450.0
Morwell,REGIONAL BUS,68.0,Primary,4.0,Other Regional Centres,4 bedroom house,2025-03-01,485.0,555.0
Morwell,REGIONAL BUS,68.0,Primary,4.0,Other Regional Centres,All properties,2025-03-01,360.0,440.0
Morwell,REGIONAL BUS,68.0,Secondary,1.0,Other Regional Centres,1 bedroom flat,2025-03-01,260.0,275.0
Morwell,REGIONAL BUS,68.0,Secondary,1.0,Other Regional Centres,2 bedroom flat,2025-03-01,300.0,360.0
Morwell,REGIONAL BUS,68.0,Secondary,1.0,Other Regional Centres,2 bedroom house,2025-03-01,340.0,385.0
Morwell,REGIONAL BUS,68.0,Secondary,1.0,Other Regional Centres,3 bedroom flat,2024-03-01,330.0,450.0
Morwell,REGIONAL BUS,68.0,Secondary,1.0,Other Regional Centres,3 bedroom house,2025-03-01,390.0,450.0
Morwell,REGIONAL BUS,68.0,Secondary,1.0,Other Regional Centres,4 bedroom house,2025-03-01,485.0,555.0
Morwell,REGIONAL BUS,68.0,Secondary,1.0,Other Regional Centres,All properties,2025-03-01,360.0,440.0
Morwell,REGIONAL COACH,3.0,Primary,4.0,Other Regional Centres,1 bedroom flat,2025-03-01,260.0,275.0
Morwell,REGIONAL COACH,3.0,Primary,4.0,Other Regional Centres,2 bedroom flat,2025-03-01,300.0,360.0
Morwell,REGIONAL COACH,3.0,Primary,4.0,Other Regional Centres,2 bedroom house,2025-03-01,340.0,385.0
Morwell,REGIONAL COACH,3.0,Primary,4.0,Other Regional Centres,3 bedroom flat,2024-03-01,330.0,450.0
Morwell,REGIONAL COACH,3.0,Primary,4.0,Other Regional Centres,3 bedroom house,2025-03-01,390.0,450.0
Morwell,REGIONAL COACH,3.0,Primary,4.0,Other Regional Centres,4 bedroom house,2025-03-01,485.0,555.0
Morwell,REGIONAL COACH,3.0,Primary,4.0,Other Regional Centres,All properties,2025-03-01,360.0,440.0
Morwell,REGIONAL COACH,3.0,Secondary,1.0,Other Regional Centres,1 bedroom flat,2025-03-01,260.0,275.0
Morwell,REGIONAL COACH,3.0,Secondary,1.0,Other Regional Centres,2 bedroom flat,2025-03-01,300.0,360.0
Morwell,REGIONAL COACH,3.0,Secondary,1.0,Other Regional Centres,2 bedroom house,2025-03-01,340.0,385.0
Morwell,REGIONAL COACH,3.0,Secondary,1.0,Other Regional Centres,3 bedroom flat,2024-03-01,330.0,450.0
Morwell,REGIONAL COACH,3.0,Secondary,1.0,Other Regional Centres,3 bedroom house,2025-03-01,390.0,450.0
Morwell,REGIONAL COACH,3.0,Secondary,1.0,Other Regional Centres,4 bedroom house,2025-03-01,485.0,555.0
Morwell,REGIONAL COACH,3.0,Secondary,1.0,Other Regional Centres,All properties,2025-03-01,360.0,440.0
Morwell,REGIONAL TRAIN,2.0,Primary,4.0,Other Regional Centres,1 bedroom flat,2025-03-01,260.0,275.0
Morwell,REGIONAL TRAIN,2.0,Primary,4.0,Other Regional Centres,2 bedroom flat,2025-03-01,300.0,360.0
Morwell,REGIONAL TRAIN,2.0,Primary,4.0,Other Regional Centres,2 bedroom house,2025-03-01,340.0,385.0
Morwell,REGIONAL TRAIN,2.0,Primary,4.0,Other Regional Centres,3 bedroom flat,2024-03-01,330.0,450.0
Morwell,REGIONAL TRAIN,2.0,Primary,4.0,Other Regional Centres,3 bedroom house,2025-03-01,390.0,450.0
Morwell,REGIONAL TRAIN,2.0,Primary,4.0,Other Regional Centres,4 bedroom house,2025-03-01,485.0,555.0
Morwell,REGIONAL TRAIN,2.0,Primary,4.0,Other Regional Centres,All properties,2025-03-01,360.0,440.0
Morwell,REGIONAL TRAIN,2.0,Secondary,1.0,Other Regional Centres,1 bedroom flat,2025-03-01,260.0,275.0
Morwell,REGIONAL TRAIN,2.0,Secondary,1.0,Other Regional Centres,2 bedroom flat,2025-03-01,300.0,360.0
Morwell,REGIONAL TRAIN,2.0,Secondary,1.0,Other Regional Centres,2 bedroom house,2025-03-01,340.0,385.0
Morwell,REGIONAL TRAIN,2.0,Secondary,1.0,Other Regional Centres,3 bedroom flat,2024-03-01,330.0,450.0
Morwell,REGIONAL TRAIN,2.0,Secondary,1.0,Other Regional Centres,3 bedroom house,2025-03-01,390.0,450.0
Morwell,REGIONAL TRAIN,2.0,Secondary,1.0,Other Regional Centres,4 bedroom house,2025-03-01,485.0,555.0
Morwell,REGIONAL TRAIN,2.0,Secondary,1.0,Other Regional Centres,All properties,2025-03-01,360.0,440.0
Mossiface,,,,,,,,,
Mount Alfred,REGIONAL BUS,1.0,,,,,,,
Mount Beauty,,,Primary,1.0,,,,,
Mount Beauty,,,Secondary,1.0,,,,,
Mount Beckworth,,,,,,,,,
Mount Best,,,,,,,,,
Mount Bolton,,,,,,,,,
Mount Bruno,,,,,,,,,
Mount Buffalo,,,,,,,,,
Mount Buller,REGIONAL COACH,1.0,,,,,,,
Mount Burnett,,,,,,,,,
Mount Bute,,,,,,,,,
Mount Camel,,,,,,,,,
Mount Cameron,,,,,,,,,
Mount Clear,REGIONAL BUS,8.0,Primary,2.0,,,,,
Mount Clear,REGIONAL BUS,8.0,Secondary,2.0,,,,,
Mount Cole,,,,,,,,,
Mount Cole Creek,,,,,,,,,
Mount Cottrell,,,,,,,,,
Mount Dandenong,METRO BUS,24.0,Primary,1.0,,,,,
Mount Doran,,,,,,,,,
Mount Dryden,,,,,,,,,
Mount Duneed,REGIONAL BUS,18.0,Primary,2.0,,,,,
Mount Duneed,REGIONAL COACH,2.0,Primary,2.0,,,,,
Mount Duneed,REGIONAL TRAIN,1.0,Primary,2.0,,,,,
Mount Eccles,,,,,,,,,
Mount Eccles South,,,,,,,,,
Mount Egerton,REGIONAL BUS,2.0,Primary,1.0,,,,,
Mount Eliza,METRO BUS,20.0,Pri/Sec,2.0,,,,,
Mount Eliza,METRO BUS,20.0,Primary,4.0,,,,,
Mount Eliza,METRO BUS,20.0,Secondary,1.0,,,,,
Mount Emu,,,,,,,,,
Mount Evelyn,METRO BUS,33.0,Primary,3.0,,,,,
Mount Evelyn,METRO BUS,33.0,Special,1.0,,,,,
Mount Franklin,,,,,,,,,
Mount Glasgow,,,,,,,,,
Mount Helen,REGIONAL BUS,13.0,Primary,1.0,,,,,
Mount Helen,REGIONAL COACH,2.0,Primary,1.0,,,,,
Mount Hooghly,,,,,,,,,
Mount Lonarch,,,,,,,,,
Mount Macedon,,,Pri/Sec,1.0,,,,,
Mount Macedon,,,Primary,1.0,,,,,
Mount Major,,,,,,,,,
Mount Martha,METRO BUS,55.0,Pri/Sec,1.0,,,,,
Mount Martha,METRO BUS,55.0,Primary,2.0,,,,,
Mount Mercer,,,,,,,,,
Mount Moriac,,,,,,,,,
Mount Napier,,,,,,,,,
Mount Pleasant,REGIONAL BUS,12.0,Primary,1.0,,,,,
Mount Prospect,,,,,,,,,
Mount Richmond,,,,,,,,,
Mount Rowan,REGIONAL BUS,13.0,,,,,,,
Mount Sabine,,,,,,,,,
Mount Tassie,,,,,,,,,
Mount Taylor,,,,,,,,,
Mount Toolebewong,,,,,,,,,
Mount Wallace,,,,,,,,,
Mount Waverley,METRO BUS,101.0,Pri/Sec,1.0,Inner Eastern Melbourne,1 bedroom flat,2025-03-01,262.0,470.0
Mount Waverley,METRO BUS,101.0,Pri/Sec,1.0,Inner Eastern Melbourne,2 bedroom flat,2025-03-01,520.0,575.0
Mount Waverley,METRO BUS,101.0,Pri/Sec,1.0,Inner Eastern Melbourne,2 bedroom house,2025-03-01,550.0,560.0
Mount Waverley,METRO BUS,101.0,Pri/Sec,1.0,Inner Eastern Melbourne,3 bedroom flat,2025-03-01,680.0,700.0
Mount Waverley,METRO BUS,101.0,Pri/Sec,1.0,Inner Eastern Melbourne,3 bedroom house,2025-03-01,650.0,650.0
Mount Waverley,METRO BUS,101.0,Pri/Sec,1.0,Inner Eastern Melbourne,4 bedroom house,2025-03-01,795.0,800.0
Mount Waverley,METRO BUS,101.0,Pri/Sec,1.0,Inner Eastern Melbourne,All properties,2025-03-01,670.0,650.0
Mount Waverley,METRO BUS,101.0,Primary,7.0,Inner Eastern Melbourne,1 bedroom flat,2025-03-01,262.0,470.0
Mount Waverley,METRO BUS,101.0,Primary,7.0,Inner Eastern Melbourne,2 bedroom flat,2025-03-01,520.0,575.0
Mount Waverley,METRO BUS,101.0,Primary,7.0,Inner Eastern Melbourne,2 bedroom house,2025-03-01,550.0,560.0
Mount Waverley,METRO BUS,101.0,Primary,7.0,Inner Eastern Melbourne,3 bedroom flat,2025-03-01,680.0,700.0
Mount Waverley,METRO BUS,101.0,Primary,7.0,Inner Eastern Melbourne,3 bedroom house,2025-03-01,650.0,650.0
Mount Waverley,METRO BUS,101.0,Primary,7.0,Inner Eastern Melbourne,4 bedroom house,2025-03-01,795.0,800.0
Mount Waverley,METRO BUS,101.0,Primary,7.0,Inner Eastern Melbourne,All properties,2025-03-01,670.0,650.0
Mount Waverley,METRO BUS,101.0,Secondary,2.0,Inner Eastern Melbourne,1 bedroom flat,2025-03-01,262.0,470.0
Mount Waverley,METRO BUS,101.0,Secondary,2.0,Inner Eastern Melbourne,2 bedroom flat,2025-03-01,520.0,575.0
Mount Waverley,METRO BUS,101.0,Secondary,2.0,Inner Eastern Melbourne,2 bedroom house,2025-03-01,550.0,560.0
Mount Waverley,METRO BUS,101.0,Secondary,2.0,Inner Eastern Melbourne,3 bedroom flat,2025-03-01,680.0,700.0
Mount Waverley,METRO BUS,101.0,Secondary,2.0,Inner Eastern Melbourne,3 bedroom house,2025-03-01,650.0,650.0
Mount Waverley,METRO BUS,101.0,Secondary,2.0,Inner Eastern Melbourne,4 bedroom house,2025-03-01,795.0,800.0
Mount Waverley,METRO BUS,101.0,Secondary,2.0,Inner Eastern Melbourne,All properties,2025-03-01,670.0,650.0
Mount Waverley,METRO TRAIN,6.0,Pri/Sec,1.0,Inner Eastern Melbourne,1 bedroom flat,2025-03-01,262.0,470.0
Mount Waverley,METRO TRAIN,6.0,Pri/Sec,1.0,Inner Eastern Melbourne,2 bedroom flat,2025-03-01,520.0,575.0
Mount Waverley,METRO TRAIN,6.0,Pri/Sec,1.0,Inner Eastern Melbourne,2 bedroom house,2025-03-01,550.0,560.0
Mount Waverley,METRO TRAIN,6.0,Pri/Sec,1.0,Inner Eastern Melbourne,3 bedroom flat,2025-03-01,680.0,700.0
Mount Waverley,METRO TRAIN,6.0,Pri/Sec,1.0,Inner Eastern Melbourne,3 bedroom house,2025-03-01,650.0,650.0
Mount Waverley,METRO TRAIN,6.0,Pri/Sec,1.0,Inner Eastern Melbourne,4 bedroom house,2025-03-01,795.0,800.0
Mount Waverley,METRO TRAIN,6.0,Pri/Sec,1.0,Inner Eastern Melbourne,All properties,2025-03-01,670.0,650.0
Mount Waverley,METRO TRAIN,6.0,Primary,7.0,Inner Eastern Melbourne,1 bedroom flat,2025-03-01,262.0,470.0
Mount Waverley,METRO TRAIN,6.0,Primary,7.0,Inner Eastern Melbourne,2 bedroom flat,2025-03-01,520.0,575.0
Mount Waverley,METRO TRAIN,6.0,Primary,7.0,Inner Eastern Melbourne,2 bedroom house,2025-03-01,550.0,560.0
Mount Waverley,METRO TRAIN,6.0,Primary,7.0,Inner Eastern Melbourne,3 bedroom flat,2025-03-01,680.0,700.0
Mount Waverley,METRO TRAIN,6.0,Primary,7.0,Inner Eastern Melbourne,3 bedroom house,2025-03-01,650.0,650.0
Mount Waverley,METRO TRAIN,6.0,Primary,7.0,Inner Eastern Melbourne,4 bedroom house,2025-03-01,795.0,800.0
Mount Waverley,METRO TRAIN,6.0,Primary,7.0,Inner Eastern Melbourne,All properties,2025-03-01,670.0,650.0
Mount Waverley,METRO TRAIN,6.0,Secondary,2.0,Inner Eastern Melbourne,1 bedroom flat,2025-03-01,262.0,470.0
Mount Waverley,METRO TRAIN,6.0,Secondary,2.0,Inner Eastern Melbourne,2 bedroom flat,2025-03-01,520.0,575.0
Mount Waverley,METRO TRAIN,6.0,Secondary,2.0,Inner Eastern Melbourne,2 bedroom house,2025-03-01,550.0,560.0
Mount Waverley,METRO TRAIN,6.0,Secondary,2.0,Inner Eastern Melbourne,3 bedroom flat,2025-03-01,680.0,700.0
Mount Waverley,METRO TRAIN,6.0,Secondary,2.0,Inner Eastern Melbourne,3 bedroom house,2025-03-01,650.0,650.0
Mount Waverley,METRO TRAIN,6.0,Secondary,2.0,Inner Eastern Melbourne,4 bedroom house,2025-03-01,795.0,800.0
Mount Waverley,METRO TRAIN,6.0,Secondary,2.0,Inner Eastern Melbourne,All properties,2025-03-01,670.0,650.0
Mountain Bay,,,,,,,,,
Mountain View,,,,,,,,,
Moutajup,,,,,,,,,
Moyarra,,,,,,,,,
Moyhu,REGIONAL BUS,1.0,Primary,1.0,,,,,
Moyreisk,,,,,,,,,
Moyston,REGIONAL COACH,1.0,Primary,1.0,,,,,
Muckatah,,,,,,,,,
Muckleford,REGIONAL BUS,1.0,Pri/Sec,1.0,,,,,
Muckleford South,,,,,,,,,
Mudgegonga,REGIONAL BUS,2.0,,,,,,,
Mulgrave,METRO BUS,81.0,Primary,3.0,,,,,
Mulgrave,METRO BUS,81.0,Secondary,2.0,,,,,
Mumbannar,,,,,,,,,
Mundoona,,,,,,,,,
Munro,,,,,,,,,
Muntham,,,,,,,,,
Murchison,REGIONAL COACH,1.0,Primary,1.0,,,,,
Murchison East,REGIONAL COACH,1.0,,,,,,,
Murchison East,REGIONAL TRAIN,2.0,,,,,,,
Murchison North,,,,,,,,,
Murgheboluc,,,,,,,,,
Murmungee,,,,,,,,,
Murnungin,,,,,,,,,
Murphys Creek,,,,,,,,,
Murra Warra,,,,,,,,,
Murrabit,REGIONAL BUS,1.0,Primary,1.0,,,,,
Murrabit West,,,,,,,,,
Murrawee,,,,,,,,,
Murray-Sunset,,,,,,,,,
Murraydale,,,,,,,,,
Murrayville,REGIONAL BUS,1.0,Pri/Sec,1.0,,,,,
Murrayville,REGIONAL COACH,1.0,Pri/Sec,1.0,,,,,
Murrindal,,,,,,,,,
Murrindindi,,,,,,,,,
Murroon,,,,,,,,,
Murrumbeena,METRO BUS,42.0,Primary,2.0,,,,,
Murrumbeena,METRO TRAIN,6.0,Primary,2.0,,,,,
Murtoa,REGIONAL BUS,1.0,Pri/Sec,1.0,,,,,
Murtoa,REGIONAL BUS,1.0,Primary,1.0,,,,,
Murtoa,REGIONAL COACH,1.0,Pri/Sec,1.0,,,,,
Murtoa,REGIONAL COACH,1.0,Primary,1.0,,,,,
Musk,REGIONAL COACH,1.0,,,,,,,
Musk Vale,,,,,,,,,
Muskerry,,,,,,,,,
Myall,,,,,,,,,
Myall,,,,,,,,,
Myamyn,REGIONAL COACH,1.0,,,,,,,
Myers Flat,,,,,,,,,
Myola,,,,,,,,,
Myrniong,,,Primary,1.0,,,,,
Myrrhee,,,Primary,1.0,,,,,
Myrtle Creek,,,,,,,,,
Myrtlebank,,,,,,,,,
Myrtleford,REGIONAL BUS,1.0,Pri/Sec,1.0,,,,,
Myrtleford,REGIONAL BUS,1.0,Primary,1.0,,,,,
Myrtleford,REGIONAL BUS,1.0,Secondary,1.0,,,,,
Myrtleford,REGIONAL COACH,1.0,Pri/Sec,1.0,,,,,
Myrtleford,REGIONAL COACH,1.0,Primary,1.0,,,,,
Myrtleford,REGIONAL COACH,1.0,Secondary,1.0,,,,,
Mysia,REGIONAL BUS,1.0,,,,,,,
Mysia,REGIONAL COACH,1.0,,,,,,,
Mystic Park,,,,,,,,,
Mywee,,,,,,,,,
Nagambie,REGIONAL COACH,3.0,Primary,2.0,,,,,
Nagambie,REGIONAL TRAIN,2.0,Primary,2.0,,,,,
Nalangil,,,,,,,,,
Nalinga,,,,,,,,,
Nambrok,,,Primary,1.0,,,,,
Nandaly,,,,,,,,,
Nangana,,,,,,,,,
Nangeela,,,,,,,,,
Nangiloc,,,Primary,1.0,,,,,
Nanneella,,,Primary,1.0,,,,,
Nap Nap Marra,,,,,,,,,
Napoleons,REGIONAL BUS,1.0,Primary,1.0,,,,,
Nar Nar Goon,REGIONAL BUS,2.0,Primary,2.0,,,,,
Nar Nar Goon,REGIONAL COACH,1.0,Primary,2.0,,,,,
Nar Nar Goon,REGIONAL TRAIN,2.0,Primary,2.0,,,,,
Nar Nar Goon North,,,,,,,,,
Narbethong,METRO BUS,1.0,,,,,,,
Nareeb,,,,,,,,,
Nareen,,,,,,,,,
Nareewillock,,,,,,,,,
Nariel Valley,,,,,,,,,
Naring,,,,,,,,,
Naringal,,,,,,,,,
Naringal East,,,,,,,,,
Naroghid,,,,,,,,,
Narracan,,,Primary,1.0,,,,,
Narraport,,,,,,,,,
Narrapumelap South,,,,,,,,,
Narrawong,REGIONAL COACH,1.0,Primary,1.0,,,,,
Narre Warren,METRO BUS,77.0,Primary,5.0,,,,,
Narre Warren,METRO BUS,77.0,Secondary,1.0,,,,,
Narre Warren,METRO BUS,77.0,Special,3.0,,,,,
Narre Warren,METRO TRAIN,3.0,Primary,5.0,,,,,
Narre Warren,METRO TRAIN,3.0,Secondary,1.0,,,,,
Narre Warren,METRO TRAIN,3.0,Special,3.0,,,,,
Narre Warren,REGIONAL BUS,6.0,Primary,5.0,,,,,
Narre Warren,REGIONAL BUS,6.0,Secondary,1.0,,,,,
Narre Warren,REGIONAL BUS,6.0,Special,3.0,,,,,
Narre Warren East,METRO BUS,4.0,,,,,,,
Narre Warren North,METRO BUS,18.0,Pri/Sec,2.0,,,,,
Narre Warren North,METRO BUS,18.0,Primary,3.0,,,,,
Narre Warren South,METRO BUS,71.0,Pri/Sec,2.0,,,,,
Narre Warren South,METRO BUS,71.0,Primary,3.0,,,,,
Narrung,,,,,,,,,
Nathalia,REGIONAL COACH,1.0,Primary,2.0,,,,,
Nathalia,REGIONAL COACH,1.0,Secondary,2.0,,,,,
Natimuk,REGIONAL BUS,2.0,Primary,1.0,,,,,
Natte Yallock,,,Primary,1.0,,,,,
Natya,,,,,,,,,
Navarre,REGIONAL BUS,2.0,Primary,1.0,,,,,
Navigators,REGIONAL COACH,1.0,,,,,,,
Nayook,,,Primary,1.0,,,,,
Neds Corner,,,,,,,,,
Neereman,,,,,,,,,
Neerim,REGIONAL BUS,1.0,,,,,,,
Neerim East,,,,,,,,,
Neerim Junction,REGIONAL BUS,1.0,,,,,,,
Neerim North,,,,,,,,,
Neerim South,REGIONAL BUS,4.0,Primary,1.0,,,,,
Neerim South,REGIONAL BUS,4.0,Secondary,1.0,,,,,
Neilborough,,,,,,,,,
Nelse,,,,,,,,,
Nelson,,,,,,,,,
Nerrena,,,,,,,,,
Nerrin Nerrin,,,,,,,,,
Nerrina,,,Primary,1.0,,,,,
Nerring,,,,,,,,,
Netherby,,,,,,,,,
Neuarpurr,,,,,,,,,
New Gisborne,REGIONAL BUS,13.0,Pri/Sec,1.0,,,,,
New Gisborne,REGIONAL BUS,13.0,Primary,2.0,,,,,
New Gisborne,REGIONAL COACH,1.0,Pri/Sec,1.0,,,,,
New Gisborne,REGIONAL COACH,1.0,Primary,2.0,,,,,
New Gisborne,REGIONAL TRAIN,2.0,Pri/Sec,1.0,,,,,
New Gisborne,REGIONAL TRAIN,2.0,Primary,2.0,,,,,
Newborough,REGIONAL BUS,40.0,Primary,3.0,,,,,
Newborough,REGIONAL BUS,40.0,Secondary,1.0,,,,,
Newborough,REGIONAL COACH,1.0,Primary,3.0,,,,,
Newborough,REGIONAL COACH,1.0,Secondary,1.0,,,,,
Newbridge,REGIONAL COACH,1.0,,,,,,,
Newbury,,,,,,,,,
Newcomb,REGIONAL BUS,27.0,Primary,2.0,,,,,
Newcomb,REGIONAL BUS,27.0,Secondary,1.0,,,,,
Newfield,,,,,,,,,
Newham,REGIONAL BUS,1.0,Primary,1.0,,,,,
Newhaven,REGIONAL BUS,3.0,Primary,1.0,,,,,
Newhaven,REGIONAL COACH,2.0,Primary,1.0,,,,,
Newington,REGIONAL BUS,8.0,Pri/Sec,1.0,,,,,
Newington,REGIONAL BUS,8.0,Primary,1.0,,,,,
Newington,REGIONAL BUS,8.0,Secondary,1.0,,,,,
Newlands Arm,,,,,,,,,
Newlyn,,,Primary,1.0,,,,,
Newlyn North,REGIONAL BUS,1.0,,,,,,,
Newlyn North,REGIONAL COACH,1.0,,,,,,,
Newmerella,REGIONAL COACH,1.0,Primary,1.0,,,,,
Newport,METRO BUS,42.0,Primary,4.0,,,,,
Newport,METRO TRAIN,5.0,Primary,4.0,,,,,
Newry,,,,,,,,,
Newstead,REGIONAL COACH,2.0,Primary,1.0,,,,,
Newtown,REGIONAL BUS,41.0,Pri/Sec,1.0,Geelong,1 bedroom flat,2025-03-01,320.0,322.0
Newtown,REGIONAL BUS,41.0,Pri/Sec,1.0,Geelong,2 bedroom flat,2025-03-01,430.0,420.0
Newtown,REGIONAL BUS,41.0,Pri/Sec,1.0,Geelong,2 bedroom house,2025-03-01,450.0,440.0
Newtown,REGIONAL BUS,41.0,Pri/Sec,1.0,Geelong,3 bedroom flat,2025-03-01,560.0,500.0
Newtown,REGIONAL BUS,41.0,Pri/Sec,1.0,Geelong,3 bedroom house,2025-03-01,550.0,490.0
Newtown,REGIONAL BUS,41.0,Pri/Sec,1.0,Geelong,4 bedroom house,2025-03-01,695.0,560.0
Newtown,REGIONAL BUS,41.0,Pri/Sec,1.0,Geelong,All properties,2025-03-01,500.0,480.0
Newtown,REGIONAL BUS,41.0,Primary,4.0,Geelong,1 bedroom flat,2025-03-01,320.0,322.0
Newtown,REGIONAL BUS,41.0,Primary,4.0,Geelong,2 bedroom flat,2025-03-01,430.0,420.0
Newtown,REGIONAL BUS,41.0,Primary,4.0,Geelong,2 bedroom house,2025-03-01,450.0,440.0
Newtown,REGIONAL BUS,41.0,Primary,4.0,Geelong,3 bedroom flat,2025-03-01,560.0,500.0
Newtown,REGIONAL BUS,41.0,Primary,4.0,Geelong,3 bedroom house,2025-03-01,550.0,490.0
Newtown,REGIONAL BUS,41.0,Primary,4.0,Geelong,4 bedroom house,2025-03-01,695.0,560.0
Newtown,REGIONAL BUS,41.0,Primary,4.0,Geelong,All properties,2025-03-01,500.0,480.0
Newtown,REGIONAL BUS,41.0,Secondary,2.0,Geelong,1 bedroom flat,2025-03-01,320.0,322.0
Newtown,REGIONAL BUS,41.0,Secondary,2.0,Geelong,2 bedroom flat,2025-03-01,430.0,420.0
Newtown,REGIONAL BUS,41.0,Secondary,2.0,Geelong,2 bedroom house,2025-03-01,450.0,440.0
Newtown,REGIONAL BUS,41.0,Secondary,2.0,Geelong,3 bedroom flat,2025-03-01,560.0,500.0
Newtown,REGIONAL BUS,41.0,Secondary,2.0,Geelong,3 bedroom house,2025-03-01,550.0,490.0
Newtown,REGIONAL BUS,41.0,Secondary,2.0,Geelong,4 bedroom house,2025-03-01,695.0,560.0
Newtown,REGIONAL BUS,41.0,Secondary,2.0,Geelong,All properties,2025-03-01,500.0,480.0
Newtown,REGIONAL BUS,41.0,Pri/Sec,1.0,Geelong,1 bedroom flat,2025-03-01,320.0,322.0
Newtown,REGIONAL BUS,41.0,Pri/Sec,1.0,Geelong,2 bedroom flat,2025-03-01,430.0,420.0
Newtown,REGIONAL BUS,41.0,Pri/Sec,1.0,Geelong,2 bedroom house,2025-03-01,450.0,440.0
Newtown,REGIONAL BUS,41.0,Pri/Sec,1.0,Geelong,3 bedroom flat,2025-03-01,560.0,500.0
Newtown,REGIONAL BUS,41.0,Pri/Sec,1.0,Geelong,3 bedroom house,2025-03-01,550.0,490.0
Newtown,REGIONAL BUS,41.0,Pri/Sec,1.0,Geelong,4 bedroom house,2025-03-01,695.0,560.0
Newtown,REGIONAL BUS,41.0,Pri/Sec,1.0,Geelong,All properties,2025-03-01,500.0,480.0
Newtown,REGIONAL BUS,41.0,Primary,4.0,Geelong,1 bedroom flat,2025-03-01,320.0,322.0
Newtown,REGIONAL BUS,41.0,Primary,4.0,Geelong,2 bedroom flat,2025-03-01,430.0,420.0
Newtown,REGIONAL BUS,41.0,Primary,4.0,Geelong,2 bedroom house,2025-03-01,450.0,440.0
Newtown,REGIONAL BUS,41.0,Primary,4.0,Geelong,3 bedroom flat,2025-03-01,560.0,500.0
Newtown,REGIONAL BUS,41.0,Primary,4.0,Geelong,3 bedroom house,2025-03-01,550.0,490.0
Newtown,REGIONAL BUS,41.0,Primary,4.0,Geelong,4 bedroom house,2025-03-01,695.0,560.0
Newtown,REGIONAL BUS,41.0,Primary,4.0,Geelong,All properties,2025-03-01,500.0,480.0
Newtown,REGIONAL BUS,41.0,Secondary,2.0,Geelong,1 bedroom flat,2025-03-01,320.0,322.0
Newtown,REGIONAL BUS,41.0,Secondary,2.0,Geelong,2 bedroom flat,2025-03-01,430.0,420.0
Newtown,REGIONAL BUS,41.0,Secondary,2.0,Geelong,2 bedroom house,2025-03-01,450.0,440.0
Newtown,REGIONAL BUS,41.0,Secondary,2.0,Geelong,3 bedroom flat,2025-03-01,560.0,500.0
Newtown,REGIONAL BUS,41.0,Secondary,2.0,Geelong,3 bedroom house,2025-03-01,550.0,490.0
Newtown,REGIONAL BUS,41.0,Secondary,2.0,Geelong,4 bedroom house,2025-03-01,695.0,560.0
Newtown,REGIONAL BUS,41.0,Secondary,2.0,Geelong,All properties,2025-03-01,500.0,480.0
Nhill,INTERSTATE TRAIN,2.0,Pri/Sec,2.0,,,,,
Nhill,INTERSTATE TRAIN,2.0,Primary,1.0,,,,,
Nhill,REGIONAL BUS,1.0,Pri/Sec,2.0,,,,,
Nhill,REGIONAL BUS,1.0,Primary,1.0,,,,,
Nhill,REGIONAL COACH,1.0,Pri/Sec,2.0,,,,,
Nhill,REGIONAL COACH,1.0,Primary,1.0,,,,,
Nichols Point,,,Primary,1.0,,,,,
Nicholson,REGIONAL BUS,2.0,Primary,1.0,,,,,
Nicholson,REGIONAL COACH,1.0,Primary,1.0,,,,,
Niddrie,METRO BUS,20.0,Primary,1.0,,,,,
Niddrie,METRO BUS,20.0,Secondary,1.0,,,,,
Niddrie,METRO BUS,20.0,Special,1.0,,,,,
Niddrie,METRO TRAM,3.0,Primary,1.0,,,,,
Niddrie,METRO TRAM,3.0,Secondary,1.0,,,,,
Niddrie,METRO TRAM,3.0,Special,1.0,,,,,
Nilma,REGIONAL BUS,1.0,Primary,1.0,,,,,
Nilma,REGIONAL COACH,1.0,Primary,1.0,,,,,
Nilma North,,,,,,,,,
Ninda,,,,,,,,,
Nine Mile,,,,,,,,,
Nintingbool,,,,,,,,,
Ninyeunook,,,,,,,,,
Nirranda,,,,,,,,,
Nirranda East,,,,,,,,,
Nirranda South,,,,,,,,,
Noble Park,METRO BUS,54.0,Language,1.0,South Eastern Melbourne,1 bedroom flat,2025-03-01,350.0,364.0
Noble Park,METRO BUS,54.0,Language,1.0,South Eastern Melbourne,2 bedroom flat,2025-03-01,480.0,468.0
Noble Park,METRO BUS,54.0,Language,1.0,South Eastern Melbourne,2 bedroom house,2025-03-01,480.0,480.0
Noble Park,METRO BUS,54.0,Language,1.0,South Eastern Melbourne,3 bedroom flat,2025-03-01,570.0,540.0
Noble Park,METRO BUS,54.0,Language,1.0,South Eastern Melbourne,3 bedroom house,2025-03-01,550.0,548.0
Noble Park,METRO BUS,54.0,Language,1.0,South Eastern Melbourne,4 bedroom house,2025-03-01,650.0,630.0
Noble Park,METRO BUS,54.0,Language,1.0,South Eastern Melbourne,All properties,2025-03-01,500.0,540.0
Noble Park,METRO BUS,54.0,Primary,5.0,South Eastern Melbourne,1 bedroom flat,2025-03-01,350.0,364.0
Noble Park,METRO BUS,54.0,Primary,5.0,South Eastern Melbourne,2 bedroom flat,2025-03-01,480.0,468.0
Noble Park,METRO BUS,54.0,Primary,5.0,South Eastern Melbourne,2 bedroom house,2025-03-01,480.0,480.0
Noble Park,METRO BUS,54.0,Primary,5.0,South Eastern Melbourne,3 bedroom flat,2025-03-01,570.0,540.0
Noble Park,METRO BUS,54.0,Primary,5.0,South Eastern Melbourne,3 bedroom house,2025-03-01,550.0,548.0
Noble Park,METRO BUS,54.0,Primary,5.0,South Eastern Melbourne,4 bedroom house,2025-03-01,650.0,630.0
Noble Park,METRO BUS,54.0,Primary,5.0,South Eastern Melbourne,All properties,2025-03-01,500.0,540.0
Noble Park,METRO BUS,54.0,Secondary,1.0,South Eastern Melbourne,1 bedroom flat,2025-03-01,350.0,364.0
Noble Park,METRO BUS,54.0,Secondary,1.0,South Eastern Melbourne,2 bedroom flat,2025-03-01,480.0,468.0
Noble Park,METRO BUS,54.0,Secondary,1.0,South Eastern Melbourne,2 bedroom house,2025-03-01,480.0,480.0
Noble Park,METRO BUS,54.0,Secondary,1.0,South Eastern Melbourne,3 bedroom flat,2025-03-01,570.0,540.0
Noble Park,METRO BUS,54.0,Secondary,1.0,South Eastern Melbourne,3 bedroom house,2025-03-01,550.0,548.0
Noble Park,METRO BUS,54.0,Secondary,1.0,South Eastern Melbourne,4 bedroom house,2025-03-01,650.0,630.0
Noble Park,METRO BUS,54.0,Secondary,1.0,South Eastern Melbourne,All properties,2025-03-01,500.0,540.0
Noble Park,METRO TRAIN,6.0,Language,1.0,South Eastern Melbourne,1 bedroom flat,2025-03-01,350.0,364.0
Noble Park,METRO TRAIN,6.0,Language,1.0,South Eastern Melbourne,2 bedroom flat,2025-03-01,480.0,468.0
Noble Park,METRO TRAIN,6.0,Language,1.0,South Eastern Melbourne,2 bedroom house,2025-03-01,480.0,480.0
Noble Park,METRO TRAIN,6.0,Language,1.0,South Eastern Melbourne,3 bedroom flat,2025-03-01,570.0,540.0
Noble Park,METRO TRAIN,6.0,Language,1.0,South Eastern Melbourne,3 bedroom house,2025-03-01,550.0,548.0
Noble Park,METRO TRAIN,6.0,Language,1.0,South Eastern Melbourne,4 bedroom house,2025-03-01,650.0,630.0
Noble Park,METRO TRAIN,6.0,Language,1.0,South Eastern Melbourne,All properties,2025-03-01,500.0,540.0
Noble Park,METRO TRAIN,6.0,Primary,5.0,South Eastern Melbourne,1 bedroom flat,2025-03-01,350.0,364.0
Noble Park,METRO TRAIN,6.0,Primary,5.0,South Eastern Melbourne,2 bedroom flat,2025-03-01,480.0,468.0
Noble Park,METRO TRAIN,6.0,Primary,5.0,South Eastern Melbourne,2 bedroom house,2025-03-01,480.0,480.0
Noble Park,METRO TRAIN,6.0,Primary,5.0,South Eastern Melbourne,3 bedroom flat,2025-03-01,570.0,540.0
Noble Park,METRO TRAIN,6.0,Primary,5.0,South Eastern Melbourne,3 bedroom house,2025-03-01,550.0,548.0
Noble Park,METRO TRAIN,6.0,Primary,5.0,South Eastern Melbourne,4 bedroom house,2025-03-01,650.0,630.0
Noble Park,METRO TRAIN,6.0,Primary,5.0,South Eastern Melbourne,All properties,2025-03-01,500.0,540.0
Noble Park,METRO TRAIN,6.0,Secondary,1.0,South Eastern Melbourne,1 bedroom flat,2025-03-01,350.0,364.0
Noble Park,METRO TRAIN,6.0,Secondary,1.0,South Eastern Melbourne,2 bedroom flat,2025-03-01,480.0,468.0
Noble Park,METRO TRAIN,6.0,Secondary,1.0,South Eastern Melbourne,2 bedroom house,2025-03-01,480.0,480.0
Noble Park,METRO TRAIN,6.0,Secondary,1.0,South Eastern Melbourne,3 bedroom flat,2025-03-01,570.0,540.0
Noble Park,METRO TRAIN,6.0,Secondary,1.0,South Eastern Melbourne,3 bedroom house,2025-03-01,550.0,548.0
Noble Park,METRO TRAIN,6.0,Secondary,1.0,South Eastern Melbourne,4 bedroom house,2025-03-01,650.0,630.0
Noble Park,METRO TRAIN,6.0,Secondary,1.0,South Eastern Melbourne,All properties,2025-03-01,500.0,540.0
Noble Park North,METRO BUS,27.0,Pri/Sec,1.0,,,,,
Noble Park North,METRO BUS,27.0,Primary,1.0,,,,,
Noble Park North,METRO BUS,27.0,Secondary,1.0,,,,,
Noojee,REGIONAL BUS,3.0,,,,,,,
Noorat,REGIONAL COACH,1.0,Primary,1.0,,,,,
Noorat East,,,,,,,,,
Noorinbee,,,,,,,,,
Noorinbee North,,,,,,,,,
Noradjuha,,,,,,,,,
Norlane,REGIONAL BUS,33.0,Primary,1.0,,,,,
Norlane,REGIONAL COACH,1.0,Primary,1.0,,,,,
Normanville,,,,,,,,,
Norong,REGIONAL BUS,2.0,,,,,,,
North Bendigo,REGIONAL BUS,26.0,Primary,1.0,Bendigo,1 bedroom flat,2025-03-01,263.0,295.0
North Bendigo,REGIONAL BUS,26.0,Primary,1.0,Bendigo,2 bedroom flat,2025-03-01,380.0,380.0
North Bendigo,REGIONAL BUS,26.0,Primary,1.0,Bendigo,2 bedroom house,2025-03-01,400.0,400.0
North Bendigo,REGIONAL BUS,26.0,Primary,1.0,Bendigo,3 bedroom flat,2025-03-01,430.0,448.0
North Bendigo,REGIONAL BUS,26.0,Primary,1.0,Bendigo,3 bedroom house,2025-03-01,460.0,460.0
North Bendigo,REGIONAL BUS,26.0,Primary,1.0,Bendigo,4 bedroom house,2025-03-01,530.0,545.0
North Bendigo,REGIONAL BUS,26.0,Primary,1.0,Bendigo,All properties,2025-03-01,460.0,455.0
North Bendigo,REGIONAL BUS,26.0,Special,1.0,Bendigo,1 bedroom flat,2025-03-01,263.0,295.0
North Bendigo,REGIONAL BUS,26.0,Special,1.0,Bendigo,2 bedroom flat,2025-03-01,380.0,380.0
North Bendigo,REGIONAL BUS,26.0,Special,1.0,Bendigo,2 bedroom house,2025-03-01,400.0,400.0
North Bendigo,REGIONAL BUS,26.0,Special,1.0,Bendigo,3 bedroom flat,2025-03-01,430.0,448.0
North Bendigo,REGIONAL BUS,26.0,Special,1.0,Bendigo,3 bedroom house,2025-03-01,460.0,460.0
North Bendigo,REGIONAL BUS,26.0,Special,1.0,Bendigo,4 bedroom house,2025-03-01,530.0,545.0
North Bendigo,REGIONAL BUS,26.0,Special,1.0,Bendigo,All properties,2025-03-01,460.0,455.0
North Blackwood,,,,,,,,,
North Geelong,REGIONAL BUS,29.0,,,Geelong,1 bedroom flat,2025-03-01,323.0,322.0
North Geelong,REGIONAL BUS,29.0,,,Geelong,2 bedroom flat,2025-03-01,420.0,420.0
North Geelong,REGIONAL BUS,29.0,,,Geelong,2 bedroom house,2025-03-01,443.0,440.0
North Geelong,REGIONAL BUS,29.0,,,Geelong,3 bedroom flat,2025-03-01,500.0,500.0
North Geelong,REGIONAL BUS,29.0,,,Geelong,3 bedroom house,2025-03-01,480.0,490.0
North Geelong,REGIONAL BUS,29.0,,,Geelong,4 bedroom house,2025-03-01,560.0,560.0
North Geelong,REGIONAL BUS,29.0,,,Geelong,All properties,2025-03-01,480.0,480.0
North Geelong,REGIONAL COACH,1.0,,,Geelong,1 bedroom flat,2025-03-01,323.0,322.0
North Geelong,REGIONAL COACH,1.0,,,Geelong,2 bedroom flat,2025-03-01,420.0,420.0
North Geelong,REGIONAL COACH,1.0,,,Geelong,2 bedroom house,2025-03-01,443.0,440.0
North Geelong,REGIONAL COACH,1.0,,,Geelong,3 bedroom flat,2025-03-01,500.0,500.0
North Geelong,REGIONAL COACH,1.0,,,Geelong,3 bedroom house,2025-03-01,480.0,490.0
North Geelong,REGIONAL COACH,1.0,,,Geelong,4 bedroom house,2025-03-01,560.0,560.0
North Geelong,REGIONAL COACH,1.0,,,Geelong,All properties,2025-03-01,480.0,480.0
North Geelong,REGIONAL TRAIN,2.0,,,Geelong,1 bedroom flat,2025-03-01,323.0,322.0
North Geelong,REGIONAL TRAIN,2.0,,,Geelong,2 bedroom flat,2025-03-01,420.0,420.0
North Geelong,REGIONAL TRAIN,2.0,,,Geelong,2 bedroom house,2025-03-01,443.0,440.0
North Geelong,REGIONAL TRAIN,2.0,,,Geelong,3 bedroom flat,2025-03-01,500.0,500.0
North Geelong,REGIONAL TRAIN,2.0,,,Geelong,3 bedroom house,2025-03-01,480.0,490.0
North Geelong,REGIONAL TRAIN,2.0,,,Geelong,4 bedroom house,2025-03-01,560.0,560.0
North Geelong,REGIONAL TRAIN,2.0,,,Geelong,All properties,2025-03-01,480.0,480.0
North Melbourne,METRO BUS,14.0,Primary,2.0,,,,,
North Melbourne,METRO BUS,14.0,Secondary,1.0,,,,,
North Melbourne,METRO BUS,14.0,Special,2.0,,,,,
North Melbourne,METRO TRAIN,6.0,Primary,2.0,,,,,
North Melbourne,METRO TRAIN,6.0,Secondary,1.0,,,,,
North Melbourne,METRO TRAIN,6.0,Special,2.0,,,,,
North Melbourne,METRO TRAM,21.0,Primary,2.0,,,,,
North Melbourne,METRO TRAM,21.0,Secondary,1.0,,,,,
North Melbourne,METRO TRAM,21.0,Special,2.0,,,,,
North Shore,INTERSTATE TRAIN,2.0,,,,,,,
North Shore,REGIONAL BUS,4.0,,,,,,,
North Shore,REGIONAL TRAIN,2.0,,,,,,,
North Wangaratta,,,,,,,,,
North Warrandyte,METRO BUS,25.0,,,,,,,
North Wonthaggi,REGIONAL BUS,7.0,,,,,,,
North Wonthaggi,REGIONAL COACH,1.0,,,,,,,
Northcote,METRO BUS,54.0,Primary,3.0,North Eastern Melbourne,1 bedroom flat,2025-03-01,420.0,400.0
Northcote,METRO BUS,54.0,Primary,3.0,North Eastern Melbourne,2 bedroom flat,2025-03-01,600.0,495.0
Northcote,METRO BUS,54.0,Primary,3.0,North Eastern Melbourne,2 bedroom house,2025-03-01,700.0,500.0
Northcote,METRO BUS,54.0,Primary,3.0,North Eastern Melbourne,3 bedroom flat,2025-03-01,800.0,635.0
Northcote,METRO BUS,54.0,Primary,3.0,North Eastern Melbourne,3 bedroom house,2025-03-01,850.0,625.0
Northcote,METRO BUS,54.0,Primary,3.0,North Eastern Melbourne,4 bedroom house,2025-03-01,1150.0,810.0
Northcote,METRO BUS,54.0,Primary,3.0,North Eastern Melbourne,All properties,2025-03-01,640.0,550.0
Northcote,METRO BUS,54.0,Secondary,2.0,North Eastern Melbourne,1 bedroom flat,2025-03-01,420.0,400.0
Northcote,METRO BUS,54.0,Secondary,2.0,North Eastern Melbourne,2 bedroom flat,2025-03-01,600.0,495.0
Northcote,METRO BUS,54.0,Secondary,2.0,North Eastern Melbourne,2 bedroom house,2025-03-01,700.0,500.0
Northcote,METRO BUS,54.0,Secondary,2.0,North Eastern Melbourne,3 bedroom flat,2025-03-01,800.0,635.0
Northcote,METRO BUS,54.0,Secondary,2.0,North Eastern Melbourne,3 bedroom house,2025-03-01,850.0,625.0
Northcote,METRO BUS,54.0,Secondary,2.0,North Eastern Melbourne,4 bedroom house,2025-03-01,1150.0,810.0
Northcote,METRO BUS,54.0,Secondary,2.0,North Eastern Melbourne,All properties,2025-03-01,640.0,550.0
Northcote,METRO BUS,54.0,Special,1.0,North Eastern Melbourne,1 bedroom flat,2025-03-01,420.0,400.0
Northcote,METRO BUS,54.0,Special,1.0,North Eastern Melbourne,2 bedroom flat,2025-03-01,600.0,495.0
Northcote,METRO BUS,54.0,Special,1.0,North Eastern Melbourne,2 bedroom house,2025-03-01,700.0,500.0
Northcote,METRO BUS,54.0,Special,1.0,North Eastern Melbourne,3 bedroom flat,2025-03-01,800.0,635.0
Northcote,METRO BUS,54.0,Special,1.0,North Eastern Melbourne,3 bedroom house,2025-03-01,850.0,625.0
Northcote,METRO BUS,54.0,Special,1.0,North Eastern Melbourne,4 bedroom house,2025-03-01,1150.0,810.0
Northcote,METRO BUS,54.0,Special,1.0,North Eastern Melbourne,All properties,2025-03-01,640.0,550.0
Northcote,METRO TRAIN,29.0,Primary,3.0,North Eastern Melbourne,1 bedroom flat,2025-03-01,420.0,400.0
Northcote,METRO TRAIN,29.0,Primary,3.0,North Eastern Melbourne,2 bedroom flat,2025-03-01,600.0,495.0
Northcote,METRO TRAIN,29.0,Primary,3.0,North Eastern Melbourne,2 bedroom house,2025-03-01,700.0,500.0
Northcote,METRO TRAIN,29.0,Primary,3.0,North Eastern Melbourne,3 bedroom flat,2025-03-01,800.0,635.0
Northcote,METRO TRAIN,29.0,Primary,3.0,North Eastern Melbourne,3 bedroom house,2025-03-01,850.0,625.0
Northcote,METRO TRAIN,29.0,Primary,3.0,North Eastern Melbourne,4 bedroom house,2025-03-01,1150.0,810.0
Northcote,METRO TRAIN,29.0,Primary,3.0,North Eastern Melbourne,All properties,2025-03-01,640.0,550.0
Northcote,METRO TRAIN,29.0,Secondary,2.0,North Eastern Melbourne,1 bedroom flat,2025-03-01,420.0,400.0
Northcote,METRO TRAIN,29.0,Secondary,2.0,North Eastern Melbourne,2 bedroom flat,2025-03-01,600.0,495.0
Northcote,METRO TRAIN,29.0,Secondary,2.0,North Eastern Melbourne,2 bedroom house,2025-03-01,700.0,500.0
Northcote,METRO TRAIN,29.0,Secondary,2.0,North Eastern Melbourne,3 bedroom flat,2025-03-01,800.0,635.0
Northcote,METRO TRAIN,29.0,Secondary,2.0,North Eastern Melbourne,3 bedroom house,2025-03-01,850.0,625.0
Northcote,METRO TRAIN,29.0,Secondary,2.0,North Eastern Melbourne,4 bedroom house,2025-03-01,1150.0,810.0
Northcote,METRO TRAIN,29.0,Secondary,2.0,North Eastern Melbourne,All properties,2025-03-01,640.0,550.0
Northcote,METRO TRAIN,29.0,Special,1.0,North Eastern Melbourne,1 bedroom flat,2025-03-01,420.0,400.0
Northcote,METRO TRAIN,29.0,Special,1.0,North Eastern Melbourne,2 bedroom flat,2025-03-01,600.0,495.0
Northcote,METRO TRAIN,29.0,Special,1.0,North Eastern Melbourne,2 bedroom house,2025-03-01,700.0,500.0
Northcote,METRO TRAIN,29.0,Special,1.0,North Eastern Melbourne,3 bedroom flat,2025-03-01,800.0,635.0
Northcote,METRO TRAIN,29.0,Special,1.0,North Eastern Melbourne,3 bedroom house,2025-03-01,850.0,625.0
Northcote,METRO TRAIN,29.0,Special,1.0,North Eastern Melbourne,4 bedroom house,2025-03-01,1150.0,810.0
Northcote,METRO TRAIN,29.0,Special,1.0,North Eastern Melbourne,All properties,2025-03-01,640.0,550.0
Northcote,METRO TRAM,18.0,Primary,3.0,North Eastern Melbourne,1 bedroom flat,2025-03-01,420.0,400.0
Northcote,METRO TRAM,18.0,Primary,3.0,North Eastern Melbourne,2 bedroom flat,2025-03-01,600.0,495.0
Northcote,METRO TRAM,18.0,Primary,3.0,North Eastern Melbourne,2 bedroom house,2025-03-01,700.0,500.0
Northcote,METRO TRAM,18.0,Primary,3.0,North Eastern Melbourne,3 bedroom flat,2025-03-01,800.0,635.0
Northcote,METRO TRAM,18.0,Primary,3.0,North Eastern Melbourne,3 bedroom house,2025-03-01,850.0,625.0
Northcote,METRO TRAM,18.0,Primary,3.0,North Eastern Melbourne,4 bedroom house,2025-03-01,1150.0,810.0
Northcote,METRO TRAM,18.0,Primary,3.0,North Eastern Melbourne,All properties,2025-03-01,640.0,550.0
Northcote,METRO TRAM,18.0,Secondary,2.0,North Eastern Melbourne,1 bedroom flat,2025-03-01,420.0,400.0
Northcote,METRO TRAM,18.0,Secondary,2.0,North Eastern Melbourne,2 bedroom flat,2025-03-01,600.0,495.0
Northcote,METRO TRAM,18.0,Secondary,2.0,North Eastern Melbourne,2 bedroom house,2025-03-01,700.0,500.0
Northcote,METRO TRAM,18.0,Secondary,2.0,North Eastern Melbourne,3 bedroom flat,2025-03-01,800.0,635.0
Northcote,METRO TRAM,18.0,Secondary,2.0,North Eastern Melbourne,3 bedroom house,2025-03-01,850.0,625.0
Northcote,METRO TRAM,18.0,Secondary,2.0,North Eastern Melbourne,4 bedroom house,2025-03-01,1150.0,810.0
Northcote,METRO TRAM,18.0,Secondary,2.0,North Eastern Melbourne,All properties,2025-03-01,640.0,550.0
Northcote,METRO TRAM,18.0,Special,1.0,North Eastern Melbourne,1 bedroom flat,2025-03-01,420.0,400.0
Northcote,METRO TRAM,18.0,Special,1.0,North Eastern Melbourne,2 bedroom flat,2025-03-01,600.0,495.0
Northcote,METRO TRAM,18.0,Special,1.0,North Eastern Melbourne,2 bedroom house,2025-03-01,700.0,500.0
Northcote,METRO TRAM,18.0,Special,1.0,North Eastern Melbourne,3 bedroom flat,2025-03-01,800.0,635.0
Northcote,METRO TRAM,18.0,Special,1.0,North Eastern Melbourne,3 bedroom house,2025-03-01,850.0,625.0
Northcote,METRO TRAM,18.0,Special,1.0,North Eastern Melbourne,4 bedroom house,2025-03-01,1150.0,810.0
Northcote,METRO TRAM,18.0,Special,1.0,North Eastern Melbourne,All properties,2025-03-01,640.0,550.0
Northwood,,,,,,,,,
Norval,,,,,,,,,
Notting Hill,METRO BUS,14.0,,,,,,,
Nowa Nowa,REGIONAL BUS,2.0,,,,,,,
Nowa Nowa,REGIONAL COACH,2.0,,,,,,,
Nowhere Creek,,,,,,,,,
Nowie,,,,,,,,,
Nug Nug,,,,,,,,,
Nuggetty,REGIONAL BUS,1.0,,,,,,,
Nulla Vale,,,,,,,,,
Nullawarre,,,Primary,1.0,,,,,
Nullawarre North,,,,,,,,,
Nullawil,REGIONAL COACH,1.0,,,,,,,
Numurkah,REGIONAL COACH,1.0,Primary,2.0,,,,,
Numurkah,REGIONAL COACH,1.0,Secondary,1.0,,,,,
Nunawading,METRO BUS,53.0,Primary,2.0,,,,,
Nunawading,METRO BUS,53.0,Secondary,1.0,,,,,
Nunawading,METRO TRAIN,2.0,Primary,2.0,,,,,
Nunawading,METRO TRAIN,2.0,Secondary,1.0,,,,,
Nunawading,REGIONAL COACH,1.0,Primary,2.0,,,,,
Nunawading,REGIONAL COACH,1.0,Secondary,1.0,,,,,
Nungurner,,,Primary,1.0,,,,,
Nunniong,,,,,,,,,
Nurcoung,,,,,,,,,
Nurrabiel,,,,,,,,,
Nurran,,,,,,,,,
Nutfield,,,,,,,,,
Nyah,REGIONAL BUS,2.0,,,,,,,
Nyah,REGIONAL COACH,2.0,,,,,,,
Nyah West,REGIONAL BUS,1.0,Primary,1.0,,,,,
Nyarrin,,,,,,,,,
Nyerimilang,,,,,,,,,
Nyora,REGIONAL COACH,1.0,Primary,1.0,,,,,
Nyrraby,,,,,,,,,
Oak Park,METRO BUS,15.0,Primary,2.0,,,,,
Oak Park,METRO TRAIN,3.0,Primary,2.0,,,,,
Oaklands Junction,,,,,,,,,
Oakleigh,METRO BUS,43.0,Primary,3.0,,,,,
Oakleigh,METRO TRAIN,6.0,Primary,3.0,,,,,
Oakleigh East,METRO BUS,29.0,Primary,1.0,,,,,
Oakleigh South,METRO BUS,55.0,Primary,2.0,,,,,
Oakleigh South,METRO BUS,55.0,Secondary,1.0,,,,,
Oakvale,,,,,,,,,
Ocean Grange,,,,,,,,,
Ocean Grove,REGIONAL BUS,38.0,Primary,3.0,,,,,
Officer,METRO BUS,13.0,Primary,7.0,,,,,
Officer,METRO BUS,13.0,Secondary,1.0,,,,,
Officer,METRO BUS,13.0,Special,1.0,,,,,
Officer,METRO TRAIN,3.0,Primary,7.0,,,,,
Officer,METRO TRAIN,3.0,Secondary,1.0,,,,,
Officer,METRO TRAIN,3.0,Special,1.0,,,,,
Officer,REGIONAL BUS,8.0,Primary,7.0,,,,,
Officer,REGIONAL BUS,8.0,Secondary,1.0,,,,,
Officer,REGIONAL BUS,8.0,Special,1.0,,,,,
Officer South,METRO BUS,3.0,,,,,,,
Old Tallangatta,,,,,,,,,
Olinda,METRO BUS,14.0,Primary,1.0,,,,,
Ombersley,,,,,,,,,
Omeo,REGIONAL BUS,2.0,Primary,1.0,,,,,
Omeo Valley,,,,,,,,,
Ondit,,,,,,,,,
Orbost,REGIONAL COACH,1.0,Pri/Sec,1.0,,,,,
Orbost,REGIONAL COACH,1.0,Primary,1.0,,,,,
Orford,,,,,,,,,
Ormond,METRO BUS,29.0,Pri/Sec,2.0,,,,,
Ormond,METRO BUS,29.0,Primary,2.0,,,,,
Ormond,METRO TRAIN,3.0,Pri/Sec,2.0,,,,,
Ormond,METRO TRAIN,3.0,Primary,2.0,,,,,
Orrvale,,,Primary,1.0,,,,,
Osbornes Flat,,,Primary,1.0,,,,,
Outtrim,,,,,,,,,
Ouyen,REGIONAL BUS,3.0,Pri/Sec,1.0,,,,,
Ouyen,REGIONAL COACH,2.0,Pri/Sec,1.0,,,,,
Ovens,,,,,,,,,
Oxley,REGIONAL COACH,1.0,Primary,1.0,,,,,
Oxley Flats,,,,,,,,,
Ozenkadnook,,,,,,,,,
Paaratte,,,,,,,,,
Painswick,,,,,,,,,
Pakenham,METRO BUS,113.0,Pri/Sec,2.0,South Eastern Melbourne,1 bedroom flat,2025-03-01,395.0,364.0
Pakenham,METRO BUS,113.0,Pri/Sec,2.0,South Eastern Melbourne,2 bedroom flat,2025-03-01,438.0,468.0
Pakenham,METRO BUS,113.0,Pri/Sec,2.0,South Eastern Melbourne,2 bedroom house,2025-03-01,450.0,480.0
Pakenham,METRO BUS,113.0,Pri/Sec,2.0,South Eastern Melbourne,3 bedroom flat,2025-03-01,490.0,540.0
Pakenham,METRO BUS,113.0,Pri/Sec,2.0,South Eastern Melbourne,3 bedroom house,2025-03-01,520.0,548.0
Pakenham,METRO BUS,113.0,Pri/Sec,2.0,South Eastern Melbourne,4 bedroom house,2025-03-01,590.0,630.0
Pakenham,METRO BUS,113.0,Pri/Sec,2.0,South Eastern Melbourne,All properties,2025-03-01,530.0,540.0
Pakenham,METRO BUS,113.0,Primary,8.0,South Eastern Melbourne,1 bedroom flat,2025-03-01,395.0,364.0
Pakenham,METRO BUS,113.0,Primary,8.0,South Eastern Melbourne,2 bedroom flat,2025-03-01,438.0,468.0
Pakenham,METRO BUS,113.0,Primary,8.0,South Eastern Melbourne,2 bedroom house,2025-03-01,450.0,480.0
Pakenham,METRO BUS,113.0,Primary,8.0,South Eastern Melbourne,3 bedroom flat,2025-03-01,490.0,540.0
Pakenham,METRO BUS,113.0,Primary,8.0,South Eastern Melbourne,3 bedroom house,2025-03-01,520.0,548.0
Pakenham,METRO BUS,113.0,Primary,8.0,South Eastern Melbourne,4 bedroom house,2025-03-01,590.0,630.0
Pakenham,METRO BUS,113.0,Primary,8.0,South Eastern Melbourne,All properties,2025-03-01,530.0,540.0
Pakenham,METRO BUS,113.0,Secondary,2.0,South Eastern Melbourne,1 bedroom flat,2025-03-01,395.0,364.0
Pakenham,METRO BUS,113.0,Secondary,2.0,South Eastern Melbourne,2 bedroom flat,2025-03-01,438.0,468.0
Pakenham,METRO BUS,113.0,Secondary,2.0,South Eastern Melbourne,2 bedroom house,2025-03-01,450.0,480.0
Pakenham,METRO BUS,113.0,Secondary,2.0,South Eastern Melbourne,3 bedroom flat,2025-03-01,490.0,540.0
Pakenham,METRO BUS,113.0,Secondary,2.0,South Eastern Melbourne,3 bedroom house,2025-03-01,520.0,548.0
Pakenham,METRO BUS,113.0,Secondary,2.0,South Eastern Melbourne,4 bedroom house,2025-03-01,590.0,630.0
Pakenham,METRO BUS,113.0,Secondary,2.0,South Eastern Melbourne,All properties,2025-03-01,530.0,540.0
Pakenham,METRO TRAIN,9.0,Pri/Sec,2.0,South Eastern Melbourne,1 bedroom flat,2025-03-01,395.0,364.0
Pakenham,METRO TRAIN,9.0,Pri/Sec,2.0,South Eastern Melbourne,2 bedroom flat,2025-03-01,438.0,468.0
Pakenham,METRO TRAIN,9.0,Pri/Sec,2.0,South Eastern Melbourne,2 bedroom house,2025-03-01,450.0,480.0
Pakenham,METRO TRAIN,9.0,Pri/Sec,2.0,South Eastern Melbourne,3 bedroom flat,2025-03-01,490.0,540.0
Pakenham,METRO TRAIN,9.0,Pri/Sec,2.0,South Eastern Melbourne,3 bedroom house,2025-03-01,520.0,548.0
Pakenham,METRO TRAIN,9.0,Pri/Sec,2.0,South Eastern Melbourne,4 bedroom house,2025-03-01,590.0,630.0
Pakenham,METRO TRAIN,9.0,Pri/Sec,2.0,South Eastern Melbourne,All properties,2025-03-01,530.0,540.0
Pakenham,METRO TRAIN,9.0,Primary,8.0,South Eastern Melbourne,1 bedroom flat,2025-03-01,395.0,364.0
Pakenham,METRO TRAIN,9.0,Primary,8.0,South Eastern Melbourne,2 bedroom flat,2025-03-01,438.0,468.0
Pakenham,METRO TRAIN,9.0,Primary,8.0,South Eastern Melbourne,2 bedroom house,2025-03-01,450.0,480.0
Pakenham,METRO TRAIN,9.0,Primary,8.0,South Eastern Melbourne,3 bedroom flat,2025-03-01,490.0,540.0
Pakenham,METRO TRAIN,9.0,Primary,8.0,South Eastern Melbourne,3 bedroom house,2025-03-01,520.0,548.0
Pakenham,METRO TRAIN,9.0,Primary,8.0,South Eastern Melbourne,4 bedroom house,2025-03-01,590.0,630.0
Pakenham,METRO TRAIN,9.0,Primary,8.0,South Eastern Melbourne,All properties,2025-03-01,530.0,540.0
Pakenham,METRO TRAIN,9.0,Secondary,2.0,South Eastern Melbourne,1 bedroom flat,2025-03-01,395.0,364.0
Pakenham,METRO TRAIN,9.0,Secondary,2.0,South Eastern Melbourne,2 bedroom flat,2025-03-01,438.0,468.0
Pakenham,METRO TRAIN,9.0,Secondary,2.0,South Eastern Melbourne,2 bedroom house,2025-03-01,450.0,480.0
Pakenham,METRO TRAIN,9.0,Secondary,2.0,South Eastern Melbourne,3 bedroom flat,2025-03-01,490.0,540.0
Pakenham,METRO TRAIN,9.0,Secondary,2.0,South Eastern Melbourne,3 bedroom house,2025-03-01,520.0,548.0
Pakenham,METRO TRAIN,9.0,Secondary,2.0,South Eastern Melbourne,4 bedroom house,2025-03-01,590.0,630.0
Pakenham,METRO TRAIN,9.0,Secondary,2.0,South Eastern Melbourne,All properties,2025-03-01,530.0,540.0
Pakenham,REGIONAL BUS,26.0,Pri/Sec,2.0,South Eastern Melbourne,1 bedroom flat,2025-03-01,395.0,364.0
Pakenham,REGIONAL BUS,26.0,Pri/Sec,2.0,South Eastern Melbourne,2 bedroom flat,2025-03-01,438.0,468.0
Pakenham,REGIONAL BUS,26.0,Pri/Sec,2.0,South Eastern Melbourne,2 bedroom house,2025-03-01,450.0,480.0
Pakenham,REGIONAL BUS,26.0,Pri/Sec,2.0,South Eastern Melbourne,3 bedroom flat,2025-03-01,490.0,540.0
Pakenham,REGIONAL BUS,26.0,Pri/Sec,2.0,South Eastern Melbourne,3 bedroom house,2025-03-01,520.0,548.0
Pakenham,REGIONAL BUS,26.0,Pri/Sec,2.0,South Eastern Melbourne,4 bedroom house,2025-03-01,590.0,630.0
Pakenham,REGIONAL BUS,26.0,Pri/Sec,2.0,South Eastern Melbourne,All properties,2025-03-01,530.0,540.0
Pakenham,REGIONAL BUS,26.0,Primary,8.0,South Eastern Melbourne,1 bedroom flat,2025-03-01,395.0,364.0
Pakenham,REGIONAL BUS,26.0,Primary,8.0,South Eastern Melbourne,2 bedroom flat,2025-03-01,438.0,468.0
Pakenham,REGIONAL BUS,26.0,Primary,8.0,South Eastern Melbourne,2 bedroom house,2025-03-01,450.0,480.0
Pakenham,REGIONAL BUS,26.0,Primary,8.0,South Eastern Melbourne,3 bedroom flat,2025-03-01,490.0,540.0
Pakenham,REGIONAL BUS,26.0,Primary,8.0,South Eastern Melbourne,3 bedroom house,2025-03-01,520.0,548.0
Pakenham,REGIONAL BUS,26.0,Primary,8.0,South Eastern Melbourne,4 bedroom house,2025-03-01,590.0,630.0
Pakenham,REGIONAL BUS,26.0,Primary,8.0,South Eastern Melbourne,All properties,2025-03-01,530.0,540.0
Pakenham,REGIONAL BUS,26.0,Secondary,2.0,South Eastern Melbourne,1 bedroom flat,2025-03-01,395.0,364.0
Pakenham,REGIONAL BUS,26.0,Secondary,2.0,South Eastern Melbourne,2 bedroom flat,2025-03-01,438.0,468.0
Pakenham,REGIONAL BUS,26.0,Secondary,2.0,South Eastern Melbourne,2 bedroom house,2025-03-01,450.0,480.0
Pakenham,REGIONAL BUS,26.0,Secondary,2.0,South Eastern Melbourne,3 bedroom flat,2025-03-01,490.0,540.0
Pakenham,REGIONAL BUS,26.0,Secondary,2.0,South Eastern Melbourne,3 bedroom house,2025-03-01,520.0,548.0
Pakenham,REGIONAL BUS,26.0,Secondary,2.0,South Eastern Melbourne,4 bedroom house,2025-03-01,590.0,630.0
Pakenham,REGIONAL BUS,26.0,Secondary,2.0,South Eastern Melbourne,All properties,2025-03-01,530.0,540.0
Pakenham,REGIONAL COACH,2.0,Pri/Sec,2.0,South Eastern Melbourne,1 bedroom flat,2025-03-01,395.0,364.0
Pakenham,REGIONAL COACH,2.0,Pri/Sec,2.0,South Eastern Melbourne,2 bedroom flat,2025-03-01,438.0,468.0
Pakenham,REGIONAL COACH,2.0,Pri/Sec,2.0,South Eastern Melbourne,2 bedroom house,2025-03-01,450.0,480.0
Pakenham,REGIONAL COACH,2.0,Pri/Sec,2.0,South Eastern Melbourne,3 bedroom flat,2025-03-01,490.0,540.0
Pakenham,REGIONAL COACH,2.0,Pri/Sec,2.0,South Eastern Melbourne,3 bedroom house,2025-03-01,520.0,548.0
Pakenham,REGIONAL COACH,2.0,Pri/Sec,2.0,South Eastern Melbourne,4 bedroom house,2025-03-01,590.0,630.0
Pakenham,REGIONAL COACH,2.0,Pri/Sec,2.0,South Eastern Melbourne,All properties,2025-03-01,530.0,540.0
Pakenham,REGIONAL COACH,2.0,Primary,8.0,South Eastern Melbourne,1 bedroom flat,2025-03-01,395.0,364.0
Pakenham,REGIONAL COACH,2.0,Primary,8.0,South Eastern Melbourne,2 bedroom flat,2025-03-01,438.0,468.0
Pakenham,REGIONAL COACH,2.0,Primary,8.0,South Eastern Melbourne,2 bedroom house,2025-03-01,450.0,480.0
Pakenham,REGIONAL COACH,2.0,Primary,8.0,South Eastern Melbourne,3 bedroom flat,2025-03-01,490.0,540.0
Pakenham,REGIONAL COACH,2.0,Primary,8.0,South Eastern Melbourne,3 bedroom house,2025-03-01,520.0,548.0
Pakenham,REGIONAL COACH,2.0,Primary,8.0,South Eastern Melbourne,4 bedroom house,2025-03-01,590.0,630.0
Pakenham,REGIONAL COACH,2.0,Primary,8.0,South Eastern Melbourne,All properties,2025-03-01,530.0,540.0
Pakenham,REGIONAL COACH,2.0,Secondary,2.0,South Eastern Melbourne,1 bedroom flat,2025-03-01,395.0,364.0
Pakenham,REGIONAL COACH,2.0,Secondary,2.0,South Eastern Melbourne,2 bedroom flat,2025-03-01,438.0,468.0
Pakenham,REGIONAL COACH,2.0,Secondary,2.0,South Eastern Melbourne,2 bedroom house,2025-03-01,450.0,480.0
Pakenham,REGIONAL COACH,2.0,Secondary,2.0,South Eastern Melbourne,3 bedroom flat,2025-03-01,490.0,540.0
Pakenham,REGIONAL COACH,2.0,Secondary,2.0,South Eastern Melbourne,3 bedroom house,2025-03-01,520.0,548.0
Pakenham,REGIONAL COACH,2.0,Secondary,2.0,South Eastern Melbourne,4 bedroom house,2025-03-01,590.0,630.0
Pakenham,REGIONAL COACH,2.0,Secondary,2.0,South Eastern Melbourne,All properties,2025-03-01,530.0,540.0
Pakenham,REGIONAL TRAIN,2.0,Pri/Sec,2.0,South Eastern Melbourne,1 bedroom flat,2025-03-01,395.0,364.0
Pakenham,REGIONAL TRAIN,2.0,Pri/Sec,2.0,South Eastern Melbourne,2 bedroom flat,2025-03-01,438.0,468.0
Pakenham,REGIONAL TRAIN,2.0,Pri/Sec,2.0,South Eastern Melbourne,2 bedroom house,2025-03-01,450.0,480.0
Pakenham,REGIONAL TRAIN,2.0,Pri/Sec,2.0,South Eastern Melbourne,3 bedroom flat,2025-03-01,490.0,540.0
Pakenham,REGIONAL TRAIN,2.0,Pri/Sec,2.0,South Eastern Melbourne,3 bedroom house,2025-03-01,520.0,548.0
Pakenham,REGIONAL TRAIN,2.0,Pri/Sec,2.0,South Eastern Melbourne,4 bedroom house,2025-03-01,590.0,630.0
Pakenham,REGIONAL TRAIN,2.0,Pri/Sec,2.0,South Eastern Melbourne,All properties,2025-03-01,530.0,540.0
Pakenham,REGIONAL TRAIN,2.0,Primary,8.0,South Eastern Melbourne,1 bedroom flat,2025-03-01,395.0,364.0
Pakenham,REGIONAL TRAIN,2.0,Primary,8.0,South Eastern Melbourne,2 bedroom flat,2025-03-01,438.0,468.0
Pakenham,REGIONAL TRAIN,2.0,Primary,8.0,South Eastern Melbourne,2 bedroom house,2025-03-01,450.0,480.0
Pakenham,REGIONAL TRAIN,2.0,Primary,8.0,South Eastern Melbourne,3 bedroom flat,2025-03-01,490.0,540.0
Pakenham,REGIONAL TRAIN,2.0,Primary,8.0,South Eastern Melbourne,3 bedroom house,2025-03-01,520.0,548.0
Pakenham,REGIONAL TRAIN,2.0,Primary,8.0,South Eastern Melbourne,4 bedroom house,2025-03-01,590.0,630.0
Pakenham,REGIONAL TRAIN,2.0,Primary,8.0,South Eastern Melbourne,All properties,2025-03-01,530.0,540.0
Pakenham,REGIONAL TRAIN,2.0,Secondary,2.0,South Eastern Melbourne,1 bedroom flat,2025-03-01,395.0,364.0
Pakenham,REGIONAL TRAIN,2.0,Secondary,2.0,South Eastern Melbourne,2 bedroom flat,2025-03-01,438.0,468.0
Pakenham,REGIONAL TRAIN,2.0,Secondary,2.0,South Eastern Melbourne,2 bedroom house,2025-03-01,450.0,480.0
Pakenham,REGIONAL TRAIN,2.0,Secondary,2.0,South Eastern Melbourne,3 bedroom flat,2025-03-01,490.0,540.0
Pakenham,REGIONAL TRAIN,2.0,Secondary,2.0,South Eastern Melbourne,3 bedroom house,2025-03-01,520.0,548.0
Pakenham,REGIONAL TRAIN,2.0,Secondary,2.0,South Eastern Melbourne,4 bedroom house,2025-03-01,590.0,630.0
Pakenham,REGIONAL TRAIN,2.0,Secondary,2.0,South Eastern Melbourne,All properties,2025-03-01,530.0,540.0
Pakenham South,,,,,,,,,
Pakenham Upper,METRO BUS,8.0,,,,,,,
Panitya,,,,,,,,,
Panmure,,,,,,,,,
Panton Hill,,,Primary,1.0,,,,,
Paradise,REGIONAL BUS,2.0,,,,,,,
Paradise Beach,,,,,,,,,
Paraparap,,,,,,,,,
Park Orchards,METRO BUS,18.0,Primary,2.0,,,,,
Parkdale,METRO BUS,29.0,Primary,3.0,,,,,
Parkdale,METRO TRAIN,3.0,Primary,3.0,,,,,
Parkville,METRO BUS,18.0,Secondary,1.0,,,,,
Parkville,METRO BUS,18.0,Special,1.0,,,,,
Parkville,METRO TRAIN,3.0,Secondary,1.0,,,,,
Parkville,METRO TRAIN,3.0,Special,1.0,,,,,
Parkville,METRO TRAM,18.0,Secondary,1.0,,,,,
Parkville,METRO TRAM,18.0,Special,1.0,,,,,
Parwan,,,,,,,,,
Paschendale,,,,,,,,,
Pascoe Vale,METRO BUS,40.0,Primary,4.0,,,,,
Pascoe Vale,METRO BUS,40.0,Secondary,1.0,,,,,
Pascoe Vale,METRO TRAIN,3.0,Primary,4.0,,,,,
Pascoe Vale,METRO TRAIN,3.0,Secondary,1.0,,,,,
Pascoe Vale South,METRO BUS,34.0,Pri/Sec,1.0,,,,,
Pascoe Vale South,METRO BUS,34.0,Primary,1.0,,,,,
Pascoe Vale South,METRO TRAM,6.0,Pri/Sec,1.0,,,,,
Pascoe Vale South,METRO TRAM,6.0,Primary,1.0,,,,,
Pastoria,,,,,,,,,
Pastoria East,,,,,,,,,
Patchewollock,,,,,,,,,
Patho,,,,,,,,,
Patterson Lakes,METRO BUS,18.0,Primary,1.0,,,,,
Patyah,,,,,,,,,
Paynesville,REGIONAL BUS,2.0,Primary,1.0,,,,,
Paynesville,REGIONAL COACH,1.0,Primary,1.0,,,,,
Pearcedale,METRO BUS,12.0,Primary,1.0,,,,,
Pearsondale,,,,,,,,,
Peechelba,REGIONAL BUS,1.0,,,,,,,
Peechelba East,,,,,,,,,
Pelluebla,,,,,,,,,
Pennyroyal,,,,,,,,,
Penshurst,REGIONAL BUS,1.0,Primary,2.0,,,,,
Penshurst,REGIONAL COACH,1.0,Primary,2.0,,,,,
Pental Island,,,,,,,,,
Pentland Hills,,,,,,,,,
Percydale,,,,,,,,,
Peronne,,,,,,,,,
Perry Bridge,,,,,,,,,
Peterborough,REGIONAL COACH,3.0,,,,,,,
Petticoat Creek,,,,,,,,,
Pheasant Creek,METRO BUS,1.0,,,,,,,
Piangil,REGIONAL BUS,2.0,,,,,,,
Piangil,REGIONAL COACH,1.0,,,,,,,
Picola,REGIONAL COACH,1.0,,,,,,,
Picola West,,,,,,,,,
Piedmont,,,,,,,,,
Pier Milan,,,,,,,,,
Pigeon Ponds,,,,,,,,,
Piggoreet,,,,,,,,,
Pimpinio,REGIONAL BUS,1.0,,,,,,,
Pimpinio,REGIONAL COACH,1.0,,,,,,,
Pine Grove,,,,,,,,,
Pine Lodge,,,,,,,,,
Pine Mountain,,,,,,,,,
Pine View,,,,,,,,,
Pioneer Bay,REGIONAL BUS,1.0,,,,,,,
Pioneer Bay,REGIONAL COACH,1.0,,,,,,,
Pipers Creek,,,,,,,,,
Pira,,,,,,,,,
Piries,REGIONAL BUS,1.0,,,,,,,
Pirron Yallock,,,,,,,,,
Pitfield,,,,,,,,,
Pittong,,,,,,,,,
Plenty,METRO BUS,9.0,,,,,,,
Plumpton,,,,,,,,,
Point Cook,METRO BUS,86.0,Pri/Sec,5.0,,,,,
Point Cook,METRO BUS,86.0,Primary,3.0,,,,,
Point Cook,METRO BUS,86.0,Secondary,2.0,,,,,
Point Leo,METRO BUS,1.0,,,,,,,
Point Lonsdale,REGIONAL BUS,13.0,Primary,1.0,,,,,
Point Wilson,,,,,,,,,
Polisbet,,,,,,,,,
Pomborneit,,,,,,,,,
Pomborneit East,,,,,,,,,
Pomborneit North,,,,,,,,,
Pomonal,REGIONAL COACH,1.0,Primary,1.0,,,,,
Pompapiel,,,,,,,,,
Poolaijelo,,,,,,,,,
Pootilla,,,,,,,,,
Poowong,REGIONAL BUS,3.0,Primary,1.0,,,,,
Poowong East,REGIONAL BUS,2.0,,,,,,,
Poowong North,REGIONAL BUS,1.0,,,,,,,
Porcupine Ridge,,,,,,,,,
Porepunkah,REGIONAL BUS,1.0,Primary,1.0,,,,,
Porepunkah,REGIONAL COACH,1.0,Primary,1.0,,,,,
Port Albert,,,,,,,,,
Port Campbell,REGIONAL COACH,2.0,,,,,,,
Port Fairy,REGIONAL COACH,1.0,Primary,2.0,,,,,
Port Franklin,,,,,,,,,
Port Melbourne,METRO BUS,67.0,Primary,1.0,Inner Melbourne,1 bedroom flat,2025-03-01,540.0,500.0
Port Melbourne,METRO BUS,67.0,Primary,1.0,Inner Melbourne,2 bedroom flat,2025-03-01,700.0,658.0
Port Melbourne,METRO BUS,67.0,Primary,1.0,Inner Melbourne,2 bedroom house,2025-03-01,705.0,742.0
Port Melbourne,METRO BUS,67.0,Primary,1.0,Inner Melbourne,3 bedroom flat,2025-03-01,1100.0,950.0
Port Melbourne,METRO BUS,67.0,Primary,1.0,Inner Melbourne,3 bedroom house,2025-03-01,975.0,973.0
Port Melbourne,METRO BUS,67.0,Primary,1.0,Inner Melbourne,4 bedroom house,2025-03-01,1150.0,1325.0
Port Melbourne,METRO BUS,67.0,Primary,1.0,Inner Melbourne,All properties,2025-03-01,750.0,640.0
Port Melbourne,METRO BUS,67.0,Secondary,1.0,Inner Melbourne,1 bedroom flat,2025-03-01,540.0,500.0
Port Melbourne,METRO BUS,67.0,Secondary,1.0,Inner Melbourne,2 bedroom flat,2025-03-01,700.0,658.0
Port Melbourne,METRO BUS,67.0,Secondary,1.0,Inner Melbourne,2 bedroom house,2025-03-01,705.0,742.0
Port Melbourne,METRO BUS,67.0,Secondary,1.0,Inner Melbourne,3 bedroom flat,2025-03-01,1100.0,950.0
Port Melbourne,METRO BUS,67.0,Secondary,1.0,Inner Melbourne,3 bedroom house,2025-03-01,975.0,973.0
Port Melbourne,METRO BUS,67.0,Secondary,1.0,Inner Melbourne,4 bedroom house,2025-03-01,1150.0,1325.0
Port Melbourne,METRO BUS,67.0,Secondary,1.0,Inner Melbourne,All properties,2025-03-01,750.0,640.0
Port Melbourne,METRO BUS,67.0,Special,1.0,Inner Melbourne,1 bedroom flat,2025-03-01,540.0,500.0
Port Melbourne,METRO BUS,67.0,Special,1.0,Inner Melbourne,2 bedroom flat,2025-03-01,700.0,658.0
Port Melbourne,METRO BUS,67.0,Special,1.0,Inner Melbourne,2 bedroom house,2025-03-01,705.0,742.0
Port Melbourne,METRO BUS,67.0,Special,1.0,Inner Melbourne,3 bedroom flat,2025-03-01,1100.0,950.0
Port Melbourne,METRO BUS,67.0,Special,1.0,Inner Melbourne,3 bedroom house,2025-03-01,975.0,973.0
Port Melbourne,METRO BUS,67.0,Special,1.0,Inner Melbourne,4 bedroom house,2025-03-01,1150.0,1325.0
Port Melbourne,METRO BUS,67.0,Special,1.0,Inner Melbourne,All properties,2025-03-01,750.0,640.0
Port Melbourne,METRO TRAM,3.0,Primary,1.0,Inner Melbourne,1 bedroom flat,2025-03-01,540.0,500.0
Port Melbourne,METRO TRAM,3.0,Primary,1.0,Inner Melbourne,2 bedroom flat,2025-03-01,700.0,658.0
Port Melbourne,METRO TRAM,3.0,Primary,1.0,Inner Melbourne,2 bedroom house,2025-03-01,705.0,742.0
Port Melbourne,METRO TRAM,3.0,Primary,1.0,Inner Melbourne,3 bedroom flat,2025-03-01,1100.0,950.0
Port Melbourne,METRO TRAM,3.0,Primary,1.0,Inner Melbourne,3 bedroom house,2025-03-01,975.0,973.0
Port Melbourne,METRO TRAM,3.0,Primary,1.0,Inner Melbourne,4 bedroom house,2025-03-01,1150.0,1325.0
Port Melbourne,METRO TRAM,3.0,Primary,1.0,Inner Melbourne,All properties,2025-03-01,750.0,640.0
Port Melbourne,METRO TRAM,3.0,Secondary,1.0,Inner Melbourne,1 bedroom flat,2025-03-01,540.0,500.0
Port Melbourne,METRO TRAM,3.0,Secondary,1.0,Inner Melbourne,2 bedroom flat,2025-03-01,700.0,658.0
Port Melbourne,METRO TRAM,3.0,Secondary,1.0,Inner Melbourne,2 bedroom house,2025-03-01,705.0,742.0
Port Melbourne,METRO TRAM,3.0,Secondary,1.0,Inner Melbourne,3 bedroom flat,2025-03-01,1100.0,950.0
Port Melbourne,METRO TRAM,3.0,Secondary,1.0,Inner Melbourne,3 bedroom house,2025-03-01,975.0,973.0
Port Melbourne,METRO TRAM,3.0,Secondary,1.0,Inner Melbourne,4 bedroom house,2025-03-01,1150.0,1325.0
Port Melbourne,METRO TRAM,3.0,Secondary,1.0,Inner Melbourne,All properties,2025-03-01,750.0,640.0
Port Melbourne,METRO TRAM,3.0,Special,1.0,Inner Melbourne,1 bedroom flat,2025-03-01,540.0,500.0
Port Melbourne,METRO TRAM,3.0,Special,1.0,Inner Melbourne,2 bedroom flat,2025-03-01,700.0,658.0
Port Melbourne,METRO TRAM,3.0,Special,1.0,Inner Melbourne,2 bedroom house,2025-03-01,705.0,742.0
Port Melbourne,METRO TRAM,3.0,Special,1.0,Inner Melbourne,3 bedroom flat,2025-03-01,1100.0,950.0
Port Melbourne,METRO TRAM,3.0,Special,1.0,Inner Melbourne,3 bedroom house,2025-03-01,975.0,973.0
Port Melbourne,METRO TRAM,3.0,Special,1.0,Inner Melbourne,4 bedroom house,2025-03-01,1150.0,1325.0
Port Melbourne,METRO TRAM,3.0,Special,1.0,Inner Melbourne,All properties,2025-03-01,750.0,640.0
Port Welshpool,,,,,,,,,
Portarlington,REGIONAL BUS,24.0,Primary,1.0,,,,,
Portland,REGIONAL BUS,57.0,Primary,5.0,Other Regional Centres,1 bedroom flat,2025-03-01,290.0,275.0
Portland,REGIONAL BUS,57.0,Primary,5.0,Other Regional Centres,2 bedroom flat,2025-03-01,350.0,360.0
Portland,REGIONAL BUS,57.0,Primary,5.0,Other Regional Centres,2 bedroom house,2025-03-01,380.0,385.0
Portland,REGIONAL BUS,57.0,Primary,5.0,Other Regional Centres,3 bedroom flat,2025-03-01,420.0,450.0
Portland,REGIONAL BUS,57.0,Primary,5.0,Other Regional Centres,3 bedroom house,2025-03-01,420.0,450.0
Portland,REGIONAL BUS,57.0,Primary,5.0,Other Regional Centres,4 bedroom house,2025-03-01,565.0,555.0
Portland,REGIONAL BUS,57.0,Primary,5.0,Other Regional Centres,All properties,2025-03-01,400.0,440.0
Portland,REGIONAL BUS,57.0,Secondary,2.0,Other Regional Centres,1 bedroom flat,2025-03-01,290.0,275.0
Portland,REGIONAL BUS,57.0,Secondary,2.0,Other Regional Centres,2 bedroom flat,2025-03-01,350.0,360.0
Portland,REGIONAL BUS,57.0,Secondary,2.0,Other Regional Centres,2 bedroom house,2025-03-01,380.0,385.0
Portland,REGIONAL BUS,57.0,Secondary,2.0,Other Regional Centres,3 bedroom flat,2025-03-01,420.0,450.0
Portland,REGIONAL BUS,57.0,Secondary,2.0,Other Regional Centres,3 bedroom house,2025-03-01,420.0,450.0
Portland,REGIONAL BUS,57.0,Secondary,2.0,Other Regional Centres,4 bedroom house,2025-03-01,565.0,555.0
Portland,REGIONAL BUS,57.0,Secondary,2.0,Other Regional Centres,All properties,2025-03-01,400.0,440.0
Portland,REGIONAL BUS,57.0,Special,1.0,Other Regional Centres,1 bedroom flat,2025-03-01,290.0,275.0
Portland,REGIONAL BUS,57.0,Special,1.0,Other Regional Centres,2 bedroom flat,2025-03-01,350.0,360.0
Portland,REGIONAL BUS,57.0,Special,1.0,Other Regional Centres,2 bedroom house,2025-03-01,380.0,385.0
Portland,REGIONAL BUS,57.0,Special,1.0,Other Regional Centres,3 bedroom flat,2025-03-01,420.0,450.0
Portland,REGIONAL BUS,57.0,Special,1.0,Other Regional Centres,3 bedroom house,2025-03-01,420.0,450.0
Portland,REGIONAL BUS,57.0,Special,1.0,Other Regional Centres,4 bedroom house,2025-03-01,565.0,555.0
Portland,REGIONAL BUS,57.0,Special,1.0,Other Regional Centres,All properties,2025-03-01,400.0,440.0
Portland,REGIONAL COACH,1.0,Primary,5.0,Other Regional Centres,1 bedroom flat,2025-03-01,290.0,275.0
Portland,REGIONAL COACH,1.0,Primary,5.0,Other Regional Centres,2 bedroom flat,2025-03-01,350.0,360.0
Portland,REGIONAL COACH,1.0,Primary,5.0,Other Regional Centres,2 bedroom house,2025-03-01,380.0,385.0
Portland,REGIONAL COACH,1.0,Primary,5.0,Other Regional Centres,3 bedroom flat,2025-03-01,420.0,450.0
Portland,REGIONAL COACH,1.0,Primary,5.0,Other Regional Centres,3 bedroom house,2025-03-01,420.0,450.0
Portland,REGIONAL COACH,1.0,Primary,5.0,Other Regional Centres,4 bedroom house,2025-03-01,565.0,555.0
Portland,REGIONAL COACH,1.0,Primary,5.0,Other Regional Centres,All properties,2025-03-01,400.0,440.0
Portland,REGIONAL COACH,1.0,Secondary,2.0,Other Regional Centres,1 bedroom flat,2025-03-01,290.0,275.0
Portland,REGIONAL COACH,1.0,Secondary,2.0,Other Regional Centres,2 bedroom flat,2025-03-01,350.0,360.0
Portland,REGIONAL COACH,1.0,Secondary,2.0,Other Regional Centres,2 bedroom house,2025-03-01,380.0,385.0
Portland,REGIONAL COACH,1.0,Secondary,2.0,Other Regional Centres,3 bedroom flat,2025-03-01,420.0,450.0
Portland,REGIONAL COACH,1.0,Secondary,2.0,Other Regional Centres,3 bedroom house,2025-03-01,420.0,450.0
Portland,REGIONAL COACH,1.0,Secondary,2.0,Other Regional Centres,4 bedroom house,2025-03-01,565.0,555.0
Portland,REGIONAL COACH,1.0,Secondary,2.0,Other Regional Centres,All properties,2025-03-01,400.0,440.0
Portland,REGIONAL COACH,1.0,Special,1.0,Other Regional Centres,1 bedroom flat,2025-03-01,290.0,275.0
Portland,REGIONAL COACH,1.0,Special,1.0,Other Regional Centres,2 bedroom flat,2025-03-01,350.0,360.0
Portland,REGIONAL COACH,1.0,Special,1.0,Other Regional Centres,2 bedroom house,2025-03-01,380.0,385.0
Portland,REGIONAL COACH,1.0,Special,1.0,Other Regional Centres,3 bedroom flat,2025-03-01,420.0,450.0
Portland,REGIONAL COACH,1.0,Special,1.0,Other Regional Centres,3 bedroom house,2025-03-01,420.0,450.0
Portland,REGIONAL COACH,1.0,Special,1.0,Other Regional Centres,4 bedroom house,2025-03-01,565.0,555.0
Portland,REGIONAL COACH,1.0,Special,1.0,Other Regional Centres,All properties,2025-03-01,400.0,440.0
Portland North,REGIONAL COACH,1.0,Primary,1.0,,,,,
Portland West,,,,,,,,,
Portsea,METRO BUS,12.0,,,,,,,
Pound Creek,REGIONAL BUS,1.0,,,,,,,
Powelltown,,,,,,,,,
Powers Creek,,,,,,,,,
Powlett Plains,,,,,,,,,
Prahran,METRO BUS,19.0,Primary,1.0,,,,,
Prahran,METRO TRAIN,3.0,Primary,1.0,,,,,
Prahran,METRO TRAM,26.0,Primary,1.0,,,,,
Prairie,,,,,,,,,
Pranjip,,,,,,,,,
Preston,METRO BUS,114.0,Pri/Sec,2.0,North Eastern Melbourne,1 bedroom flat,2025-03-01,420.0,400.0
Preston,METRO BUS,114.0,Pri/Sec,2.0,North Eastern Melbourne,2 bedroom flat,2025-03-01,530.0,495.0
Preston,METRO BUS,114.0,Pri/Sec,2.0,North Eastern Melbourne,2 bedroom house,2025-03-01,575.0,500.0
Preston,METRO BUS,114.0,Pri/Sec,2.0,North Eastern Melbourne,3 bedroom flat,2025-03-01,690.0,635.0
Preston,METRO BUS,114.0,Pri/Sec,2.0,North Eastern Melbourne,3 bedroom house,2025-03-01,650.0,625.0
Preston,METRO BUS,114.0,Pri/Sec,2.0,North Eastern Melbourne,4 bedroom house,2025-03-01,900.0,810.0
Preston,METRO BUS,114.0,Pri/Sec,2.0,North Eastern Melbourne,All properties,2025-03-01,550.0,550.0
Preston,METRO BUS,114.0,Primary,8.0,North Eastern Melbourne,1 bedroom flat,2025-03-01,420.0,400.0
Preston,METRO BUS,114.0,Primary,8.0,North Eastern Melbourne,2 bedroom flat,2025-03-01,530.0,495.0
Preston,METRO BUS,114.0,Primary,8.0,North Eastern Melbourne,2 bedroom house,2025-03-01,575.0,500.0
Preston,METRO BUS,114.0,Primary,8.0,North Eastern Melbourne,3 bedroom flat,2025-03-01,690.0,635.0
Preston,METRO BUS,114.0,Primary,8.0,North Eastern Melbourne,3 bedroom house,2025-03-01,650.0,625.0
Preston,METRO BUS,114.0,Primary,8.0,North Eastern Melbourne,4 bedroom house,2025-03-01,900.0,810.0
Preston,METRO BUS,114.0,Primary,8.0,North Eastern Melbourne,All properties,2025-03-01,550.0,550.0
Preston,METRO BUS,114.0,Secondary,2.0,North Eastern Melbourne,1 bedroom flat,2025-03-01,420.0,400.0
Preston,METRO BUS,114.0,Secondary,2.0,North Eastern Melbourne,2 bedroom flat,2025-03-01,530.0,495.0
Preston,METRO BUS,114.0,Secondary,2.0,North Eastern Melbourne,2 bedroom house,2025-03-01,575.0,500.0
Preston,METRO BUS,114.0,Secondary,2.0,North Eastern Melbourne,3 bedroom flat,2025-03-01,690.0,635.0
Preston,METRO BUS,114.0,Secondary,2.0,North Eastern Melbourne,3 bedroom house,2025-03-01,650.0,625.0
Preston,METRO BUS,114.0,Secondary,2.0,North Eastern Melbourne,4 bedroom house,2025-03-01,900.0,810.0
Preston,METRO BUS,114.0,Secondary,2.0,North Eastern Melbourne,All properties,2025-03-01,550.0,550.0
Preston,METRO TRAIN,19.0,Pri/Sec,2.0,North Eastern Melbourne,1 bedroom flat,2025-03-01,420.0,400.0
Preston,METRO TRAIN,19.0,Pri/Sec,2.0,North Eastern Melbourne,2 bedroom flat,2025-03-01,530.0,495.0
Preston,METRO TRAIN,19.0,Pri/Sec,2.0,North Eastern Melbourne,2 bedroom house,2025-03-01,575.0,500.0
Preston,METRO TRAIN,19.0,Pri/Sec,2.0,North Eastern Melbourne,3 bedroom flat,2025-03-01,690.0,635.0
Preston,METRO TRAIN,19.0,Pri/Sec,2.0,North Eastern Melbourne,3 bedroom house,2025-03-01,650.0,625.0
Preston,METRO TRAIN,19.0,Pri/Sec,2.0,North Eastern Melbourne,4 bedroom house,2025-03-01,900.0,810.0
Preston,METRO TRAIN,19.0,Pri/Sec,2.0,North Eastern Melbourne,All properties,2025-03-01,550.0,550.0
Preston,METRO TRAIN,19.0,Primary,8.0,North Eastern Melbourne,1 bedroom flat,2025-03-01,420.0,400.0
Preston,METRO TRAIN,19.0,Primary,8.0,North Eastern Melbourne,2 bedroom flat,2025-03-01,530.0,495.0
Preston,METRO TRAIN,19.0,Primary,8.0,North Eastern Melbourne,2 bedroom house,2025-03-01,575.0,500.0
Preston,METRO TRAIN,19.0,Primary,8.0,North Eastern Melbourne,3 bedroom flat,2025-03-01,690.0,635.0
Preston,METRO TRAIN,19.0,Primary,8.0,North Eastern Melbourne,3 bedroom house,2025-03-01,650.0,625.0
Preston,METRO TRAIN,19.0,Primary,8.0,North Eastern Melbourne,4 bedroom house,2025-03-01,900.0,810.0
Preston,METRO TRAIN,19.0,Primary,8.0,North Eastern Melbourne,All properties,2025-03-01,550.0,550.0
Preston,METRO TRAIN,19.0,Secondary,2.0,North Eastern Melbourne,1 bedroom flat,2025-03-01,420.0,400.0
Preston,METRO TRAIN,19.0,Secondary,2.0,North Eastern Melbourne,2 bedroom flat,2025-03-01,530.0,495.0
Preston,METRO TRAIN,19.0,Secondary,2.0,North Eastern Melbourne,2 bedroom house,2025-03-01,575.0,500.0
Preston,METRO TRAIN,19.0,Secondary,2.0,North Eastern Melbourne,3 bedroom flat,2025-03-01,690.0,635.0
Preston,METRO TRAIN,19.0,Secondary,2.0,North Eastern Melbourne,3 bedroom house,2025-03-01,650.0,625.0
Preston,METRO TRAIN,19.0,Secondary,2.0,North Eastern Melbourne,4 bedroom house,2025-03-01,900.0,810.0
Preston,METRO TRAIN,19.0,Secondary,2.0,North Eastern Melbourne,All properties,2025-03-01,550.0,550.0
Preston,METRO TRAM,24.0,Pri/Sec,2.0,North Eastern Melbourne,1 bedroom flat,2025-03-01,420.0,400.0
Preston,METRO TRAM,24.0,Pri/Sec,2.0,North Eastern Melbourne,2 bedroom flat,2025-03-01,530.0,495.0
Preston,METRO TRAM,24.0,Pri/Sec,2.0,North Eastern Melbourne,2 bedroom house,2025-03-01,575.0,500.0
Preston,METRO TRAM,24.0,Pri/Sec,2.0,North Eastern Melbourne,3 bedroom flat,2025-03-01,690.0,635.0
Preston,METRO TRAM,24.0,Pri/Sec,2.0,North Eastern Melbourne,3 bedroom house,2025-03-01,650.0,625.0
Preston,METRO TRAM,24.0,Pri/Sec,2.0,North Eastern Melbourne,4 bedroom house,2025-03-01,900.0,810.0
Preston,METRO TRAM,24.0,Pri/Sec,2.0,North Eastern Melbourne,All properties,2025-03-01,550.0,550.0
Preston,METRO TRAM,24.0,Primary,8.0,North Eastern Melbourne,1 bedroom flat,2025-03-01,420.0,400.0
Preston,METRO TRAM,24.0,Primary,8.0,North Eastern Melbourne,2 bedroom flat,2025-03-01,530.0,495.0
Preston,METRO TRAM,24.0,Primary,8.0,North Eastern Melbourne,2 bedroom house,2025-03-01,575.0,500.0
Preston,METRO TRAM,24.0,Primary,8.0,North Eastern Melbourne,3 bedroom flat,2025-03-01,690.0,635.0
Preston,METRO TRAM,24.0,Primary,8.0,North Eastern Melbourne,3 bedroom house,2025-03-01,650.0,625.0
Preston,METRO TRAM,24.0,Primary,8.0,North Eastern Melbourne,4 bedroom house,2025-03-01,900.0,810.0
Preston,METRO TRAM,24.0,Primary,8.0,North Eastern Melbourne,All properties,2025-03-01,550.0,550.0
Preston,METRO TRAM,24.0,Secondary,2.0,North Eastern Melbourne,1 bedroom flat,2025-03-01,420.0,400.0
Preston,METRO TRAM,24.0,Secondary,2.0,North Eastern Melbourne,2 bedroom flat,2025-03-01,530.0,495.0
Preston,METRO TRAM,24.0,Secondary,2.0,North Eastern Melbourne,2 bedroom house,2025-03-01,575.0,500.0
Preston,METRO TRAM,24.0,Secondary,2.0,North Eastern Melbourne,3 bedroom flat,2025-03-01,690.0,635.0
Preston,METRO TRAM,24.0,Secondary,2.0,North Eastern Melbourne,3 bedroom house,2025-03-01,650.0,625.0
Preston,METRO TRAM,24.0,Secondary,2.0,North Eastern Melbourne,4 bedroom house,2025-03-01,900.0,810.0
Preston,METRO TRAM,24.0,Secondary,2.0,North Eastern Melbourne,All properties,2025-03-01,550.0,550.0
Princes Hill,METRO TRAM,2.0,Primary,1.0,,,,,
Princes Hill,METRO TRAM,2.0,Secondary,1.0,,,,,
Princetown,REGIONAL COACH,2.0,,,,,,,
Puckapunyal,REGIONAL BUS,14.0,Primary,1.0,,,,,
Puckapunyal,REGIONAL COACH,2.0,Primary,1.0,,,,,
Pura Pura,,,,,,,,,
Purdeet,,,,,,,,,
Purnim,REGIONAL BUS,1.0,,,,,,,
Purnim West,,,,,,,,,
Pyalong,REGIONAL COACH,1.0,Primary,1.0,,,,,
Pyramid Hill,REGIONAL COACH,1.0,Pri/Sec,1.0,,,,,
Pyramid Hill,REGIONAL TRAIN,2.0,Pri/Sec,1.0,,,,,
Quambatook,REGIONAL COACH,1.0,,,,,,,
Quandong,,,,,,,,,
Quantong,REGIONAL BUS,1.0,,,,,,,
Quarry Hill,REGIONAL BUS,16.0,Primary,2.0,,,,,
Quarry Hill,REGIONAL TRAIN,1.0,Primary,2.0,,,,,
Queenscliff,REGIONAL BUS,11.0,Primary,2.0,,,,,
Queensferry,,,,,,,,,
Raglan,,,,,,,,,
Rainbow,REGIONAL BUS,1.0,Pri/Sec,1.0,,,,,
Ranceby,,,,,,,,,
Rathscar,,,,,,,,,
Rathscar West,,,,,,,,,
Ravenhall,METRO BUS,6.0,,,,,,,
Ravenhall,REGIONAL COACH,1.0,,,,,,,
Ravenhall,REGIONAL TRAIN,2.0,,,,,,,
Ravenswood,,,,,,,,,
Ravenswood South,,,,,,,,,
Rawson,,,Primary,1.0,,,,,
Raymond Island,,,,,,,,,
Raywood,REGIONAL COACH,1.0,Primary,1.0,,,,,
Raywood,REGIONAL TRAIN,2.0,Primary,1.0,,,,,
Red Cliffs,REGIONAL BUS,18.0,Primary,3.0,,,,,
Red Cliffs,REGIONAL BUS,18.0,Secondary,1.0,,,,,
Red Cliffs,REGIONAL COACH,1.0,Primary,3.0,,,,,
Red Cliffs,REGIONAL COACH,1.0,Secondary,1.0,,,,,
Red Hill,,,Primary,1.0,,,,,
Red Hill South,,,,,,,,,
Red Lion,,,,,,,,,
Redan,REGIONAL BUS,20.0,Primary,1.0,,,,,
Redan,REGIONAL COACH,1.0,Primary,1.0,,,,,
Redbank,,,,,,,,,
Redcastle,,,,,,,,,
Redesdale,,,Primary,1.0,,,,,
Reedy Creek,,,,,,,,,
Reedy Dam,,,,,,,,,
Reedy Flat,,,,,,,,,
Reedy Lake,,,,,,,,,
Reefton,,,,,,,,,
Research,METRO BUS,12.0,Pri/Sec,1.0,,,,,
Research,METRO BUS,12.0,Primary,1.0,,,,,
Reservoir,METRO BUS,232.0,Primary,9.0,North Eastern Melbourne,1 bedroom flat,2025-03-01,400.0,400.0
Reservoir,METRO BUS,232.0,Primary,9.0,North Eastern Melbourne,2 bedroom flat,2025-03-01,490.0,495.0
Reservoir,METRO BUS,232.0,Primary,9.0,North Eastern Melbourne,2 bedroom house,2025-03-01,500.0,500.0
Reservoir,METRO BUS,232.0,Primary,9.0,North Eastern Melbourne,3 bedroom flat,2025-03-01,600.0,635.0
Reservoir,METRO BUS,232.0,Primary,9.0,North Eastern Melbourne,3 bedroom house,2025-03-01,550.0,625.0
Reservoir,METRO BUS,232.0,Primary,9.0,North Eastern Melbourne,4 bedroom house,2025-03-01,665.0,810.0
Reservoir,METRO BUS,232.0,Primary,9.0,North Eastern Melbourne,All properties,2025-03-01,520.0,550.0
Reservoir,METRO BUS,232.0,Secondary,2.0,North Eastern Melbourne,1 bedroom flat,2025-03-01,400.0,400.0
Reservoir,METRO BUS,232.0,Secondary,2.0,North Eastern Melbourne,2 bedroom flat,2025-03-01,490.0,495.0
Reservoir,METRO BUS,232.0,Secondary,2.0,North Eastern Melbourne,2 bedroom house,2025-03-01,500.0,500.0
Reservoir,METRO BUS,232.0,Secondary,2.0,North Eastern Melbourne,3 bedroom flat,2025-03-01,600.0,635.0
Reservoir,METRO BUS,232.0,Secondary,2.0,North Eastern Melbourne,3 bedroom house,2025-03-01,550.0,625.0
Reservoir,METRO BUS,232.0,Secondary,2.0,North Eastern Melbourne,4 bedroom house,2025-03-01,665.0,810.0
Reservoir,METRO BUS,232.0,Secondary,2.0,North Eastern Melbourne,All properties,2025-03-01,520.0,550.0
Reservoir,METRO BUS,232.0,Special,2.0,North Eastern Melbourne,1 bedroom flat,2025-03-01,400.0,400.0
Reservoir,METRO BUS,232.0,Special,2.0,North Eastern Melbourne,2 bedroom flat,2025-03-01,490.0,495.0
Reservoir,METRO BUS,232.0,Special,2.0,North Eastern Melbourne,2 bedroom house,2025-03-01,500.0,500.0
Reservoir,METRO BUS,232.0,Special,2.0,North Eastern Melbourne,3 bedroom flat,2025-03-01,600.0,635.0
Reservoir,METRO BUS,232.0,Special,2.0,North Eastern Melbourne,3 bedroom house,2025-03-01,550.0,625.0
Reservoir,METRO BUS,232.0,Special,2.0,North Eastern Melbourne,4 bedroom house,2025-03-01,665.0,810.0
Reservoir,METRO BUS,232.0,Special,2.0,North Eastern Melbourne,All properties,2025-03-01,520.0,550.0
Reservoir,METRO TRAIN,28.0,Primary,9.0,North Eastern Melbourne,1 bedroom flat,2025-03-01,400.0,400.0
Reservoir,METRO TRAIN,28.0,Primary,9.0,North Eastern Melbourne,2 bedroom flat,2025-03-01,490.0,495.0
Reservoir,METRO TRAIN,28.0,Primary,9.0,North Eastern Melbourne,2 bedroom house,2025-03-01,500.0,500.0
Reservoir,METRO TRAIN,28.0,Primary,9.0,North Eastern Melbourne,3 bedroom flat,2025-03-01,600.0,635.0
Reservoir,METRO TRAIN,28.0,Primary,9.0,North Eastern Melbourne,3 bedroom house,2025-03-01,550.0,625.0
Reservoir,METRO TRAIN,28.0,Primary,9.0,North Eastern Melbourne,4 bedroom house,2025-03-01,665.0,810.0
Reservoir,METRO TRAIN,28.0,Primary,9.0,North Eastern Melbourne,All properties,2025-03-01,520.0,550.0
Reservoir,METRO TRAIN,28.0,Secondary,2.0,North Eastern Melbourne,1 bedroom flat,2025-03-01,400.0,400.0
Reservoir,METRO TRAIN,28.0,Secondary,2.0,North Eastern Melbourne,2 bedroom flat,2025-03-01,490.0,495.0
Reservoir,METRO TRAIN,28.0,Secondary,2.0,North Eastern Melbourne,2 bedroom house,2025-03-01,500.0,500.0
Reservoir,METRO TRAIN,28.0,Secondary,2.0,North Eastern Melbourne,3 bedroom flat,2025-03-01,600.0,635.0
Reservoir,METRO TRAIN,28.0,Secondary,2.0,North Eastern Melbourne,3 bedroom house,2025-03-01,550.0,625.0
Reservoir,METRO TRAIN,28.0,Secondary,2.0,North Eastern Melbourne,4 bedroom house,2025-03-01,665.0,810.0
Reservoir,METRO TRAIN,28.0,Secondary,2.0,North Eastern Melbourne,All properties,2025-03-01,520.0,550.0
Reservoir,METRO TRAIN,28.0,Special,2.0,North Eastern Melbourne,1 bedroom flat,2025-03-01,400.0,400.0
Reservoir,METRO TRAIN,28.0,Special,2.0,North Eastern Melbourne,2 bedroom flat,2025-03-01,490.0,495.0
Reservoir,METRO TRAIN,28.0,Special,2.0,North Eastern Melbourne,2 bedroom house,2025-03-01,500.0,500.0
Reservoir,METRO TRAIN,28.0,Special,2.0,North Eastern Melbourne,3 bedroom flat,2025-03-01,600.0,635.0
Reservoir,METRO TRAIN,28.0,Special,2.0,North Eastern Melbourne,3 bedroom house,2025-03-01,550.0,625.0
Reservoir,METRO TRAIN,28.0,Special,2.0,North Eastern Melbourne,4 bedroom house,2025-03-01,665.0,810.0
Reservoir,METRO TRAIN,28.0,Special,2.0,North Eastern Melbourne,All properties,2025-03-01,520.0,550.0
Reservoir,METRO TRAM,7.0,Primary,9.0,North Eastern Melbourne,1 bedroom flat,2025-03-01,400.0,400.0
Reservoir,METRO TRAM,7.0,Primary,9.0,North Eastern Melbourne,2 bedroom flat,2025-03-01,490.0,495.0
Reservoir,METRO TRAM,7.0,Primary,9.0,North Eastern Melbourne,2 bedroom house,2025-03-01,500.0,500.0
Reservoir,METRO TRAM,7.0,Primary,9.0,North Eastern Melbourne,3 bedroom flat,2025-03-01,600.0,635.0
Reservoir,METRO TRAM,7.0,Primary,9.0,North Eastern Melbourne,3 bedroom house,2025-03-01,550.0,625.0
Reservoir,METRO TRAM,7.0,Primary,9.0,North Eastern Melbourne,4 bedroom house,2025-03-01,665.0,810.0
Reservoir,METRO TRAM,7.0,Primary,9.0,North Eastern Melbourne,All properties,2025-03-01,520.0,550.0
Reservoir,METRO TRAM,7.0,Secondary,2.0,North Eastern Melbourne,1 bedroom flat,2025-03-01,400.0,400.0
Reservoir,METRO TRAM,7.0,Secondary,2.0,North Eastern Melbourne,2 bedroom flat,2025-03-01,490.0,495.0
Reservoir,METRO TRAM,7.0,Secondary,2.0,North Eastern Melbourne,2 bedroom house,2025-03-01,500.0,500.0
Reservoir,METRO TRAM,7.0,Secondary,2.0,North Eastern Melbourne,3 bedroom flat,2025-03-01,600.0,635.0
Reservoir,METRO TRAM,7.0,Secondary,2.0,North Eastern Melbourne,3 bedroom house,2025-03-01,550.0,625.0
Reservoir,METRO TRAM,7.0,Secondary,2.0,North Eastern Melbourne,4 bedroom house,2025-03-01,665.0,810.0
Reservoir,METRO TRAM,7.0,Secondary,2.0,North Eastern Melbourne,All properties,2025-03-01,520.0,550.0
Reservoir,METRO TRAM,7.0,Special,2.0,North Eastern Melbourne,1 bedroom flat,2025-03-01,400.0,400.0
Reservoir,METRO TRAM,7.0,Special,2.0,North Eastern Melbourne,2 bedroom flat,2025-03-01,490.0,495.0
Reservoir,METRO TRAM,7.0,Special,2.0,North Eastern Melbourne,2 bedroom house,2025-03-01,500.0,500.0
Reservoir,METRO TRAM,7.0,Special,2.0,North Eastern Melbourne,3 bedroom flat,2025-03-01,600.0,635.0
Reservoir,METRO TRAM,7.0,Special,2.0,North Eastern Melbourne,3 bedroom house,2025-03-01,550.0,625.0
Reservoir,METRO TRAM,7.0,Special,2.0,North Eastern Melbourne,4 bedroom house,2025-03-01,665.0,810.0
Reservoir,METRO TRAM,7.0,Special,2.0,North Eastern Melbourne,All properties,2025-03-01,520.0,550.0
Reynard,,,,,,,,,
Rheola,,,,,,,,,
Rhyll,REGIONAL BUS,7.0,Pri/Sec,1.0,,,,,
Rhyll,REGIONAL COACH,1.0,Pri/Sec,1.0,,,,,
Rhymney,,,,,,,,,
Riachella,,,,,,,,,
Rich Avon,,,,,,,,,
Rich Avon East,,,,,,,,,
Rich Avon West,,,,,,,,,
Richmond,METRO BUS,5.0,Primary,4.0,,,,,
Richmond,METRO BUS,5.0,Secondary,4.0,,,,,
Richmond,METRO TRAIN,22.0,Primary,4.0,,,,,
Richmond,METRO TRAIN,22.0,Secondary,4.0,,,,,
Richmond,METRO TRAM,39.0,Primary,4.0,,,,,
Richmond,METRO TRAM,39.0,Secondary,4.0,,,,,
Richmond,REGIONAL TRAIN,2.0,Primary,4.0,,,,,
Richmond,REGIONAL TRAIN,2.0,Secondary,4.0,,,,,
Richmond Plains,,,,,,,,,
Riddells Creek,REGIONAL BUS,2.0,Primary,1.0,,,,,
Riddells Creek,REGIONAL COACH,1.0,Primary,1.0,,,,,
Riddells Creek,REGIONAL TRAIN,2.0,Primary,1.0,,,,,
Riggs Creek,,,,,,,,,
Ringwood,METRO BUS,85.0,Pri/Sec,1.0,Outer Eastern Melbourne,1 bedroom flat,2025-03-01,430.0,378.0
Ringwood,METRO BUS,85.0,Pri/Sec,1.0,Outer Eastern Melbourne,2 bedroom flat,2025-03-01,500.0,498.0
Ringwood,METRO BUS,85.0,Pri/Sec,1.0,Outer Eastern Melbourne,2 bedroom house,2025-03-01,517.0,505.0
Ringwood,METRO BUS,85.0,Pri/Sec,1.0,Outer Eastern Melbourne,3 bedroom flat,2025-03-01,620.0,590.0
Ringwood,METRO BUS,85.0,Pri/Sec,1.0,Outer Eastern Melbourne,3 bedroom house,2025-03-01,600.0,585.0
Ringwood,METRO BUS,85.0,Pri/Sec,1.0,Outer Eastern Melbourne,4 bedroom house,2025-03-01,720.0,700.0
Ringwood,METRO BUS,85.0,Pri/Sec,1.0,Outer Eastern Melbourne,All properties,2025-03-01,550.0,570.0
Ringwood,METRO BUS,85.0,Primary,3.0,Outer Eastern Melbourne,1 bedroom flat,2025-03-01,430.0,378.0
Ringwood,METRO BUS,85.0,Primary,3.0,Outer Eastern Melbourne,2 bedroom flat,2025-03-01,500.0,498.0
Ringwood,METRO BUS,85.0,Primary,3.0,Outer Eastern Melbourne,2 bedroom house,2025-03-01,517.0,505.0
Ringwood,METRO BUS,85.0,Primary,3.0,Outer Eastern Melbourne,3 bedroom flat,2025-03-01,620.0,590.0
Ringwood,METRO BUS,85.0,Primary,3.0,Outer Eastern Melbourne,3 bedroom house,2025-03-01,600.0,585.0
Ringwood,METRO BUS,85.0,Primary,3.0,Outer Eastern Melbourne,4 bedroom house,2025-03-01,720.0,700.0
Ringwood,METRO BUS,85.0,Primary,3.0,Outer Eastern Melbourne,All properties,2025-03-01,550.0,570.0
Ringwood,METRO BUS,85.0,Secondary,3.0,Outer Eastern Melbourne,1 bedroom flat,2025-03-01,430.0,378.0
Ringwood,METRO BUS,85.0,Secondary,3.0,Outer Eastern Melbourne,2 bedroom flat,2025-03-01,500.0,498.0
Ringwood,METRO BUS,85.0,Secondary,3.0,Outer Eastern Melbourne,2 bedroom house,2025-03-01,517.0,505.0
Ringwood,METRO BUS,85.0,Secondary,3.0,Outer Eastern Melbourne,3 bedroom flat,2025-03-01,620.0,590.0
Ringwood,METRO BUS,85.0,Secondary,3.0,Outer Eastern Melbourne,3 bedroom house,2025-03-01,600.0,585.0
Ringwood,METRO BUS,85.0,Secondary,3.0,Outer Eastern Melbourne,4 bedroom house,2025-03-01,720.0,700.0
Ringwood,METRO BUS,85.0,Secondary,3.0,Outer Eastern Melbourne,All properties,2025-03-01,550.0,570.0
Ringwood,METRO TRAIN,4.0,Pri/Sec,1.0,Outer Eastern Melbourne,1 bedroom flat,2025-03-01,430.0,378.0
Ringwood,METRO TRAIN,4.0,Pri/Sec,1.0,Outer Eastern Melbourne,2 bedroom flat,2025-03-01,500.0,498.0
Ringwood,METRO TRAIN,4.0,Pri/Sec,1.0,Outer Eastern Melbourne,2 bedroom house,2025-03-01,517.0,505.0
Ringwood,METRO TRAIN,4.0,Pri/Sec,1.0,Outer Eastern Melbourne,3 bedroom flat,2025-03-01,620.0,590.0
Ringwood,METRO TRAIN,4.0,Pri/Sec,1.0,Outer Eastern Melbourne,3 bedroom house,2025-03-01,600.0,585.0
Ringwood,METRO TRAIN,4.0,Pri/Sec,1.0,Outer Eastern Melbourne,4 bedroom house,2025-03-01,720.0,700.0
Ringwood,METRO TRAIN,4.0,Pri/Sec,1.0,Outer Eastern Melbourne,All properties,2025-03-01,550.0,570.0
Ringwood,METRO TRAIN,4.0,Primary,3.0,Outer Eastern Melbourne,1 bedroom flat,2025-03-01,430.0,378.0
Ringwood,METRO TRAIN,4.0,Primary,3.0,Outer Eastern Melbourne,2 bedroom flat,2025-03-01,500.0,498.0
Ringwood,METRO TRAIN,4.0,Primary,3.0,Outer Eastern Melbourne,2 bedroom house,2025-03-01,517.0,505.0
Ringwood,METRO TRAIN,4.0,Primary,3.0,Outer Eastern Melbourne,3 bedroom flat,2025-03-01,620.0,590.0
Ringwood,METRO TRAIN,4.0,Primary,3.0,Outer Eastern Melbourne,3 bedroom house,2025-03-01,600.0,585.0
Ringwood,METRO TRAIN,4.0,Primary,3.0,Outer Eastern Melbourne,4 bedroom house,2025-03-01,720.0,700.0
Ringwood,METRO TRAIN,4.0,Primary,3.0,Outer Eastern Melbourne,All properties,2025-03-01,550.0,570.0
Ringwood,METRO TRAIN,4.0,Secondary,3.0,Outer Eastern Melbourne,1 bedroom flat,2025-03-01,430.0,378.0
Ringwood,METRO TRAIN,4.0,Secondary,3.0,Outer Eastern Melbourne,2 bedroom flat,2025-03-01,500.0,498.0
Ringwood,METRO TRAIN,4.0,Secondary,3.0,Outer Eastern Melbourne,2 bedroom house,2025-03-01,517.0,505.0
Ringwood,METRO TRAIN,4.0,Secondary,3.0,Outer Eastern Melbourne,3 bedroom flat,2025-03-01,620.0,590.0
Ringwood,METRO TRAIN,4.0,Secondary,3.0,Outer Eastern Melbourne,3 bedroom house,2025-03-01,600.0,585.0
Ringwood,METRO TRAIN,4.0,Secondary,3.0,Outer Eastern Melbourne,4 bedroom house,2025-03-01,720.0,700.0
Ringwood,METRO TRAIN,4.0,Secondary,3.0,Outer Eastern Melbourne,All properties,2025-03-01,550.0,570.0
Ringwood,REGIONAL COACH,1.0,Pri/Sec,1.0,Outer Eastern Melbourne,1 bedroom flat,2025-03-01,430.0,378.0
Ringwood,REGIONAL COACH,1.0,Pri/Sec,1.0,Outer Eastern Melbourne,2 bedroom flat,2025-03-01,500.0,498.0
Ringwood,REGIONAL COACH,1.0,Pri/Sec,1.0,Outer Eastern Melbourne,2 bedroom house,2025-03-01,517.0,505.0
Ringwood,REGIONAL COACH,1.0,Pri/Sec,1.0,Outer Eastern Melbourne,3 bedroom flat,2025-03-01,620.0,590.0
Ringwood,REGIONAL COACH,1.0,Pri/Sec,1.0,Outer Eastern Melbourne,3 bedroom house,2025-03-01,600.0,585.0
Ringwood,REGIONAL COACH,1.0,Pri/Sec,1.0,Outer Eastern Melbourne,4 bedroom house,2025-03-01,720.0,700.0
Ringwood,REGIONAL COACH,1.0,Pri/Sec,1.0,Outer Eastern Melbourne,All properties,2025-03-01,550.0,570.0
Ringwood,REGIONAL COACH,1.0,Primary,3.0,Outer Eastern Melbourne,1 bedroom flat,2025-03-01,430.0,378.0
Ringwood,REGIONAL COACH,1.0,Primary,3.0,Outer Eastern Melbourne,2 bedroom flat,2025-03-01,500.0,498.0
Ringwood,REGIONAL COACH,1.0,Primary,3.0,Outer Eastern Melbourne,2 bedroom house,2025-03-01,517.0,505.0
Ringwood,REGIONAL COACH,1.0,Primary,3.0,Outer Eastern Melbourne,3 bedroom flat,2025-03-01,620.0,590.0
Ringwood,REGIONAL COACH,1.0,Primary,3.0,Outer Eastern Melbourne,3 bedroom house,2025-03-01,600.0,585.0
Ringwood,REGIONAL COACH,1.0,Primary,3.0,Outer Eastern Melbourne,4 bedroom house,2025-03-01,720.0,700.0
Ringwood,REGIONAL COACH,1.0,Primary,3.0,Outer Eastern Melbourne,All properties,2025-03-01,550.0,570.0
Ringwood,REGIONAL COACH,1.0,Secondary,3.0,Outer Eastern Melbourne,1 bedroom flat,2025-03-01,430.0,378.0
Ringwood,REGIONAL COACH,1.0,Secondary,3.0,Outer Eastern Melbourne,2 bedroom flat,2025-03-01,500.0,498.0
Ringwood,REGIONAL COACH,1.0,Secondary,3.0,Outer Eastern Melbourne,2 bedroom house,2025-03-01,517.0,505.0
Ringwood,REGIONAL COACH,1.0,Secondary,3.0,Outer Eastern Melbourne,3 bedroom flat,2025-03-01,620.0,590.0
Ringwood,REGIONAL COACH,1.0,Secondary,3.0,Outer Eastern Melbourne,3 bedroom house,2025-03-01,600.0,585.0
Ringwood,REGIONAL COACH,1.0,Secondary,3.0,Outer Eastern Melbourne,4 bedroom house,2025-03-01,720.0,700.0
Ringwood,REGIONAL COACH,1.0,Secondary,3.0,Outer Eastern Melbourne,All properties,2025-03-01,550.0,570.0
Ringwood East,METRO BUS,18.0,Pri/Sec,1.0,,,,,
Ringwood East,METRO BUS,18.0,Primary,2.0,,,,,
Ringwood East,METRO TRAIN,2.0,Pri/Sec,1.0,,,,,
Ringwood East,METRO TRAIN,2.0,Primary,2.0,,,,,
Ringwood North,METRO BUS,50.0,Primary,3.0,,,,,
Ripplebrook,REGIONAL BUS,3.0,Primary,1.0,,,,,
Rippleside,REGIONAL BUS,3.0,,,,,,,
Rippleside,REGIONAL COACH,1.0,,,,,,,
Ripponlea,METRO BUS,7.0,,,,,,,
Ripponlea,METRO TRAIN,3.0,,,,,,,
Ripponlea,METRO TRAM,4.0,,,,,,,
Riverside,,,,,,,,,
Riverslea,,,,,,,,,
Robertsons Beach,,,,,,,,,
Robinvale,REGIONAL BUS,3.0,Pri/Sec,2.0,,,,,
Robinvale,REGIONAL COACH,1.0,Pri/Sec,2.0,,,,,
Rochester,REGIONAL BUS,21.0,Primary,2.0,,,,,
Rochester,REGIONAL BUS,21.0,Secondary,1.0,,,,,
Rochester,REGIONAL COACH,1.0,Primary,2.0,,,,,
Rochester,REGIONAL COACH,1.0,Secondary,1.0,,,,,
Rochester,REGIONAL TRAIN,2.0,Primary,2.0,,,,,
Rochester,REGIONAL TRAIN,2.0,Secondary,1.0,,,,,
Rochford,,,,,,,,,
Rockbank,METRO BUS,9.0,Primary,1.0,,,,,
Rockbank,REGIONAL COACH,1.0,Primary,1.0,,,,,
Rockbank,REGIONAL TRAIN,2.0,Primary,1.0,,,,,
Rocklands,,,,,,,,,
Rocklyn,,,,,,,,,
Rocky Point,,,,,,,,,
Rokeby,REGIONAL BUS,1.0,,,,,,,
Rokewood,REGIONAL BUS,1.0,Primary,1.0,,,,,
Rokewood Junction,,,,,,,,,
Romsey,REGIONAL BUS,4.0,Primary,1.0,,,,,
Romsey,REGIONAL COACH,1.0,Primary,1.0,,,,,
Rosanna,METRO BUS,27.0,Primary,4.0,,,,,
Rosanna,METRO TRAIN,3.0,Primary,4.0,,,,,
Rose River,,,,,,,,,
Rosebery,REGIONAL COACH,1.0,,,,,,,
Rosebrook,,,,,,,,,
Rosebud,METRO BUS,25.0,Primary,2.0,,,,,
Rosebud,METRO BUS,25.0,Secondary,1.0,,,,,
Rosebud,METRO BUS,25.0,Special,1.0,,,,,
Rosedale,REGIONAL COACH,2.0,Primary,1.0,,,,,
Rosedale,REGIONAL TRAIN,2.0,Primary,1.0,,,,,
Roses Gap,,,,,,,,,
Rosewhite,,,,,,,,,
Roslynmead,,,,,,,,,
Ross Creek,REGIONAL BUS,1.0,,,,,,,
Rossbridge,,,,,,,,,
Rostron,,,,,,,,,
Rowsley,,,,,,,,,
Rowville,METRO BUS,89.0,Primary,5.0,Outer Eastern Melbourne,1 bedroom flat,2024-06-01,378.0,378.0
Rowville,METRO BUS,89.0,Primary,5.0,Outer Eastern Melbourne,2 bedroom flat,2025-03-01,530.0,498.0
Rowville,METRO BUS,89.0,Primary,5.0,Outer Eastern Melbourne,2 bedroom house,2025-03-01,550.0,505.0
Rowville,METRO BUS,89.0,Primary,5.0,Outer Eastern Melbourne,3 bedroom flat,2025-03-01,625.0,590.0
Rowville,METRO BUS,89.0,Primary,5.0,Outer Eastern Melbourne,3 bedroom house,2025-03-01,600.0,585.0
Rowville,METRO BUS,89.0,Primary,5.0,Outer Eastern Melbourne,4 bedroom house,2025-03-01,730.0,700.0
Rowville,METRO BUS,89.0,Primary,5.0,Outer Eastern Melbourne,All properties,2025-03-01,647.0,570.0
Rowville,METRO BUS,89.0,Secondary,1.0,Outer Eastern Melbourne,1 bedroom flat,2024-06-01,378.0,378.0
Rowville,METRO BUS,89.0,Secondary,1.0,Outer Eastern Melbourne,2 bedroom flat,2025-03-01,530.0,498.0
Rowville,METRO BUS,89.0,Secondary,1.0,Outer Eastern Melbourne,2 bedroom house,2025-03-01,550.0,505.0
Rowville,METRO BUS,89.0,Secondary,1.0,Outer Eastern Melbourne,3 bedroom flat,2025-03-01,625.0,590.0
Rowville,METRO BUS,89.0,Secondary,1.0,Outer Eastern Melbourne,3 bedroom house,2025-03-01,600.0,585.0
Rowville,METRO BUS,89.0,Secondary,1.0,Outer Eastern Melbourne,4 bedroom house,2025-03-01,730.0,700.0
Rowville,METRO BUS,89.0,Secondary,1.0,Outer Eastern Melbourne,All properties,2025-03-01,647.0,570.0
Roxburgh Park,METRO BUS,40.0,Primary,4.0,,,,,
Roxburgh Park,METRO BUS,40.0,Secondary,1.0,,,,,
Roxburgh Park,METRO TRAIN,3.0,Primary,4.0,,,,,
Roxburgh Park,METRO TRAIN,3.0,Secondary,1.0,,,,,
Rubicon,,,,,,,,,
Ruby,,,,,,,,,
Ruffy,,,,,,,,,
Running Creek,REGIONAL BUS,1.0,,,,,,,
Runnymede,,,,,,,,,
Rupanyup,REGIONAL BUS,1.0,Primary,1.0,,,,,
Rupanyup,REGIONAL COACH,1.0,Primary,1.0,,,,,
Rushworth,REGIONAL BUS,1.0,Pri/Sec,1.0,,,,,
Rushworth,REGIONAL BUS,1.0,Primary,1.0,,,,,
Rushworth,REGIONAL COACH,2.0,Pri/Sec,1.0,,,,,
Rushworth,REGIONAL COACH,2.0,Primary,1.0,,,,,
Russells Bridge,,,,,,,,,
Rutherglen,REGIONAL BUS,2.0,Primary,2.0,,,,,
Rutherglen,REGIONAL BUS,2.0,Secondary,1.0,,,,,
Rutherglen,REGIONAL COACH,1.0,Primary,2.0,,,,,
Rutherglen,REGIONAL COACH,1.0,Secondary,1.0,,,,,
Ryans,,,,,,,,,
Ryanston,,,Secondary,1.0,,,,,
Rye,METRO BUS,39.0,Primary,1.0,,,,,
Rythdale,,,,,,,,,
Safety Beach,METRO BUS,14.0,,,,,,,
Sailors Falls,,,,,,,,,
Sailors Gully,,,Primary,1.0,,,,,
Sailors Hill,,,,,,,,,
Sale,REGIONAL BUS,59.0,Pri/Sec,1.0,,,,,
Sale,REGIONAL BUS,59.0,Primary,5.0,,,,,
Sale,REGIONAL BUS,59.0,Secondary,2.0,,,,,
Sale,REGIONAL BUS,59.0,Special,1.0,,,,,
Sale,REGIONAL COACH,2.0,Pri/Sec,1.0,,,,,
Sale,REGIONAL COACH,2.0,Primary,5.0,,,,,
Sale,REGIONAL COACH,2.0,Secondary,2.0,,,,,
Sale,REGIONAL COACH,2.0,Special,1.0,,,,,
Sale,REGIONAL TRAIN,2.0,Pri/Sec,1.0,,,,,
Sale,REGIONAL TRAIN,2.0,Primary,5.0,,,,,
Sale,REGIONAL TRAIN,2.0,Secondary,2.0,,,,,
Sale,REGIONAL TRAIN,2.0,Special,1.0,,,,,
Salisbury West,,,,,,,,,
Samaria,,,,,,,,,
San Remo,REGIONAL BUS,8.0,Primary,1.0,,,,,
San Remo,REGIONAL COACH,1.0,Primary,1.0,,,,,
Sandford,,,,,,,,,
Sandhill Lake,,,,,,,,,
Sandhurst,METRO BUS,4.0,,,,,,,
Sandon,,,,,,,,,
Sandringham,METRO BUS,28.0,Primary,3.0,,,,,
Sandringham,METRO BUS,28.0,Secondary,1.0,,,,,
Sandringham,METRO TRAIN,3.0,Primary,3.0,,,,,
Sandringham,METRO TRAIN,3.0,Secondary,1.0,,,,,
Sandy Creek,,,Primary,1.0,,,,,
Sandy Point,,,,,,,,,
Sargood,,,,,,,,,
Sarsfield,,,,,,,,,
Sassafras,METRO BUS,8.0,Pri/Sec,1.0,,,,,
Sassafras,METRO BUS,8.0,Primary,1.0,,,,,
Sawmill Settlement,,,,,,,,,
Scarsdale,REGIONAL COACH,1.0,,,,,,,
Scoresby,METRO BUS,41.0,Primary,2.0,,,,,
Scoresby,METRO BUS,41.0,Secondary,1.0,,,,,
Scotchmans Lead,,,,,,,,,
Scotsburn,,,,,,,,,
Scotts Creek,REGIONAL BUS,1.0,,,,,,,
Sea Lake,REGIONAL BUS,1.0,Pri/Sec,1.0,,,,,
Sea Lake,REGIONAL BUS,1.0,Primary,1.0,,,,,
Sea Lake,REGIONAL COACH,1.0,Pri/Sec,1.0,,,,,
Sea Lake,REGIONAL COACH,1.0,Primary,1.0,,,,,
Seabrook,METRO BUS,6.0,Primary,1.0,,,,,
Seacombe,,,,,,,,,
Seaford,METRO BUS,57.0,Primary,6.0,,,,,
Seaford,METRO BUS,57.0,Secondary,1.0,,,,,
Seaford,METRO BUS,57.0,Special,1.0,,,,,
Seaford,METRO TRAIN,4.0,Primary,6.0,,,,,
Seaford,METRO TRAIN,4.0,Secondary,1.0,,,,,
Seaford,METRO TRAIN,4.0,Special,1.0,,,,,
Seaholme,METRO BUS,4.0,Primary,1.0,,,,,
Seaholme,METRO TRAIN,3.0,Primary,1.0,,,,,
Seaspray,REGIONAL BUS,3.0,,,,,,,
Seaton,,,,,,,,,
Seaview,,,,,,,,,
Sebastian,REGIONAL COACH,1.0,,,,,,,
Sebastopol,REGIONAL BUS,35.0,Pri/Sec,2.0,,,,,
Sebastopol,REGIONAL BUS,35.0,Primary,2.0,,,,,
Seddon,METRO BUS,17.0,,,,,,,
Seddon,METRO TRAIN,3.0,,,,,,,
Sedgwick,,,,,,,,,
Selby,METRO BUS,7.0,Primary,1.0,,,,,
Selwyn,,,,,,,,,
Separation Creek,,,,,,,,,
Serpentine,REGIONAL COACH,1.0,,,,,,,
Serviceton,,,,,,,,,
Seville,METRO BUS,7.0,Primary,1.0,,,,,
Seville East,METRO BUS,3.0,,,,,,,
Seymour,REGIONAL BUS,50.0,Pri/Sec,2.0,Other Regional Centres,1 bedroom flat,2025-03-01,288.0,275.0
Seymour,REGIONAL BUS,50.0,Pri/Sec,2.0,Other Regional Centres,2 bedroom flat,2025-03-01,350.0,360.0
Seymour,REGIONAL BUS,50.0,Pri/Sec,2.0,Other Regional Centres,2 bedroom house,2025-03-01,385.0,385.0
Seymour,REGIONAL BUS,50.0,Pri/Sec,2.0,Other Regional Centres,3 bedroom house,2025-03-01,410.0,450.0
Seymour,REGIONAL BUS,50.0,Pri/Sec,2.0,Other Regional Centres,4 bedroom house,2025-03-01,530.0,555.0
Seymour,REGIONAL BUS,50.0,Pri/Sec,2.0,Other Regional Centres,All properties,2025-03-01,400.0,440.0
Seymour,REGIONAL COACH,1.0,Pri/Sec,2.0,Other Regional Centres,1 bedroom flat,2025-03-01,288.0,275.0
Seymour,REGIONAL COACH,1.0,Pri/Sec,2.0,Other Regional Centres,2 bedroom flat,2025-03-01,350.0,360.0
Seymour,REGIONAL COACH,1.0,Pri/Sec,2.0,Other Regional Centres,2 bedroom house,2025-03-01,385.0,385.0
Seymour,REGIONAL COACH,1.0,Pri/Sec,2.0,Other Regional Centres,3 bedroom house,2025-03-01,410.0,450.0
Seymour,REGIONAL COACH,1.0,Pri/Sec,2.0,Other Regional Centres,4 bedroom house,2025-03-01,530.0,555.0
Seymour,REGIONAL COACH,1.0,Pri/Sec,2.0,Other Regional Centres,All properties,2025-03-01,400.0,440.0
Seymour,REGIONAL TRAIN,2.0,Pri/Sec,2.0,Other Regional Centres,1 bedroom flat,2025-03-01,288.0,275.0
Seymour,REGIONAL TRAIN,2.0,Pri/Sec,2.0,Other Regional Centres,2 bedroom flat,2025-03-01,350.0,360.0
Seymour,REGIONAL TRAIN,2.0,Pri/Sec,2.0,Other Regional Centres,2 bedroom house,2025-03-01,385.0,385.0
Seymour,REGIONAL TRAIN,2.0,Pri/Sec,2.0,Other Regional Centres,3 bedroom house,2025-03-01,410.0,450.0
Seymour,REGIONAL TRAIN,2.0,Pri/Sec,2.0,Other Regional Centres,4 bedroom house,2025-03-01,530.0,555.0
Seymour,REGIONAL TRAIN,2.0,Pri/Sec,2.0,Other Regional Centres,All properties,2025-03-01,400.0,440.0
Shady Creek,,,,,,,,,
Shannonvale,,,,,,,,,
Shays Flat,,,,,,,,,
She Oaks,,,,,,,,,
Sheans Creek,,,,,,,,,
Sheep Hills,REGIONAL COACH,1.0,,,,,,,
Shelbourne,,,,,,,,,
Shelford,,,Primary,1.0,,,,,
Shelley,,,,,,,,,
Shepherds Flat,,,,,,,,,
Shepparton,REGIONAL BUS,196.0,Pri/Sec,1.0,Other Regional Centres,1 bedroom flat,2025-03-01,280.0,275.0
Shepparton,REGIONAL BUS,196.0,Pri/Sec,1.0,Other Regional Centres,2 bedroom flat,2025-03-01,370.0,360.0
Shepparton,REGIONAL BUS,196.0,Pri/Sec,1.0,Other Regional Centres,2 bedroom house,2025-03-01,383.0,385.0
Shepparton,REGIONAL BUS,196.0,Pri/Sec,1.0,Other Regional Centres,3 bedroom flat,2025-03-01,480.0,450.0
Shepparton,REGIONAL BUS,196.0,Pri/Sec,1.0,Other Regional Centres,3 bedroom house,2025-03-01,450.0,450.0
Shepparton,REGIONAL BUS,196.0,Pri/Sec,1.0,Other Regional Centres,4 bedroom house,2025-03-01,578.0,555.0
Shepparton,REGIONAL BUS,196.0,Pri/Sec,1.0,Other Regional Centres,All properties,2025-03-01,450.0,440.0
Shepparton,REGIONAL BUS,196.0,Primary,7.0,Other Regional Centres,1 bedroom flat,2025-03-01,280.0,275.0
Shepparton,REGIONAL BUS,196.0,Primary,7.0,Other Regional Centres,2 bedroom flat,2025-03-01,370.0,360.0
Shepparton,REGIONAL BUS,196.0,Primary,7.0,Other Regional Centres,2 bedroom house,2025-03-01,383.0,385.0
Shepparton,REGIONAL BUS,196.0,Primary,7.0,Other Regional Centres,3 bedroom flat,2025-03-01,480.0,450.0
Shepparton,REGIONAL BUS,196.0,Primary,7.0,Other Regional Centres,3 bedroom house,2025-03-01,450.0,450.0
Shepparton,REGIONAL BUS,196.0,Primary,7.0,Other Regional Centres,4 bedroom house,2025-03-01,578.0,555.0
Shepparton,REGIONAL BUS,196.0,Primary,7.0,Other Regional Centres,All properties,2025-03-01,450.0,440.0
Shepparton,REGIONAL BUS,196.0,Secondary,3.0,Other Regional Centres,1 bedroom flat,2025-03-01,280.0,275.0
Shepparton,REGIONAL BUS,196.0,Secondary,3.0,Other Regional Centres,2 bedroom flat,2025-03-01,370.0,360.0
Shepparton,REGIONAL BUS,196.0,Secondary,3.0,Other Regional Centres,2 bedroom house,2025-03-01,383.0,385.0
Shepparton,REGIONAL BUS,196.0,Secondary,3.0,Other Regional Centres,3 bedroom flat,2025-03-01,480.0,450.0
Shepparton,REGIONAL BUS,196.0,Secondary,3.0,Other Regional Centres,3 bedroom house,2025-03-01,450.0,450.0
Shepparton,REGIONAL BUS,196.0,Secondary,3.0,Other Regional Centres,4 bedroom house,2025-03-01,578.0,555.0
Shepparton,REGIONAL BUS,196.0,Secondary,3.0,Other Regional Centres,All properties,2025-03-01,450.0,440.0
Shepparton,REGIONAL BUS,196.0,Special,1.0,Other Regional Centres,1 bedroom flat,2025-03-01,280.0,275.0
Shepparton,REGIONAL BUS,196.0,Special,1.0,Other Regional Centres,2 bedroom flat,2025-03-01,370.0,360.0
Shepparton,REGIONAL BUS,196.0,Special,1.0,Other Regional Centres,2 bedroom house,2025-03-01,383.0,385.0
Shepparton,REGIONAL BUS,196.0,Special,1.0,Other Regional Centres,3 bedroom flat,2025-03-01,480.0,450.0
Shepparton,REGIONAL BUS,196.0,Special,1.0,Other Regional Centres,3 bedroom house,2025-03-01,450.0,450.0
Shepparton,REGIONAL BUS,196.0,Special,1.0,Other Regional Centres,4 bedroom house,2025-03-01,578.0,555.0
Shepparton,REGIONAL BUS,196.0,Special,1.0,Other Regional Centres,All properties,2025-03-01,450.0,440.0
Shepparton,REGIONAL COACH,3.0,Pri/Sec,1.0,Other Regional Centres,1 bedroom flat,2025-03-01,280.0,275.0
Shepparton,REGIONAL COACH,3.0,Pri/Sec,1.0,Other Regional Centres,2 bedroom flat,2025-03-01,370.0,360.0
Shepparton,REGIONAL COACH,3.0,Pri/Sec,1.0,Other Regional Centres,2 bedroom house,2025-03-01,383.0,385.0
Shepparton,REGIONAL COACH,3.0,Pri/Sec,1.0,Other Regional Centres,3 bedroom flat,2025-03-01,480.0,450.0
Shepparton,REGIONAL COACH,3.0,Pri/Sec,1.0,Other Regional Centres,3 bedroom house,2025-03-01,450.0,450.0
Shepparton,REGIONAL COACH,3.0,Pri/Sec,1.0,Other Regional Centres,4 bedroom house,2025-03-01,578.0,555.0
Shepparton,REGIONAL COACH,3.0,Pri/Sec,1.0,Other Regional Centres,All properties,2025-03-01,450.0,440.0
Shepparton,REGIONAL COACH,3.0,Primary,7.0,Other Regional Centres,1 bedroom flat,2025-03-01,280.0,275.0
Shepparton,REGIONAL COACH,3.0,Primary,7.0,Other Regional Centres,2 bedroom flat,2025-03-01,370.0,360.0
Shepparton,REGIONAL COACH,3.0,Primary,7.0,Other Regional Centres,2 bedroom house,2025-03-01,383.0,385.0
Shepparton,REGIONAL COACH,3.0,Primary,7.0,Other Regional Centres,3 bedroom flat,2025-03-01,480.0,450.0
Shepparton,REGIONAL COACH,3.0,Primary,7.0,Other Regional Centres,3 bedroom house,2025-03-01,450.0,450.0
Shepparton,REGIONAL COACH,3.0,Primary,7.0,Other Regional Centres,4 bedroom house,2025-03-01,578.0,555.0
Shepparton,REGIONAL COACH,3.0,Primary,7.0,Other Regional Centres,All properties,2025-03-01,450.0,440.0
Shepparton,REGIONAL COACH,3.0,Secondary,3.0,Other Regional Centres,1 bedroom flat,2025-03-01,280.0,275.0
Shepparton,REGIONAL COACH,3.0,Secondary,3.0,Other Regional Centres,2 bedroom flat,2025-03-01,370.0,360.0
Shepparton,REGIONAL COACH,3.0,Secondary,3.0,Other Regional Centres,2 bedroom house,2025-03-01,383.0,385.0
Shepparton,REGIONAL COACH,3.0,Secondary,3.0,Other Regional Centres,3 bedroom flat,2025-03-01,480.0,450.0
Shepparton,REGIONAL COACH,3.0,Secondary,3.0,Other Regional Centres,3 bedroom house,2025-03-01,450.0,450.0
Shepparton,REGIONAL COACH,3.0,Secondary,3.0,Other Regional Centres,4 bedroom house,2025-03-01,578.0,555.0
Shepparton,REGIONAL COACH,3.0,Secondary,3.0,Other Regional Centres,All properties,2025-03-01,450.0,440.0
Shepparton,REGIONAL COACH,3.0,Special,1.0,Other Regional Centres,1 bedroom flat,2025-03-01,280.0,275.0
Shepparton,REGIONAL COACH,3.0,Special,1.0,Other Regional Centres,2 bedroom flat,2025-03-01,370.0,360.0
Shepparton,REGIONAL COACH,3.0,Special,1.0,Other Regional Centres,2 bedroom house,2025-03-01,383.0,385.0
Shepparton,REGIONAL COACH,3.0,Special,1.0,Other Regional Centres,3 bedroom flat,2025-03-01,480.0,450.0
Shepparton,REGIONAL COACH,3.0,Special,1.0,Other Regional Centres,3 bedroom house,2025-03-01,450.0,450.0
Shepparton,REGIONAL COACH,3.0,Special,1.0,Other Regional Centres,4 bedroom house,2025-03-01,578.0,555.0
Shepparton,REGIONAL COACH,3.0,Special,1.0,Other Regional Centres,All properties,2025-03-01,450.0,440.0
Shepparton,REGIONAL TRAIN,2.0,Pri/Sec,1.0,Other Regional Centres,1 bedroom flat,2025-03-01,280.0,275.0
Shepparton,REGIONAL TRAIN,2.0,Pri/Sec,1.0,Other Regional Centres,2 bedroom flat,2025-03-01,370.0,360.0
Shepparton,REGIONAL TRAIN,2.0,Pri/Sec,1.0,Other Regional Centres,2 bedroom house,2025-03-01,383.0,385.0
Shepparton,REGIONAL TRAIN,2.0,Pri/Sec,1.0,Other Regional Centres,3 bedroom flat,2025-03-01,480.0,450.0
Shepparton,REGIONAL TRAIN,2.0,Pri/Sec,1.0,Other Regional Centres,3 bedroom house,2025-03-01,450.0,450.0
Shepparton,REGIONAL TRAIN,2.0,Pri/Sec,1.0,Other Regional Centres,4 bedroom house,2025-03-01,578.0,555.0
Shepparton,REGIONAL TRAIN,2.0,Pri/Sec,1.0,Other Regional Centres,All properties,2025-03-01,450.0,440.0
Shepparton,REGIONAL TRAIN,2.0,Primary,7.0,Other Regional Centres,1 bedroom flat,2025-03-01,280.0,275.0
Shepparton,REGIONAL TRAIN,2.0,Primary,7.0,Other Regional Centres,2 bedroom flat,2025-03-01,370.0,360.0
Shepparton,REGIONAL TRAIN,2.0,Primary,7.0,Other Regional Centres,2 bedroom house,2025-03-01,383.0,385.0
Shepparton,REGIONAL TRAIN,2.0,Primary,7.0,Other Regional Centres,3 bedroom flat,2025-03-01,480.0,450.0
Shepparton,REGIONAL TRAIN,2.0,Primary,7.0,Other Regional Centres,3 bedroom house,2025-03-01,450.0,450.0
Shepparton,REGIONAL TRAIN,2.0,Primary,7.0,Other Regional Centres,4 bedroom house,2025-03-01,578.0,555.0
Shepparton,REGIONAL TRAIN,2.0,Primary,7.0,Other Regional Centres,All properties,2025-03-01,450.0,440.0
Shepparton,REGIONAL TRAIN,2.0,Secondary,3.0,Other Regional Centres,1 bedroom flat,2025-03-01,280.0,275.0
Shepparton,REGIONAL TRAIN,2.0,Secondary,3.0,Other Regional Centres,2 bedroom flat,2025-03-01,370.0,360.0
Shepparton,REGIONAL TRAIN,2.0,Secondary,3.0,Other Regional Centres,2 bedroom house,2025-03-01,383.0,385.0
Shepparton,REGIONAL TRAIN,2.0,Secondary,3.0,Other Regional Centres,3 bedroom flat,2025-03-01,480.0,450.0
Shepparton,REGIONAL TRAIN,2.0,Secondary,3.0,Other Regional Centres,3 bedroom house,2025-03-01,450.0,450.0
Shepparton,REGIONAL TRAIN,2.0,Secondary,3.0,Other Regional Centres,4 bedroom house,2025-03-01,578.0,555.0
Shepparton,REGIONAL TRAIN,2.0,Secondary,3.0,Other Regional Centres,All properties,2025-03-01,450.0,440.0
Shepparton,REGIONAL TRAIN,2.0,Special,1.0,Other Regional Centres,1 bedroom flat,2025-03-01,280.0,275.0
Shepparton,REGIONAL TRAIN,2.0,Special,1.0,Other Regional Centres,2 bedroom flat,2025-03-01,370.0,360.0
Shepparton,REGIONAL TRAIN,2.0,Special,1.0,Other Regional Centres,2 bedroom house,2025-03-01,383.0,385.0
Shepparton,REGIONAL TRAIN,2.0,Special,1.0,Other Regional Centres,3 bedroom flat,2025-03-01,480.0,450.0
Shepparton,REGIONAL TRAIN,2.0,Special,1.0,Other Regional Centres,3 bedroom house,2025-03-01,450.0,450.0
Shepparton,REGIONAL TRAIN,2.0,Special,1.0,Other Regional Centres,4 bedroom house,2025-03-01,578.0,555.0
Shepparton,REGIONAL TRAIN,2.0,Special,1.0,Other Regional Centres,All properties,2025-03-01,450.0,440.0
Shepparton East,,,Primary,1.0,,,,,
Shepparton North,REGIONAL BUS,4.0,Pri/Sec,2.0,,,,,
Shepparton North,REGIONAL BUS,4.0,Primary,1.0,,,,,
Sherbrooke,METRO BUS,8.0,Primary,1.0,,,,,
Shoreham,METRO BUS,2.0,,,,,,,
Sidonia,,,,,,,,,
Silvan,METRO BUS,10.0,Primary,1.0,,,,,
Silverleaves,,,,,,,,,
Simpson,,,Primary,1.0,,,,,
Simpsons Creek,,,,,,,,,
Simson,,,,,,,,,
Skenes Creek,REGIONAL BUS,1.0,,,,,,,
Skenes Creek,REGIONAL COACH,1.0,,,,,,,
Skenes Creek North,,,,,,,,,
Skibo,,,,,,,,,
Skinners Flat,,,,,,,,,
Skipton,REGIONAL COACH,1.0,Primary,1.0,,,,,
Skye,METRO BUS,11.0,Primary,1.0,,,,,
Slaty Creek,,,,,,,,,
Smeaton,REGIONAL COACH,1.0,,,,,,,
Smiths Beach,REGIONAL BUS,1.0,,,,,,,
Smiths Beach,REGIONAL COACH,1.0,,,,,,,
Smiths Gully,,,,,,,,,
Smokeytown,,,,,,,,,
Smoko,,,,,,,,,
Smythes Creek,REGIONAL BUS,2.0,,,,,,,
Smythes Creek,REGIONAL COACH,1.0,,,,,,,
Smythesdale,REGIONAL BUS,1.0,Primary,1.0,,,,,
Smythesdale,REGIONAL COACH,1.0,Primary,1.0,,,,,
Snake Island,,,,,,,,,
Snake Valley,REGIONAL BUS,2.0,,,,,,,
Soldiers Hill,REGIONAL BUS,5.0,Primary,2.0,,,,,
Somers,METRO BUS,13.0,Primary,1.0,,,,,
Somerton,METRO BUS,7.0,,,,,,,
Somerville,METRO BUS,16.0,Primary,3.0,,,,,
Somerville,METRO BUS,16.0,Secondary,1.0,,,,,
Somerville,METRO TRAIN,2.0,Primary,3.0,,,,,
Somerville,METRO TRAIN,2.0,Secondary,1.0,,,,,
Sorrento,METRO BUS,26.0,Primary,2.0,,,,,
South Dudley,REGIONAL BUS,2.0,,,,,,,
South Geelong,REGIONAL BUS,11.0,,,,,,,
South Geelong,REGIONAL COACH,1.0,,,,,,,
South Geelong,REGIONAL TRAIN,2.0,,,,,,,
South Kingsville,METRO BUS,13.0,,,,,,,
South Melbourne,METRO BUS,11.0,Primary,1.0,Inner Melbourne,1 bedroom flat,2025-03-01,538.0,500.0
South Melbourne,METRO BUS,11.0,Primary,1.0,Inner Melbourne,2 bedroom flat,2025-03-01,680.0,658.0
South Melbourne,METRO BUS,11.0,Primary,1.0,Inner Melbourne,2 bedroom house,2025-03-01,699.0,742.0
South Melbourne,METRO BUS,11.0,Primary,1.0,Inner Melbourne,3 bedroom flat,2025-03-01,965.0,950.0
South Melbourne,METRO BUS,11.0,Primary,1.0,Inner Melbourne,3 bedroom house,2025-03-01,988.0,973.0
South Melbourne,METRO BUS,11.0,Primary,1.0,Inner Melbourne,4 bedroom house,2023-12-01,1100.0,1325.0
South Melbourne,METRO BUS,11.0,Primary,1.0,Inner Melbourne,All properties,2025-03-01,650.0,640.0
South Melbourne,METRO BUS,11.0,Secondary,1.0,Inner Melbourne,1 bedroom flat,2025-03-01,538.0,500.0
South Melbourne,METRO BUS,11.0,Secondary,1.0,Inner Melbourne,2 bedroom flat,2025-03-01,680.0,658.0
South Melbourne,METRO BUS,11.0,Secondary,1.0,Inner Melbourne,2 bedroom house,2025-03-01,699.0,742.0
South Melbourne,METRO BUS,11.0,Secondary,1.0,Inner Melbourne,3 bedroom flat,2025-03-01,965.0,950.0
South Melbourne,METRO BUS,11.0,Secondary,1.0,Inner Melbourne,3 bedroom house,2025-03-01,988.0,973.0
South Melbourne,METRO BUS,11.0,Secondary,1.0,Inner Melbourne,4 bedroom house,2023-12-01,1100.0,1325.0
South Melbourne,METRO BUS,11.0,Secondary,1.0,Inner Melbourne,All properties,2025-03-01,650.0,640.0
South Melbourne,METRO BUS,11.0,Special,1.0,Inner Melbourne,1 bedroom flat,2025-03-01,538.0,500.0
South Melbourne,METRO BUS,11.0,Special,1.0,Inner Melbourne,2 bedroom flat,2025-03-01,680.0,658.0
South Melbourne,METRO BUS,11.0,Special,1.0,Inner Melbourne,2 bedroom house,2025-03-01,699.0,742.0
South Melbourne,METRO BUS,11.0,Special,1.0,Inner Melbourne,3 bedroom flat,2025-03-01,965.0,950.0
South Melbourne,METRO BUS,11.0,Special,1.0,Inner Melbourne,3 bedroom house,2025-03-01,988.0,973.0
South Melbourne,METRO BUS,11.0,Special,1.0,Inner Melbourne,4 bedroom house,2023-12-01,1100.0,1325.0
South Melbourne,METRO BUS,11.0,Special,1.0,Inner Melbourne,All properties,2025-03-01,650.0,640.0
South Melbourne,METRO TRAM,17.0,Primary,1.0,Inner Melbourne,1 bedroom flat,2025-03-01,538.0,500.0
South Melbourne,METRO TRAM,17.0,Primary,1.0,Inner Melbourne,2 bedroom flat,2025-03-01,680.0,658.0
South Melbourne,METRO TRAM,17.0,Primary,1.0,Inner Melbourne,2 bedroom house,2025-03-01,699.0,742.0
South Melbourne,METRO TRAM,17.0,Primary,1.0,Inner Melbourne,3 bedroom flat,2025-03-01,965.0,950.0
South Melbourne,METRO TRAM,17.0,Primary,1.0,Inner Melbourne,3 bedroom house,2025-03-01,988.0,973.0
South Melbourne,METRO TRAM,17.0,Primary,1.0,Inner Melbourne,4 bedroom house,2023-12-01,1100.0,1325.0
South Melbourne,METRO TRAM,17.0,Primary,1.0,Inner Melbourne,All properties,2025-03-01,650.0,640.0
South Melbourne,METRO TRAM,17.0,Secondary,1.0,Inner Melbourne,1 bedroom flat,2025-03-01,538.0,500.0
South Melbourne,METRO TRAM,17.0,Secondary,1.0,Inner Melbourne,2 bedroom flat,2025-03-01,680.0,658.0
South Melbourne,METRO TRAM,17.0,Secondary,1.0,Inner Melbourne,2 bedroom house,2025-03-01,699.0,742.0
South Melbourne,METRO TRAM,17.0,Secondary,1.0,Inner Melbourne,3 bedroom flat,2025-03-01,965.0,950.0
South Melbourne,METRO TRAM,17.0,Secondary,1.0,Inner Melbourne,3 bedroom house,2025-03-01,988.0,973.0
South Melbourne,METRO TRAM,17.0,Secondary,1.0,Inner Melbourne,4 bedroom house,2023-12-01,1100.0,1325.0
South Melbourne,METRO TRAM,17.0,Secondary,1.0,Inner Melbourne,All properties,2025-03-01,650.0,640.0
South Melbourne,METRO TRAM,17.0,Special,1.0,Inner Melbourne,1 bedroom flat,2025-03-01,538.0,500.0
South Melbourne,METRO TRAM,17.0,Special,1.0,Inner Melbourne,2 bedroom flat,2025-03-01,680.0,658.0
South Melbourne,METRO TRAM,17.0,Special,1.0,Inner Melbourne,2 bedroom house,2025-03-01,699.0,742.0
South Melbourne,METRO TRAM,17.0,Special,1.0,Inner Melbourne,3 bedroom flat,2025-03-01,965.0,950.0
South Melbourne,METRO TRAM,17.0,Special,1.0,Inner Melbourne,3 bedroom house,2025-03-01,988.0,973.0
South Melbourne,METRO TRAM,17.0,Special,1.0,Inner Melbourne,4 bedroom house,2023-12-01,1100.0,1325.0
South Melbourne,METRO TRAM,17.0,Special,1.0,Inner Melbourne,All properties,2025-03-01,650.0,640.0
South Morang,METRO BUS,64.0,Pri/Sec,2.0,,,,,
South Morang,METRO BUS,64.0,Primary,1.0,,,,,
South Morang,METRO BUS,64.0,Secondary,1.0,,,,,
South Morang,METRO TRAIN,23.0,Pri/Sec,2.0,,,,,
South Morang,METRO TRAIN,23.0,Primary,1.0,,,,,
South Morang,METRO TRAIN,23.0,Secondary,1.0,,,,,
South Purrumbete,,,,,,,,,
South Wharf,METRO TRAM,1.0,,,,,,,
South Yarra,METRO BUS,29.0,Pri/Sec,1.0,Inner Melbourne,1 bedroom flat,2025-03-01,499.0,500.0
South Yarra,METRO BUS,29.0,Pri/Sec,1.0,Inner Melbourne,2 bedroom flat,2025-03-01,700.0,658.0
South Yarra,METRO BUS,29.0,Pri/Sec,1.0,Inner Melbourne,2 bedroom house,2025-03-01,775.0,742.0
South Yarra,METRO BUS,29.0,Pri/Sec,1.0,Inner Melbourne,3 bedroom flat,2025-03-01,1050.0,950.0
South Yarra,METRO BUS,29.0,Pri/Sec,1.0,Inner Melbourne,3 bedroom house,2025-03-01,1100.0,973.0
South Yarra,METRO BUS,29.0,Pri/Sec,1.0,Inner Melbourne,4 bedroom house,2025-03-01,1695.0,1325.0
South Yarra,METRO BUS,29.0,Pri/Sec,1.0,Inner Melbourne,All properties,2025-03-01,600.0,640.0
South Yarra,METRO BUS,29.0,Primary,2.0,Inner Melbourne,1 bedroom flat,2025-03-01,499.0,500.0
South Yarra,METRO BUS,29.0,Primary,2.0,Inner Melbourne,2 bedroom flat,2025-03-01,700.0,658.0
South Yarra,METRO BUS,29.0,Primary,2.0,Inner Melbourne,2 bedroom house,2025-03-01,775.0,742.0
South Yarra,METRO BUS,29.0,Primary,2.0,Inner Melbourne,3 bedroom flat,2025-03-01,1050.0,950.0
South Yarra,METRO BUS,29.0,Primary,2.0,Inner Melbourne,3 bedroom house,2025-03-01,1100.0,973.0
South Yarra,METRO BUS,29.0,Primary,2.0,Inner Melbourne,4 bedroom house,2025-03-01,1695.0,1325.0
South Yarra,METRO BUS,29.0,Primary,2.0,Inner Melbourne,All properties,2025-03-01,600.0,640.0
South Yarra,METRO BUS,29.0,Secondary,2.0,Inner Melbourne,1 bedroom flat,2025-03-01,499.0,500.0
South Yarra,METRO BUS,29.0,Secondary,2.0,Inner Melbourne,2 bedroom flat,2025-03-01,700.0,658.0
South Yarra,METRO BUS,29.0,Secondary,2.0,Inner Melbourne,2 bedroom house,2025-03-01,775.0,742.0
South Yarra,METRO BUS,29.0,Secondary,2.0,Inner Melbourne,3 bedroom flat,2025-03-01,1050.0,950.0
South Yarra,METRO BUS,29.0,Secondary,2.0,Inner Melbourne,3 bedroom house,2025-03-01,1100.0,973.0
South Yarra,METRO BUS,29.0,Secondary,2.0,Inner Melbourne,4 bedroom house,2025-03-01,1695.0,1325.0
South Yarra,METRO BUS,29.0,Secondary,2.0,Inner Melbourne,All properties,2025-03-01,600.0,640.0
South Yarra,METRO BUS,29.0,Special,1.0,Inner Melbourne,1 bedroom flat,2025-03-01,499.0,500.0
South Yarra,METRO BUS,29.0,Special,1.0,Inner Melbourne,2 bedroom flat,2025-03-01,700.0,658.0
South Yarra,METRO BUS,29.0,Special,1.0,Inner Melbourne,2 bedroom house,2025-03-01,775.0,742.0
South Yarra,METRO BUS,29.0,Special,1.0,Inner Melbourne,3 bedroom flat,2025-03-01,1050.0,950.0
South Yarra,METRO BUS,29.0,Special,1.0,Inner Melbourne,3 bedroom house,2025-03-01,1100.0,973.0
South Yarra,METRO BUS,29.0,Special,1.0,Inner Melbourne,4 bedroom house,2025-03-01,1695.0,1325.0
South Yarra,METRO BUS,29.0,Special,1.0,Inner Melbourne,All properties,2025-03-01,600.0,640.0
South Yarra,METRO TRAIN,6.0,Pri/Sec,1.0,Inner Melbourne,1 bedroom flat,2025-03-01,499.0,500.0
South Yarra,METRO TRAIN,6.0,Pri/Sec,1.0,Inner Melbourne,2 bedroom flat,2025-03-01,700.0,658.0
South Yarra,METRO TRAIN,6.0,Pri/Sec,1.0,Inner Melbourne,2 bedroom house,2025-03-01,775.0,742.0
South Yarra,METRO TRAIN,6.0,Pri/Sec,1.0,Inner Melbourne,3 bedroom flat,2025-03-01,1050.0,950.0
South Yarra,METRO TRAIN,6.0,Pri/Sec,1.0,Inner Melbourne,3 bedroom house,2025-03-01,1100.0,973.0
South Yarra,METRO TRAIN,6.0,Pri/Sec,1.0,Inner Melbourne,4 bedroom house,2025-03-01,1695.0,1325.0
South Yarra,METRO TRAIN,6.0,Pri/Sec,1.0,Inner Melbourne,All properties,2025-03-01,600.0,640.0
South Yarra,METRO TRAIN,6.0,Primary,2.0,Inner Melbourne,1 bedroom flat,2025-03-01,499.0,500.0
South Yarra,METRO TRAIN,6.0,Primary,2.0,Inner Melbourne,2 bedroom flat,2025-03-01,700.0,658.0
South Yarra,METRO TRAIN,6.0,Primary,2.0,Inner Melbourne,2 bedroom house,2025-03-01,775.0,742.0
South Yarra,METRO TRAIN,6.0,Primary,2.0,Inner Melbourne,3 bedroom flat,2025-03-01,1050.0,950.0
South Yarra,METRO TRAIN,6.0,Primary,2.0,Inner Melbourne,3 bedroom house,2025-03-01,1100.0,973.0
South Yarra,METRO TRAIN,6.0,Primary,2.0,Inner Melbourne,4 bedroom house,2025-03-01,1695.0,1325.0
South Yarra,METRO TRAIN,6.0,Primary,2.0,Inner Melbourne,All properties,2025-03-01,600.0,640.0
South Yarra,METRO TRAIN,6.0,Secondary,2.0,Inner Melbourne,1 bedroom flat,2025-03-01,499.0,500.0
South Yarra,METRO TRAIN,6.0,Secondary,2.0,Inner Melbourne,2 bedroom flat,2025-03-01,700.0,658.0
South Yarra,METRO TRAIN,6.0,Secondary,2.0,Inner Melbourne,2 bedroom house,2025-03-01,775.0,742.0
South Yarra,METRO TRAIN,6.0,Secondary,2.0,Inner Melbourne,3 bedroom flat,2025-03-01,1050.0,950.0
South Yarra,METRO TRAIN,6.0,Secondary,2.0,Inner Melbourne,3 bedroom house,2025-03-01,1100.0,973.0
South Yarra,METRO TRAIN,6.0,Secondary,2.0,Inner Melbourne,4 bedroom house,2025-03-01,1695.0,1325.0
South Yarra,METRO TRAIN,6.0,Secondary,2.0,Inner Melbourne,All properties,2025-03-01,600.0,640.0
South Yarra,METRO TRAIN,6.0,Special,1.0,Inner Melbourne,1 bedroom flat,2025-03-01,499.0,500.0
South Yarra,METRO TRAIN,6.0,Special,1.0,Inner Melbourne,2 bedroom flat,2025-03-01,700.0,658.0
South Yarra,METRO TRAIN,6.0,Special,1.0,Inner Melbourne,2 bedroom house,2025-03-01,775.0,742.0
South Yarra,METRO TRAIN,6.0,Special,1.0,Inner Melbourne,3 bedroom flat,2025-03-01,1050.0,950.0
South Yarra,METRO TRAIN,6.0,Special,1.0,Inner Melbourne,3 bedroom house,2025-03-01,1100.0,973.0
South Yarra,METRO TRAIN,6.0,Special,1.0,Inner Melbourne,4 bedroom house,2025-03-01,1695.0,1325.0
South Yarra,METRO TRAIN,6.0,Special,1.0,Inner Melbourne,All properties,2025-03-01,600.0,640.0
South Yarra,METRO TRAM,24.0,Pri/Sec,1.0,Inner Melbourne,1 bedroom flat,2025-03-01,499.0,500.0
South Yarra,METRO TRAM,24.0,Pri/Sec,1.0,Inner Melbourne,2 bedroom flat,2025-03-01,700.0,658.0
South Yarra,METRO TRAM,24.0,Pri/Sec,1.0,Inner Melbourne,2 bedroom house,2025-03-01,775.0,742.0
South Yarra,METRO TRAM,24.0,Pri/Sec,1.0,Inner Melbourne,3 bedroom flat,2025-03-01,1050.0,950.0
South Yarra,METRO TRAM,24.0,Pri/Sec,1.0,Inner Melbourne,3 bedroom house,2025-03-01,1100.0,973.0
South Yarra,METRO TRAM,24.0,Pri/Sec,1.0,Inner Melbourne,4 bedroom house,2025-03-01,1695.0,1325.0
South Yarra,METRO TRAM,24.0,Pri/Sec,1.0,Inner Melbourne,All properties,2025-03-01,600.0,640.0
South Yarra,METRO TRAM,24.0,Primary,2.0,Inner Melbourne,1 bedroom flat,2025-03-01,499.0,500.0
South Yarra,METRO TRAM,24.0,Primary,2.0,Inner Melbourne,2 bedroom flat,2025-03-01,700.0,658.0
South Yarra,METRO TRAM,24.0,Primary,2.0,Inner Melbourne,2 bedroom house,2025-03-01,775.0,742.0
South Yarra,METRO TRAM,24.0,Primary,2.0,Inner Melbourne,3 bedroom flat,2025-03-01,1050.0,950.0
South Yarra,METRO TRAM,24.0,Primary,2.0,Inner Melbourne,3 bedroom house,2025-03-01,1100.0,973.0
South Yarra,METRO TRAM,24.0,Primary,2.0,Inner Melbourne,4 bedroom house,2025-03-01,1695.0,1325.0
South Yarra,METRO TRAM,24.0,Primary,2.0,Inner Melbourne,All properties,2025-03-01,600.0,640.0
South Yarra,METRO TRAM,24.0,Secondary,2.0,Inner Melbourne,1 bedroom flat,2025-03-01,499.0,500.0
South Yarra,METRO TRAM,24.0,Secondary,2.0,Inner Melbourne,2 bedroom flat,2025-03-01,700.0,658.0
South Yarra,METRO TRAM,24.0,Secondary,2.0,Inner Melbourne,2 bedroom house,2025-03-01,775.0,742.0
South Yarra,METRO TRAM,24.0,Secondary,2.0,Inner Melbourne,3 bedroom flat,2025-03-01,1050.0,950.0
South Yarra,METRO TRAM,24.0,Secondary,2.0,Inner Melbourne,3 bedroom house,2025-03-01,1100.0,973.0
South Yarra,METRO TRAM,24.0,Secondary,2.0,Inner Melbourne,4 bedroom house,2025-03-01,1695.0,1325.0
South Yarra,METRO TRAM,24.0,Secondary,2.0,Inner Melbourne,All properties,2025-03-01,600.0,640.0
South Yarra,METRO TRAM,24.0,Special,1.0,Inner Melbourne,1 bedroom flat,2025-03-01,499.0,500.0
South Yarra,METRO TRAM,24.0,Special,1.0,Inner Melbourne,2 bedroom flat,2025-03-01,700.0,658.0
South Yarra,METRO TRAM,24.0,Special,1.0,Inner Melbourne,2 bedroom house,2025-03-01,775.0,742.0
South Yarra,METRO TRAM,24.0,Special,1.0,Inner Melbourne,3 bedroom flat,2025-03-01,1050.0,950.0
South Yarra,METRO TRAM,24.0,Special,1.0,Inner Melbourne,3 bedroom house,2025-03-01,1100.0,973.0
South Yarra,METRO TRAM,24.0,Special,1.0,Inner Melbourne,4 bedroom house,2025-03-01,1695.0,1325.0
South Yarra,METRO TRAM,24.0,Special,1.0,Inner Melbourne,All properties,2025-03-01,600.0,640.0
Southbank,METRO BUS,8.0,Primary,1.0,Inner Melbourne,1 bedroom flat,2025-03-01,550.0,500.0
Southbank,METRO BUS,8.0,Primary,1.0,Inner Melbourne,2 bedroom flat,2025-03-01,720.0,658.0
Southbank,METRO BUS,8.0,Primary,1.0,Inner Melbourne,3 bedroom flat,2025-03-01,1000.0,950.0
Southbank,METRO BUS,8.0,Primary,1.0,Inner Melbourne,All properties,2025-03-01,670.0,640.0
Southbank,METRO BUS,8.0,Secondary,1.0,Inner Melbourne,1 bedroom flat,2025-03-01,550.0,500.0
Southbank,METRO BUS,8.0,Secondary,1.0,Inner Melbourne,2 bedroom flat,2025-03-01,720.0,658.0
Southbank,METRO BUS,8.0,Secondary,1.0,Inner Melbourne,3 bedroom flat,2025-03-01,1000.0,950.0
Southbank,METRO BUS,8.0,Secondary,1.0,Inner Melbourne,All properties,2025-03-01,670.0,640.0
Southbank,METRO TRAM,16.0,Primary,1.0,Inner Melbourne,1 bedroom flat,2025-03-01,550.0,500.0
Southbank,METRO TRAM,16.0,Primary,1.0,Inner Melbourne,2 bedroom flat,2025-03-01,720.0,658.0
Southbank,METRO TRAM,16.0,Primary,1.0,Inner Melbourne,3 bedroom flat,2025-03-01,1000.0,950.0
Southbank,METRO TRAM,16.0,Primary,1.0,Inner Melbourne,All properties,2025-03-01,670.0,640.0
Southbank,METRO TRAM,16.0,Secondary,1.0,Inner Melbourne,1 bedroom flat,2025-03-01,550.0,500.0
Southbank,METRO TRAM,16.0,Secondary,1.0,Inner Melbourne,2 bedroom flat,2025-03-01,720.0,658.0
Southbank,METRO TRAM,16.0,Secondary,1.0,Inner Melbourne,3 bedroom flat,2025-03-01,1000.0,950.0
Southbank,METRO TRAM,16.0,Secondary,1.0,Inner Melbourne,All properties,2025-03-01,670.0,640.0
Southern Cross,,,,,,,,,
Spargo Creek,,,,,,,,,
Speed,REGIONAL BUS,1.0,,,,,,,
Speed,REGIONAL COACH,1.0,,,,,,,
Speewa,,,,,,,,,
Spotswood,METRO BUS,10.0,Primary,2.0,,,,,
Spotswood,METRO TRAIN,3.0,Primary,2.0,,,,,
Spring Gully,REGIONAL BUS,15.0,Primary,1.0,,,,,
Spring Hill,,,,,,,,,
Springbank,,,,,,,,,
Springdallah,,,,,,,,,
Springfield,,,,,,,,,
Springfield,,,,,,,,,
Springhurst,REGIONAL BUS,2.0,Primary,1.0,,,,,
Springhurst,REGIONAL COACH,2.0,Primary,1.0,,,,,
Springhurst,REGIONAL TRAIN,2.0,Primary,1.0,,,,,
Springmount,,,,,,,,,
Springvale,METRO BUS,70.0,Pri/Sec,1.0,South Eastern Melbourne,1 bedroom flat,2025-03-01,360.0,364.0
Springvale,METRO BUS,70.0,Pri/Sec,1.0,South Eastern Melbourne,2 bedroom flat,2025-03-01,500.0,468.0
Springvale,METRO BUS,70.0,Pri/Sec,1.0,South Eastern Melbourne,2 bedroom house,2025-03-01,500.0,480.0
Springvale,METRO BUS,70.0,Pri/Sec,1.0,South Eastern Melbourne,3 bedroom flat,2025-03-01,620.0,540.0
Springvale,METRO BUS,70.0,Pri/Sec,1.0,South Eastern Melbourne,3 bedroom house,2025-03-01,560.0,548.0
Springvale,METRO BUS,70.0,Pri/Sec,1.0,South Eastern Melbourne,4 bedroom house,2025-03-01,675.0,630.0
Springvale,METRO BUS,70.0,Pri/Sec,1.0,South Eastern Melbourne,All properties,2025-03-01,550.0,540.0
Springvale,METRO BUS,70.0,Primary,4.0,South Eastern Melbourne,1 bedroom flat,2025-03-01,360.0,364.0
Springvale,METRO BUS,70.0,Primary,4.0,South Eastern Melbourne,2 bedroom flat,2025-03-01,500.0,468.0
Springvale,METRO BUS,70.0,Primary,4.0,South Eastern Melbourne,2 bedroom house,2025-03-01,500.0,480.0
Springvale,METRO BUS,70.0,Primary,4.0,South Eastern Melbourne,3 bedroom flat,2025-03-01,620.0,540.0
Springvale,METRO BUS,70.0,Primary,4.0,South Eastern Melbourne,3 bedroom house,2025-03-01,560.0,548.0
Springvale,METRO BUS,70.0,Primary,4.0,South Eastern Melbourne,4 bedroom house,2025-03-01,675.0,630.0
Springvale,METRO BUS,70.0,Primary,4.0,South Eastern Melbourne,All properties,2025-03-01,550.0,540.0
Springvale,METRO BUS,70.0,Secondary,1.0,South Eastern Melbourne,1 bedroom flat,2025-03-01,360.0,364.0
Springvale,METRO BUS,70.0,Secondary,1.0,South Eastern Melbourne,2 bedroom flat,2025-03-01,500.0,468.0
Springvale,METRO BUS,70.0,Secondary,1.0,South Eastern Melbourne,2 bedroom house,2025-03-01,500.0,480.0
Springvale,METRO BUS,70.0,Secondary,1.0,South Eastern Melbourne,3 bedroom flat,2025-03-01,620.0,540.0
Springvale,METRO BUS,70.0,Secondary,1.0,South Eastern Melbourne,3 bedroom house,2025-03-01,560.0,548.0
Springvale,METRO BUS,70.0,Secondary,1.0,South Eastern Melbourne,4 bedroom house,2025-03-01,675.0,630.0
Springvale,METRO BUS,70.0,Secondary,1.0,South Eastern Melbourne,All properties,2025-03-01,550.0,540.0
Springvale,METRO BUS,70.0,Special,1.0,South Eastern Melbourne,1 bedroom flat,2025-03-01,360.0,364.0
Springvale,METRO BUS,70.0,Special,1.0,South Eastern Melbourne,2 bedroom flat,2025-03-01,500.0,468.0
Springvale,METRO BUS,70.0,Special,1.0,South Eastern Melbourne,2 bedroom house,2025-03-01,500.0,480.0
Springvale,METRO BUS,70.0,Special,1.0,South Eastern Melbourne,3 bedroom flat,2025-03-01,620.0,540.0
Springvale,METRO BUS,70.0,Special,1.0,South Eastern Melbourne,3 bedroom house,2025-03-01,560.0,548.0
Springvale,METRO BUS,70.0,Special,1.0,South Eastern Melbourne,4 bedroom house,2025-03-01,675.0,630.0
Springvale,METRO BUS,70.0,Special,1.0,South Eastern Melbourne,All properties,2025-03-01,550.0,540.0
Springvale,METRO TRAIN,6.0,Pri/Sec,1.0,South Eastern Melbourne,1 bedroom flat,2025-03-01,360.0,364.0
Springvale,METRO TRAIN,6.0,Pri/Sec,1.0,South Eastern Melbourne,2 bedroom flat,2025-03-01,500.0,468.0
Springvale,METRO TRAIN,6.0,Pri/Sec,1.0,South Eastern Melbourne,2 bedroom house,2025-03-01,500.0,480.0
Springvale,METRO TRAIN,6.0,Pri/Sec,1.0,South Eastern Melbourne,3 bedroom flat,2025-03-01,620.0,540.0
Springvale,METRO TRAIN,6.0,Pri/Sec,1.0,South Eastern Melbourne,3 bedroom house,2025-03-01,560.0,548.0
Springvale,METRO TRAIN,6.0,Pri/Sec,1.0,South Eastern Melbourne,4 bedroom house,2025-03-01,675.0,630.0
Springvale,METRO TRAIN,6.0,Pri/Sec,1.0,South Eastern Melbourne,All properties,2025-03-01,550.0,540.0
Springvale,METRO TRAIN,6.0,Primary,4.0,South Eastern Melbourne,1 bedroom flat,2025-03-01,360.0,364.0
Springvale,METRO TRAIN,6.0,Primary,4.0,South Eastern Melbourne,2 bedroom flat,2025-03-01,500.0,468.0
Springvale,METRO TRAIN,6.0,Primary,4.0,South Eastern Melbourne,2 bedroom house,2025-03-01,500.0,480.0
Springvale,METRO TRAIN,6.0,Primary,4.0,South Eastern Melbourne,3 bedroom flat,2025-03-01,620.0,540.0
Springvale,METRO TRAIN,6.0,Primary,4.0,South Eastern Melbourne,3 bedroom house,2025-03-01,560.0,548.0
Springvale,METRO TRAIN,6.0,Primary,4.0,South Eastern Melbourne,4 bedroom house,2025-03-01,675.0,630.0
Springvale,METRO TRAIN,6.0,Primary,4.0,South Eastern Melbourne,All properties,2025-03-01,550.0,540.0
Springvale,METRO TRAIN,6.0,Secondary,1.0,South Eastern Melbourne,1 bedroom flat,2025-03-01,360.0,364.0
Springvale,METRO TRAIN,6.0,Secondary,1.0,South Eastern Melbourne,2 bedroom flat,2025-03-01,500.0,468.0
Springvale,METRO TRAIN,6.0,Secondary,1.0,South Eastern Melbourne,2 bedroom house,2025-03-01,500.0,480.0
Springvale,METRO TRAIN,6.0,Secondary,1.0,South Eastern Melbourne,3 bedroom flat,2025-03-01,620.0,540.0
Springvale,METRO TRAIN,6.0,Secondary,1.0,South Eastern Melbourne,3 bedroom house,2025-03-01,560.0,548.0
Springvale,METRO TRAIN,6.0,Secondary,1.0,South Eastern Melbourne,4 bedroom house,2025-03-01,675.0,630.0
Springvale,METRO TRAIN,6.0,Secondary,1.0,South Eastern Melbourne,All properties,2025-03-01,550.0,540.0
Springvale,METRO TRAIN,6.0,Special,1.0,South Eastern Melbourne,1 bedroom flat,2025-03-01,360.0,364.0
Springvale,METRO TRAIN,6.0,Special,1.0,South Eastern Melbourne,2 bedroom flat,2025-03-01,500.0,468.0
Springvale,METRO TRAIN,6.0,Special,1.0,South Eastern Melbourne,2 bedroom house,2025-03-01,500.0,480.0
Springvale,METRO TRAIN,6.0,Special,1.0,South Eastern Melbourne,3 bedroom flat,2025-03-01,620.0,540.0
Springvale,METRO TRAIN,6.0,Special,1.0,South Eastern Melbourne,3 bedroom house,2025-03-01,560.0,548.0
Springvale,METRO TRAIN,6.0,Special,1.0,South Eastern Melbourne,4 bedroom house,2025-03-01,675.0,630.0
Springvale,METRO TRAIN,6.0,Special,1.0,South Eastern Melbourne,All properties,2025-03-01,550.0,540.0
Springvale South,METRO BUS,35.0,Primary,3.0,,,,,
Springvale South,METRO BUS,35.0,Secondary,1.0,,,,,
St Albans,METRO BUS,94.0,Primary,9.0,,,,,
St Albans,METRO BUS,94.0,Secondary,2.0,,,,,
St Albans,METRO BUS,94.0,Special,1.0,,,,,
St Albans,METRO TRAIN,9.0,Primary,9.0,,,,,
St Albans,METRO TRAIN,9.0,Secondary,2.0,,,,,
St Albans,METRO TRAIN,9.0,Special,1.0,,,,,
St Albans Park,REGIONAL BUS,24.0,,,,,,,
St Andrews,,,Primary,1.0,,,,,
St Andrews Beach,METRO BUS,7.0,,,,,,,
St Arnaud,REGIONAL BUS,1.0,Primary,2.0,,,,,
St Arnaud,REGIONAL BUS,1.0,Secondary,1.0,,,,,
St Arnaud,REGIONAL COACH,2.0,Primary,2.0,,,,,
St Arnaud,REGIONAL COACH,2.0,Secondary,1.0,,,,,
St Arnaud East,,,,,,,,,
St Arnaud North,,,,,,,,,
St Clair,,,,,,,,,
St Germains,,,,,,,,,
St Helena,METRO BUS,11.0,Primary,1.0,,,,,
St Helens,,,,,,,,,
St Helens Plains,,,,,,,,,
St James,REGIONAL COACH,1.0,,,,,,,
St Kilda,METRO BUS,27.0,Pri/Sec,2.0,Inner Melbourne,1 bedroom flat,2025-03-01,455.0,500.0
St Kilda,METRO BUS,27.0,Pri/Sec,2.0,Inner Melbourne,2 bedroom flat,2025-03-01,620.0,658.0
St Kilda,METRO BUS,27.0,Pri/Sec,2.0,Inner Melbourne,2 bedroom house,2025-03-01,745.0,742.0
St Kilda,METRO BUS,27.0,Pri/Sec,2.0,Inner Melbourne,3 bedroom flat,2025-03-01,943.0,950.0
St Kilda,METRO BUS,27.0,Pri/Sec,2.0,Inner Melbourne,3 bedroom house,2025-03-01,950.0,973.0
St Kilda,METRO BUS,27.0,Pri/Sec,2.0,Inner Melbourne,4 bedroom house,2025-03-01,1110.0,1325.0
St Kilda,METRO BUS,27.0,Pri/Sec,2.0,Inner Melbourne,All properties,2025-03-01,550.0,640.0
St Kilda,METRO BUS,27.0,Primary,2.0,Inner Melbourne,1 bedroom flat,2025-03-01,455.0,500.0
St Kilda,METRO BUS,27.0,Primary,2.0,Inner Melbourne,2 bedroom flat,2025-03-01,620.0,658.0
St Kilda,METRO BUS,27.0,Primary,2.0,Inner Melbourne,2 bedroom house,2025-03-01,745.0,742.0
St Kilda,METRO BUS,27.0,Primary,2.0,Inner Melbourne,3 bedroom flat,2025-03-01,943.0,950.0
St Kilda,METRO BUS,27.0,Primary,2.0,Inner Melbourne,3 bedroom house,2025-03-01,950.0,973.0
St Kilda,METRO BUS,27.0,Primary,2.0,Inner Melbourne,4 bedroom house,2025-03-01,1110.0,1325.0
St Kilda,METRO BUS,27.0,Primary,2.0,Inner Melbourne,All properties,2025-03-01,550.0,640.0
St Kilda,METRO TRAM,37.0,Pri/Sec,2.0,Inner Melbourne,1 bedroom flat,2025-03-01,455.0,500.0
St Kilda,METRO TRAM,37.0,Pri/Sec,2.0,Inner Melbourne,2 bedroom flat,2025-03-01,620.0,658.0
St Kilda,METRO TRAM,37.0,Pri/Sec,2.0,Inner Melbourne,2 bedroom house,2025-03-01,745.0,742.0
St Kilda,METRO TRAM,37.0,Pri/Sec,2.0,Inner Melbourne,3 bedroom flat,2025-03-01,943.0,950.0
St Kilda,METRO TRAM,37.0,Pri/Sec,2.0,Inner Melbourne,3 bedroom house,2025-03-01,950.0,973.0
St Kilda,METRO TRAM,37.0,Pri/Sec,2.0,Inner Melbourne,4 bedroom house,2025-03-01,1110.0,1325.0
St Kilda,METRO TRAM,37.0,Pri/Sec,2.0,Inner Melbourne,All properties,2025-03-01,550.0,640.0
St Kilda,METRO TRAM,37.0,Primary,2.0,Inner Melbourne,1 bedroom flat,2025-03-01,455.0,500.0
St Kilda,METRO TRAM,37.0,Primary,2.0,Inner Melbourne,2 bedroom flat,2025-03-01,620.0,658.0
St Kilda,METRO TRAM,37.0,Primary,2.0,Inner Melbourne,2 bedroom house,2025-03-01,745.0,742.0
St Kilda,METRO TRAM,37.0,Primary,2.0,Inner Melbourne,3 bedroom flat,2025-03-01,943.0,950.0
St Kilda,METRO TRAM,37.0,Primary,2.0,Inner Melbourne,3 bedroom house,2025-03-01,950.0,973.0
St Kilda,METRO TRAM,37.0,Primary,2.0,Inner Melbourne,4 bedroom house,2025-03-01,1110.0,1325.0
St Kilda,METRO TRAM,37.0,Primary,2.0,Inner Melbourne,All properties,2025-03-01,550.0,640.0
St Kilda,SKYBUS,2.0,Pri/Sec,2.0,Inner Melbourne,1 bedroom flat,2025-03-01,455.0,500.0
St Kilda,SKYBUS,2.0,Pri/Sec,2.0,Inner Melbourne,2 bedroom flat,2025-03-01,620.0,658.0
St Kilda,SKYBUS,2.0,Pri/Sec,2.0,Inner Melbourne,2 bedroom house,2025-03-01,745.0,742.0
St Kilda,SKYBUS,2.0,Pri/Sec,2.0,Inner Melbourne,3 bedroom flat,2025-03-01,943.0,950.0
St Kilda,SKYBUS,2.0,Pri/Sec,2.0,Inner Melbourne,3 bedroom house,2025-03-01,950.0,973.0
St Kilda,SKYBUS,2.0,Pri/Sec,2.0,Inner Melbourne,4 bedroom house,2025-03-01,1110.0,1325.0
St Kilda,SKYBUS,2.0,Pri/Sec,2.0,Inner Melbourne,All properties,2025-03-01,550.0,640.0
St Kilda,SKYBUS,2.0,Primary,2.0,Inner Melbourne,1 bedroom flat,2025-03-01,455.0,500.0
St Kilda,SKYBUS,2.0,Primary,2.0,Inner Melbourne,2 bedroom flat,2025-03-01,620.0,658.0
St Kilda,SKYBUS,2.0,Primary,2.0,Inner Melbourne,2 bedroom house,2025-03-01,745.0,742.0
St Kilda,SKYBUS,2.0,Primary,2.0,Inner Melbourne,3 bedroom flat,2025-03-01,943.0,950.0
St Kilda,SKYBUS,2.0,Primary,2.0,Inner Melbourne,3 bedroom house,2025-03-01,950.0,973.0
St Kilda,SKYBUS,2.0,Primary,2.0,Inner Melbourne,4 bedroom house,2025-03-01,1110.0,1325.0
St Kilda,SKYBUS,2.0,Primary,2.0,Inner Melbourne,All properties,2025-03-01,550.0,640.0
St Kilda East,METRO BUS,20.0,Pri/Sec,3.0,,,,,
St Kilda East,METRO BUS,20.0,Primary,2.0,,,,,
St Kilda East,METRO BUS,20.0,Secondary,1.0,,,,,
St Kilda East,METRO TRAM,11.0,Pri/Sec,3.0,,,,,
St Kilda East,METRO TRAM,11.0,Primary,2.0,,,,,
St Kilda East,METRO TRAM,11.0,Secondary,1.0,,,,,
St Kilda West,METRO BUS,2.0,,,,,,,
St Kilda West,METRO TRAM,5.0,,,,,,,
St Leonards,REGIONAL BUS,20.0,Primary,1.0,,,,,
Staceys Bridge,,,,,,,,,
Staffordshire Reef,,,,,,,,,
Staghorn Flat,REGIONAL BUS,1.0,,,,,,,
Stanhope,REGIONAL BUS,1.0,Primary,1.0,,,,,
Stanhope,REGIONAL COACH,1.0,Primary,1.0,,,,,
Stanhope South,,,,,,,,,
Stanley,,,,,,,,,
Staughton Vale,,,,,,,,,
Stavely,,,,,,,,,
Stawell,INTERSTATE TRAIN,2.0,Primary,3.0,,,,,
Stawell,INTERSTATE TRAIN,2.0,Secondary,1.0,,,,,
Stawell,INTERSTATE TRAIN,2.0,Special,1.0,,,,,
Stawell,REGIONAL BUS,54.0,Primary,3.0,,,,,
Stawell,REGIONAL BUS,54.0,Secondary,1.0,,,,,
Stawell,REGIONAL BUS,54.0,Special,1.0,,,,,
Stawell,REGIONAL COACH,3.0,Primary,3.0,,,,,
Stawell,REGIONAL COACH,3.0,Secondary,1.0,,,,,
Stawell,REGIONAL COACH,3.0,Special,1.0,,,,,
Steels Creek,,,,,,,,,
Steiglitz,,,,,,,,,
Stewarton,,,,,,,,,
Stirling,,,,,,,,,
Stockdale,,,,,,,,,
Stockyard Hill,,,,,,,,,
Stonehaven,,,,,,,,,
Stoneleigh,,,,,,,,,
Stony Creek,,,,,,,,,
Stony Creek,,,,,,,,,
Stonyford,,,,,,,,,
Stradbroke,,,,,,,,,
Strangways,REGIONAL COACH,1.0,,,,,,,
Straten,,,,,,,,,
Stratford,REGIONAL BUS,4.0,Primary,2.0,,,,,
Stratford,REGIONAL COACH,3.0,Primary,2.0,,,,,
Stratford,REGIONAL TRAIN,2.0,Primary,2.0,,,,,
Strath Creek,,,,,,,,,
Strathallan,,,,,,,,,
Strathbogie,,,,,,,,,
Strathdale,REGIONAL BUS,18.0,,,,,,,
Strathdownie,,,,,,,,,
Strathewen,,,Primary,1.0,,,,,
Strathfieldsaye,REGIONAL BUS,35.0,Primary,2.0,,,,,
Strathkellar,,,,,,,,,
Strathlea,,,,,,,,,
Strathmerton,REGIONAL COACH,1.0,Primary,1.0,,,,,
Strathmore,METRO BUS,26.0,Primary,3.0,,,,,
Strathmore,METRO BUS,26.0,Secondary,1.0,,,,,
Strathmore Heights,METRO BUS,4.0,,,,,,,
Strathtulloh,METRO BUS,4.0,Primary,1.0,,,,,
Streatham,REGIONAL COACH,1.0,,,,,,,
Strzelecki,,,,,,,,,
Stuart Mill,,,,,,,,,
Sugarloaf,,,,,,,,,
Sugarloaf Creek,,,,,,,,,
Suggan Buggan,,,,,,,,,
Sulky,REGIONAL BUS,5.0,,,,,,,
Summerlands,,,,,,,,,
Sunbury,METRO BUS,150.0,Pri/Sec,1.0,North Western Melbourne,1 bedroom flat,2024-12-01,320.0,420.0
Sunbury,METRO BUS,150.0,Pri/Sec,1.0,North Western Melbourne,2 bedroom flat,2025-03-01,420.0,500.0
Sunbury,METRO BUS,150.0,Pri/Sec,1.0,North Western Melbourne,2 bedroom house,2025-03-01,435.0,532.0
Sunbury,METRO BUS,150.0,Pri/Sec,1.0,North Western Melbourne,3 bedroom flat,2025-03-01,475.0,610.0
Sunbury,METRO BUS,150.0,Pri/Sec,1.0,North Western Melbourne,3 bedroom house,2025-03-01,480.0,620.0
Sunbury,METRO BUS,150.0,Pri/Sec,1.0,North Western Melbourne,4 bedroom house,2025-03-01,580.0,795.0
Sunbury,METRO BUS,150.0,Pri/Sec,1.0,North Western Melbourne,All properties,2025-03-01,500.0,550.0
Sunbury,METRO BUS,150.0,Primary,9.0,North Western Melbourne,1 bedroom flat,2024-12-01,320.0,420.0
Sunbury,METRO BUS,150.0,Primary,9.0,North Western Melbourne,2 bedroom flat,2025-03-01,420.0,500.0
Sunbury,METRO BUS,150.0,Primary,9.0,North Western Melbourne,2 bedroom house,2025-03-01,435.0,532.0
Sunbury,METRO BUS,150.0,Primary,9.0,North Western Melbourne,3 bedroom flat,2025-03-01,475.0,610.0
Sunbury,METRO BUS,150.0,Primary,9.0,North Western Melbourne,3 bedroom house,2025-03-01,480.0,620.0
Sunbury,METRO BUS,150.0,Primary,9.0,North Western Melbourne,4 bedroom house,2025-03-01,580.0,795.0
Sunbury,METRO BUS,150.0,Primary,9.0,North Western Melbourne,All properties,2025-03-01,500.0,550.0
Sunbury,METRO BUS,150.0,Secondary,3.0,North Western Melbourne,1 bedroom flat,2024-12-01,320.0,420.0
Sunbury,METRO BUS,150.0,Secondary,3.0,North Western Melbourne,2 bedroom flat,2025-03-01,420.0,500.0
Sunbury,METRO BUS,150.0,Secondary,3.0,North Western Melbourne,2 bedroom house,2025-03-01,435.0,532.0
Sunbury,METRO BUS,150.0,Secondary,3.0,North Western Melbourne,3 bedroom flat,2025-03-01,475.0,610.0
Sunbury,METRO BUS,150.0,Secondary,3.0,North Western Melbourne,3 bedroom house,2025-03-01,480.0,620.0
Sunbury,METRO BUS,150.0,Secondary,3.0,North Western Melbourne,4 bedroom house,2025-03-01,580.0,795.0
Sunbury,METRO BUS,150.0,Secondary,3.0,North Western Melbourne,All properties,2025-03-01,500.0,550.0
Sunbury,METRO BUS,150.0,Special,1.0,North Western Melbourne,1 bedroom flat,2024-12-01,320.0,420.0
Sunbury,METRO BUS,150.0,Special,1.0,North Western Melbourne,2 bedroom flat,2025-03-01,420.0,500.0
Sunbury,METRO BUS,150.0,Special,1.0,North Western Melbourne,2 bedroom house,2025-03-01,435.0,532.0
Sunbury,METRO BUS,150.0,Special,1.0,North Western Melbourne,3 bedroom flat,2025-03-01,475.0,610.0
Sunbury,METRO BUS,150.0,Special,1.0,North Western Melbourne,3 bedroom house,2025-03-01,480.0,620.0
Sunbury,METRO BUS,150.0,Special,1.0,North Western Melbourne,4 bedroom house,2025-03-01,580.0,795.0
Sunbury,METRO BUS,150.0,Special,1.0,North Western Melbourne,All properties,2025-03-01,500.0,550.0
Sunbury,METRO TRAIN,3.0,Pri/Sec,1.0,North Western Melbourne,1 bedroom flat,2024-12-01,320.0,420.0
Sunbury,METRO TRAIN,3.0,Pri/Sec,1.0,North Western Melbourne,2 bedroom flat,2025-03-01,420.0,500.0
Sunbury,METRO TRAIN,3.0,Pri/Sec,1.0,North Western Melbourne,2 bedroom house,2025-03-01,435.0,532.0
Sunbury,METRO TRAIN,3.0,Pri/Sec,1.0,North Western Melbourne,3 bedroom flat,2025-03-01,475.0,610.0
Sunbury,METRO TRAIN,3.0,Pri/Sec,1.0,North Western Melbourne,3 bedroom house,2025-03-01,480.0,620.0
Sunbury,METRO TRAIN,3.0,Pri/Sec,1.0,North Western Melbourne,4 bedroom house,2025-03-01,580.0,795.0
Sunbury,METRO TRAIN,3.0,Pri/Sec,1.0,North Western Melbourne,All properties,2025-03-01,500.0,550.0
Sunbury,METRO TRAIN,3.0,Primary,9.0,North Western Melbourne,1 bedroom flat,2024-12-01,320.0,420.0
Sunbury,METRO TRAIN,3.0,Primary,9.0,North Western Melbourne,2 bedroom flat,2025-03-01,420.0,500.0
Sunbury,METRO TRAIN,3.0,Primary,9.0,North Western Melbourne,2 bedroom house,2025-03-01,435.0,532.0
Sunbury,METRO TRAIN,3.0,Primary,9.0,North Western Melbourne,3 bedroom flat,2025-03-01,475.0,610.0
Sunbury,METRO TRAIN,3.0,Primary,9.0,North Western Melbourne,3 bedroom house,2025-03-01,480.0,620.0
Sunbury,METRO TRAIN,3.0,Primary,9.0,North Western Melbourne,4 bedroom house,2025-03-01,580.0,795.0
Sunbury,METRO TRAIN,3.0,Primary,9.0,North Western Melbourne,All properties,2025-03-01,500.0,550.0
Sunbury,METRO TRAIN,3.0,Secondary,3.0,North Western Melbourne,1 bedroom flat,2024-12-01,320.0,420.0
Sunbury,METRO TRAIN,3.0,Secondary,3.0,North Western Melbourne,2 bedroom flat,2025-03-01,420.0,500.0
Sunbury,METRO TRAIN,3.0,Secondary,3.0,North Western Melbourne,2 bedroom house,2025-03-01,435.0,532.0
Sunbury,METRO TRAIN,3.0,Secondary,3.0,North Western Melbourne,3 bedroom flat,2025-03-01,475.0,610.0
Sunbury,METRO TRAIN,3.0,Secondary,3.0,North Western Melbourne,3 bedroom house,2025-03-01,480.0,620.0
Sunbury,METRO TRAIN,3.0,Secondary,3.0,North Western Melbourne,4 bedroom house,2025-03-01,580.0,795.0
Sunbury,METRO TRAIN,3.0,Secondary,3.0,North Western Melbourne,All properties,2025-03-01,500.0,550.0
Sunbury,METRO TRAIN,3.0,Special,1.0,North Western Melbourne,1 bedroom flat,2024-12-01,320.0,420.0
Sunbury,METRO TRAIN,3.0,Special,1.0,North Western Melbourne,2 bedroom flat,2025-03-01,420.0,500.0
Sunbury,METRO TRAIN,3.0,Special,1.0,North Western Melbourne,2 bedroom house,2025-03-01,435.0,532.0
Sunbury,METRO TRAIN,3.0,Special,1.0,North Western Melbourne,3 bedroom flat,2025-03-01,475.0,610.0
Sunbury,METRO TRAIN,3.0,Special,1.0,North Western Melbourne,3 bedroom house,2025-03-01,480.0,620.0
Sunbury,METRO TRAIN,3.0,Special,1.0,North Western Melbourne,4 bedroom house,2025-03-01,580.0,795.0
Sunbury,METRO TRAIN,3.0,Special,1.0,North Western Melbourne,All properties,2025-03-01,500.0,550.0
Sunbury,REGIONAL BUS,1.0,Pri/Sec,1.0,North Western Melbourne,1 bedroom flat,2024-12-01,320.0,420.0
Sunbury,REGIONAL BUS,1.0,Pri/Sec,1.0,North Western Melbourne,2 bedroom flat,2025-03-01,420.0,500.0
Sunbury,REGIONAL BUS,1.0,Pri/Sec,1.0,North Western Melbourne,2 bedroom house,2025-03-01,435.0,532.0
Sunbury,REGIONAL BUS,1.0,Pri/Sec,1.0,North Western Melbourne,3 bedroom flat,2025-03-01,475.0,610.0
Sunbury,REGIONAL BUS,1.0,Pri/Sec,1.0,North Western Melbourne,3 bedroom house,2025-03-01,480.0,620.0
Sunbury,REGIONAL BUS,1.0,Pri/Sec,1.0,North Western Melbourne,4 bedroom house,2025-03-01,580.0,795.0
Sunbury,REGIONAL BUS,1.0,Pri/Sec,1.0,North Western Melbourne,All properties,2025-03-01,500.0,550.0
Sunbury,REGIONAL BUS,1.0,Primary,9.0,North Western Melbourne,1 bedroom flat,2024-12-01,320.0,420.0
Sunbury,REGIONAL BUS,1.0,Primary,9.0,North Western Melbourne,2 bedroom flat,2025-03-01,420.0,500.0
Sunbury,REGIONAL BUS,1.0,Primary,9.0,North Western Melbourne,2 bedroom house,2025-03-01,435.0,532.0
Sunbury,REGIONAL BUS,1.0,Primary,9.0,North Western Melbourne,3 bedroom flat,2025-03-01,475.0,610.0
Sunbury,REGIONAL BUS,1.0,Primary,9.0,North Western Melbourne,3 bedroom house,2025-03-01,480.0,620.0
Sunbury,REGIONAL BUS,1.0,Primary,9.0,North Western Melbourne,4 bedroom house,2025-03-01,580.0,795.0
Sunbury,REGIONAL BUS,1.0,Primary,9.0,North Western Melbourne,All properties,2025-03-01,500.0,550.0
Sunbury,REGIONAL BUS,1.0,Secondary,3.0,North Western Melbourne,1 bedroom flat,2024-12-01,320.0,420.0
Sunbury,REGIONAL BUS,1.0,Secondary,3.0,North Western Melbourne,2 bedroom flat,2025-03-01,420.0,500.0
Sunbury,REGIONAL BUS,1.0,Secondary,3.0,North Western Melbourne,2 bedroom house,2025-03-01,435.0,532.0
Sunbury,REGIONAL BUS,1.0,Secondary,3.0,North Western Melbourne,3 bedroom flat,2025-03-01,475.0,610.0
Sunbury,REGIONAL BUS,1.0,Secondary,3.0,North Western Melbourne,3 bedroom house,2025-03-01,480.0,620.0
Sunbury,REGIONAL BUS,1.0,Secondary,3.0,North Western Melbourne,4 bedroom house,2025-03-01,580.0,795.0
Sunbury,REGIONAL BUS,1.0,Secondary,3.0,North Western Melbourne,All properties,2025-03-01,500.0,550.0
Sunbury,REGIONAL BUS,1.0,Special,1.0,North Western Melbourne,1 bedroom flat,2024-12-01,320.0,420.0
Sunbury,REGIONAL BUS,1.0,Special,1.0,North Western Melbourne,2 bedroom flat,2025-03-01,420.0,500.0
Sunbury,REGIONAL BUS,1.0,Special,1.0,North Western Melbourne,2 bedroom house,2025-03-01,435.0,532.0
Sunbury,REGIONAL BUS,1.0,Special,1.0,North Western Melbourne,3 bedroom flat,2025-03-01,475.0,610.0
Sunbury,REGIONAL BUS,1.0,Special,1.0,North Western Melbourne,3 bedroom house,2025-03-01,480.0,620.0
Sunbury,REGIONAL BUS,1.0,Special,1.0,North Western Melbourne,4 bedroom house,2025-03-01,580.0,795.0
Sunbury,REGIONAL BUS,1.0,Special,1.0,North Western Melbourne,All properties,2025-03-01,500.0,550.0
Sunbury,REGIONAL COACH,1.0,Pri/Sec,1.0,North Western Melbourne,1 bedroom flat,2024-12-01,320.0,420.0
Sunbury,REGIONAL COACH,1.0,Pri/Sec,1.0,North Western Melbourne,2 bedroom flat,2025-03-01,420.0,500.0
Sunbury,REGIONAL COACH,1.0,Pri/Sec,1.0,North Western Melbourne,2 bedroom house,2025-03-01,435.0,532.0
Sunbury,REGIONAL COACH,1.0,Pri/Sec,1.0,North Western Melbourne,3 bedroom flat,2025-03-01,475.0,610.0
Sunbury,REGIONAL COACH,1.0,Pri/Sec,1.0,North Western Melbourne,3 bedroom house,2025-03-01,480.0,620.0
Sunbury,REGIONAL COACH,1.0,Pri/Sec,1.0,North Western Melbourne,4 bedroom house,2025-03-01,580.0,795.0
Sunbury,REGIONAL COACH,1.0,Pri/Sec,1.0,North Western Melbourne,All properties,2025-03-01,500.0,550.0
Sunbury,REGIONAL COACH,1.0,Primary,9.0,North Western Melbourne,1 bedroom flat,2024-12-01,320.0,420.0
Sunbury,REGIONAL COACH,1.0,Primary,9.0,North Western Melbourne,2 bedroom flat,2025-03-01,420.0,500.0
Sunbury,REGIONAL COACH,1.0,Primary,9.0,North Western Melbourne,2 bedroom house,2025-03-01,435.0,532.0
Sunbury,REGIONAL COACH,1.0,Primary,9.0,North Western Melbourne,3 bedroom flat,2025-03-01,475.0,610.0
Sunbury,REGIONAL COACH,1.0,Primary,9.0,North Western Melbourne,3 bedroom house,2025-03-01,480.0,620.0
Sunbury,REGIONAL COACH,1.0,Primary,9.0,North Western Melbourne,4 bedroom house,2025-03-01,580.0,795.0
Sunbury,REGIONAL COACH,1.0,Primary,9.0,North Western Melbourne,All properties,2025-03-01,500.0,550.0
Sunbury,REGIONAL COACH,1.0,Secondary,3.0,North Western Melbourne,1 bedroom flat,2024-12-01,320.0,420.0
Sunbury,REGIONAL COACH,1.0,Secondary,3.0,North Western Melbourne,2 bedroom flat,2025-03-01,420.0,500.0
Sunbury,REGIONAL COACH,1.0,Secondary,3.0,North Western Melbourne,2 bedroom house,2025-03-01,435.0,532.0
Sunbury,REGIONAL COACH,1.0,Secondary,3.0,North Western Melbourne,3 bedroom flat,2025-03-01,475.0,610.0
Sunbury,REGIONAL COACH,1.0,Secondary,3.0,North Western Melbourne,3 bedroom house,2025-03-01,480.0,620.0
Sunbury,REGIONAL COACH,1.0,Secondary,3.0,North Western Melbourne,4 bedroom house,2025-03-01,580.0,795.0
Sunbury,REGIONAL COACH,1.0,Secondary,3.0,North Western Melbourne,All properties,2025-03-01,500.0,550.0
Sunbury,REGIONAL COACH,1.0,Special,1.0,North Western Melbourne,1 bedroom flat,2024-12-01,320.0,420.0
Sunbury,REGIONAL COACH,1.0,Special,1.0,North Western Melbourne,2 bedroom flat,2025-03-01,420.0,500.0
Sunbury,REGIONAL COACH,1.0,Special,1.0,North Western Melbourne,2 bedroom house,2025-03-01,435.0,532.0
Sunbury,REGIONAL COACH,1.0,Special,1.0,North Western Melbourne,3 bedroom flat,2025-03-01,475.0,610.0
Sunbury,REGIONAL COACH,1.0,Special,1.0,North Western Melbourne,3 bedroom house,2025-03-01,480.0,620.0
Sunbury,REGIONAL COACH,1.0,Special,1.0,North Western Melbourne,4 bedroom house,2025-03-01,580.0,795.0
Sunbury,REGIONAL COACH,1.0,Special,1.0,North Western Melbourne,All properties,2025-03-01,500.0,550.0
Sunbury,REGIONAL TRAIN,2.0,Pri/Sec,1.0,North Western Melbourne,1 bedroom flat,2024-12-01,320.0,420.0
Sunbury,REGIONAL TRAIN,2.0,Pri/Sec,1.0,North Western Melbourne,2 bedroom flat,2025-03-01,420.0,500.0
Sunbury,REGIONAL TRAIN,2.0,Pri/Sec,1.0,North Western Melbourne,2 bedroom house,2025-03-01,435.0,532.0
Sunbury,REGIONAL TRAIN,2.0,Pri/Sec,1.0,North Western Melbourne,3 bedroom flat,2025-03-01,475.0,610.0
Sunbury,REGIONAL TRAIN,2.0,Pri/Sec,1.0,North Western Melbourne,3 bedroom house,2025-03-01,480.0,620.0
Sunbury,REGIONAL TRAIN,2.0,Pri/Sec,1.0,North Western Melbourne,4 bedroom house,2025-03-01,580.0,795.0
Sunbury,REGIONAL TRAIN,2.0,Pri/Sec,1.0,North Western Melbourne,All properties,2025-03-01,500.0,550.0
Sunbury,REGIONAL TRAIN,2.0,Primary,9.0,North Western Melbourne,1 bedroom flat,2024-12-01,320.0,420.0
Sunbury,REGIONAL TRAIN,2.0,Primary,9.0,North Western Melbourne,2 bedroom flat,2025-03-01,420.0,500.0
Sunbury,REGIONAL TRAIN,2.0,Primary,9.0,North Western Melbourne,2 bedroom house,2025-03-01,435.0,532.0
Sunbury,REGIONAL TRAIN,2.0,Primary,9.0,North Western Melbourne,3 bedroom flat,2025-03-01,475.0,610.0
Sunbury,REGIONAL TRAIN,2.0,Primary,9.0,North Western Melbourne,3 bedroom house,2025-03-01,480.0,620.0
Sunbury,REGIONAL TRAIN,2.0,Primary,9.0,North Western Melbourne,4 bedroom house,2025-03-01,580.0,795.0
Sunbury,REGIONAL TRAIN,2.0,Primary,9.0,North Western Melbourne,All properties,2025-03-01,500.0,550.0
Sunbury,REGIONAL TRAIN,2.0,Secondary,3.0,North Western Melbourne,1 bedroom flat,2024-12-01,320.0,420.0
Sunbury,REGIONAL TRAIN,2.0,Secondary,3.0,North Western Melbourne,2 bedroom flat,2025-03-01,420.0,500.0
Sunbury,REGIONAL TRAIN,2.0,Secondary,3.0,North Western Melbourne,2 bedroom house,2025-03-01,435.0,532.0
Sunbury,REGIONAL TRAIN,2.0,Secondary,3.0,North Western Melbourne,3 bedroom flat,2025-03-01,475.0,610.0
Sunbury,REGIONAL TRAIN,2.0,Secondary,3.0,North Western Melbourne,3 bedroom house,2025-03-01,480.0,620.0
Sunbury,REGIONAL TRAIN,2.0,Secondary,3.0,North Western Melbourne,4 bedroom house,2025-03-01,580.0,795.0
Sunbury,REGIONAL TRAIN,2.0,Secondary,3.0,North Western Melbourne,All properties,2025-03-01,500.0,550.0
Sunbury,REGIONAL TRAIN,2.0,Special,1.0,North Western Melbourne,1 bedroom flat,2024-12-01,320.0,420.0
Sunbury,REGIONAL TRAIN,2.0,Special,1.0,North Western Melbourne,2 bedroom flat,2025-03-01,420.0,500.0
Sunbury,REGIONAL TRAIN,2.0,Special,1.0,North Western Melbourne,2 bedroom house,2025-03-01,435.0,532.0
Sunbury,REGIONAL TRAIN,2.0,Special,1.0,North Western Melbourne,3 bedroom flat,2025-03-01,475.0,610.0
Sunbury,REGIONAL TRAIN,2.0,Special,1.0,North Western Melbourne,3 bedroom house,2025-03-01,480.0,620.0
Sunbury,REGIONAL TRAIN,2.0,Special,1.0,North Western Melbourne,4 bedroom house,2025-03-01,580.0,795.0
Sunbury,REGIONAL TRAIN,2.0,Special,1.0,North Western Melbourne,All properties,2025-03-01,500.0,550.0
Sunday Creek,,,,,,,,,
Sunderland Bay,REGIONAL BUS,2.0,,,,,,,
Sunderland Bay,REGIONAL COACH,2.0,,,,,,,
Sunset Strip,REGIONAL BUS,1.0,,,,,,,
Sunset Strip,REGIONAL COACH,1.0,,,,,,,
Sunshine,METRO BUS,61.0,Primary,3.0,Outer Western Melbourne,1 bedroom flat,2025-03-01,330.0,365.0
Sunshine,METRO BUS,61.0,Primary,3.0,Outer Western Melbourne,2 bedroom flat,2025-03-01,420.0,472.0
Sunshine,METRO BUS,61.0,Primary,3.0,Outer Western Melbourne,2 bedroom house,2025-03-01,450.0,490.0
Sunshine,METRO BUS,61.0,Primary,3.0,Outer Western Melbourne,3 bedroom flat,2025-03-01,530.0,575.0
Sunshine,METRO BUS,61.0,Primary,3.0,Outer Western Melbourne,3 bedroom house,2025-03-01,480.0,549.0
Sunshine,METRO BUS,61.0,Primary,3.0,Outer Western Melbourne,4 bedroom house,2025-03-01,593.0,658.0
Sunshine,METRO BUS,61.0,Primary,3.0,Outer Western Melbourne,All properties,2025-03-01,480.0,530.0
Sunshine,METRO TRAIN,4.0,Primary,3.0,Outer Western Melbourne,1 bedroom flat,2025-03-01,330.0,365.0
Sunshine,METRO TRAIN,4.0,Primary,3.0,Outer Western Melbourne,2 bedroom flat,2025-03-01,420.0,472.0
Sunshine,METRO TRAIN,4.0,Primary,3.0,Outer Western Melbourne,2 bedroom house,2025-03-01,450.0,490.0
Sunshine,METRO TRAIN,4.0,Primary,3.0,Outer Western Melbourne,3 bedroom flat,2025-03-01,530.0,575.0
Sunshine,METRO TRAIN,4.0,Primary,3.0,Outer Western Melbourne,3 bedroom house,2025-03-01,480.0,549.0
Sunshine,METRO TRAIN,4.0,Primary,3.0,Outer Western Melbourne,4 bedroom house,2025-03-01,593.0,658.0
Sunshine,METRO TRAIN,4.0,Primary,3.0,Outer Western Melbourne,All properties,2025-03-01,480.0,530.0
Sunshine,REGIONAL COACH,1.0,Primary,3.0,Outer Western Melbourne,1 bedroom flat,2025-03-01,330.0,365.0
Sunshine,REGIONAL COACH,1.0,Primary,3.0,Outer Western Melbourne,2 bedroom flat,2025-03-01,420.0,472.0
Sunshine,REGIONAL COACH,1.0,Primary,3.0,Outer Western Melbourne,2 bedroom house,2025-03-01,450.0,490.0
Sunshine,REGIONAL COACH,1.0,Primary,3.0,Outer Western Melbourne,3 bedroom flat,2025-03-01,530.0,575.0
Sunshine,REGIONAL COACH,1.0,Primary,3.0,Outer Western Melbourne,3 bedroom house,2025-03-01,480.0,549.0
Sunshine,REGIONAL COACH,1.0,Primary,3.0,Outer Western Melbourne,4 bedroom house,2025-03-01,593.0,658.0
Sunshine,REGIONAL COACH,1.0,Primary,3.0,Outer Western Melbourne,All properties,2025-03-01,480.0,530.0
Sunshine,REGIONAL TRAIN,2.0,Primary,3.0,Outer Western Melbourne,1 bedroom flat,2025-03-01,330.0,365.0
Sunshine,REGIONAL TRAIN,2.0,Primary,3.0,Outer Western Melbourne,2 bedroom flat,2025-03-01,420.0,472.0
Sunshine,REGIONAL TRAIN,2.0,Primary,3.0,Outer Western Melbourne,2 bedroom house,2025-03-01,450.0,490.0
Sunshine,REGIONAL TRAIN,2.0,Primary,3.0,Outer Western Melbourne,3 bedroom flat,2025-03-01,530.0,575.0
Sunshine,REGIONAL TRAIN,2.0,Primary,3.0,Outer Western Melbourne,3 bedroom house,2025-03-01,480.0,549.0
Sunshine,REGIONAL TRAIN,2.0,Primary,3.0,Outer Western Melbourne,4 bedroom house,2025-03-01,593.0,658.0
Sunshine,REGIONAL TRAIN,2.0,Primary,3.0,Outer Western Melbourne,All properties,2025-03-01,480.0,530.0
Sunshine North,METRO BUS,31.0,Primary,4.0,,,,,
Sunshine North,METRO BUS,31.0,Special,1.0,,,,,
Sunshine West,METRO BUS,68.0,Primary,5.0,,,,,
Sunshine West,METRO BUS,68.0,Secondary,2.0,,,,,
Sunshine West,METRO BUS,68.0,Special,1.0,,,,,
Sunshine West,REGIONAL COACH,1.0,Primary,5.0,,,,,
Sunshine West,REGIONAL COACH,1.0,Secondary,2.0,,,,,
Sunshine West,REGIONAL COACH,1.0,Special,1.0,,,,,
Sunshine West,REGIONAL TRAIN,2.0,Primary,5.0,,,,,
Sunshine West,REGIONAL TRAIN,2.0,Secondary,2.0,,,,,
Sunshine West,REGIONAL TRAIN,2.0,Special,1.0,,,,,
Surf Beach,REGIONAL BUS,1.0,,,,,,,
Surf Beach,REGIONAL COACH,1.0,,,,,,,
Surrey Hills,METRO BUS,23.0,Primary,4.0,,,,,
Surrey Hills,METRO TRAIN,2.0,Primary,4.0,,,,,
Surrey Hills,METRO TRAM,10.0,Primary,4.0,,,,,
Sutherland,,,,,,,,,
Sutherlands Creek,,,,,,,,,
Sutton,,,,,,,,,
Sutton Grange,,,,,,,,,
Swan Bay,,,,,,,,,
Swan Hill,REGIONAL BUS,45.0,Primary,4.0,Other Regional Centres,1 bedroom flat,2025-03-01,220.0,275.0
Swan Hill,REGIONAL BUS,45.0,Primary,4.0,Other Regional Centres,2 bedroom flat,2025-03-01,350.0,360.0
Swan Hill,REGIONAL BUS,45.0,Primary,4.0,Other Regional Centres,2 bedroom house,2024-12-01,365.0,385.0
Swan Hill,REGIONAL BUS,45.0,Primary,4.0,Other Regional Centres,3 bedroom flat,2025-03-01,445.0,450.0
Swan Hill,REGIONAL BUS,45.0,Primary,4.0,Other Regional Centres,3 bedroom house,2025-03-01,440.0,450.0
Swan Hill,REGIONAL BUS,45.0,Primary,4.0,Other Regional Centres,4 bedroom house,2025-03-01,550.0,555.0
Swan Hill,REGIONAL BUS,45.0,Primary,4.0,Other Regional Centres,All properties,2025-03-01,400.0,440.0
Swan Hill,REGIONAL BUS,45.0,Secondary,2.0,Other Regional Centres,1 bedroom flat,2025-03-01,220.0,275.0
Swan Hill,REGIONAL BUS,45.0,Secondary,2.0,Other Regional Centres,2 bedroom flat,2025-03-01,350.0,360.0
Swan Hill,REGIONAL BUS,45.0,Secondary,2.0,Other Regional Centres,2 bedroom house,2024-12-01,365.0,385.0
Swan Hill,REGIONAL BUS,45.0,Secondary,2.0,Other Regional Centres,3 bedroom flat,2025-03-01,445.0,450.0
Swan Hill,REGIONAL BUS,45.0,Secondary,2.0,Other Regional Centres,3 bedroom house,2025-03-01,440.0,450.0
Swan Hill,REGIONAL BUS,45.0,Secondary,2.0,Other Regional Centres,4 bedroom house,2025-03-01,550.0,555.0
Swan Hill,REGIONAL BUS,45.0,Secondary,2.0,Other Regional Centres,All properties,2025-03-01,400.0,440.0
Swan Hill,REGIONAL BUS,45.0,Special,1.0,Other Regional Centres,1 bedroom flat,2025-03-01,220.0,275.0
Swan Hill,REGIONAL BUS,45.0,Special,1.0,Other Regional Centres,2 bedroom flat,2025-03-01,350.0,360.0
Swan Hill,REGIONAL BUS,45.0,Special,1.0,Other Regional Centres,2 bedroom house,2024-12-01,365.0,385.0
Swan Hill,REGIONAL BUS,45.0,Special,1.0,Other Regional Centres,3 bedroom flat,2025-03-01,445.0,450.0
Swan Hill,REGIONAL BUS,45.0,Special,1.0,Other Regional Centres,3 bedroom house,2025-03-01,440.0,450.0
Swan Hill,REGIONAL BUS,45.0,Special,1.0,Other Regional Centres,4 bedroom house,2025-03-01,550.0,555.0
Swan Hill,REGIONAL BUS,45.0,Special,1.0,Other Regional Centres,All properties,2025-03-01,400.0,440.0
Swan Hill,REGIONAL COACH,1.0,Primary,4.0,Other Regional Centres,1 bedroom flat,2025-03-01,220.0,275.0
Swan Hill,REGIONAL COACH,1.0,Primary,4.0,Other Regional Centres,2 bedroom flat,2025-03-01,350.0,360.0
Swan Hill,REGIONAL COACH,1.0,Primary,4.0,Other Regional Centres,2 bedroom house,2024-12-01,365.0,385.0
Swan Hill,REGIONAL COACH,1.0,Primary,4.0,Other Regional Centres,3 bedroom flat,2025-03-01,445.0,450.0
Swan Hill,REGIONAL COACH,1.0,Primary,4.0,Other Regional Centres,3 bedroom house,2025-03-01,440.0,450.0
Swan Hill,REGIONAL COACH,1.0,Primary,4.0,Other Regional Centres,4 bedroom house,2025-03-01,550.0,555.0
Swan Hill,REGIONAL COACH,1.0,Primary,4.0,Other Regional Centres,All properties,2025-03-01,400.0,440.0
Swan Hill,REGIONAL COACH,1.0,Secondary,2.0,Other Regional Centres,1 bedroom flat,2025-03-01,220.0,275.0
Swan Hill,REGIONAL COACH,1.0,Secondary,2.0,Other Regional Centres,2 bedroom flat,2025-03-01,350.0,360.0
Swan Hill,REGIONAL COACH,1.0,Secondary,2.0,Other Regional Centres,2 bedroom house,2024-12-01,365.0,385.0
Swan Hill,REGIONAL COACH,1.0,Secondary,2.0,Other Regional Centres,3 bedroom flat,2025-03-01,445.0,450.0
Swan Hill,REGIONAL COACH,1.0,Secondary,2.0,Other Regional Centres,3 bedroom house,2025-03-01,440.0,450.0
Swan Hill,REGIONAL COACH,1.0,Secondary,2.0,Other Regional Centres,4 bedroom house,2025-03-01,550.0,555.0
Swan Hill,REGIONAL COACH,1.0,Secondary,2.0,Other Regional Centres,All properties,2025-03-01,400.0,440.0
Swan Hill,REGIONAL COACH,1.0,Special,1.0,Other Regional Centres,1 bedroom flat,2025-03-01,220.0,275.0
Swan Hill,REGIONAL COACH,1.0,Special,1.0,Other Regional Centres,2 bedroom flat,2025-03-01,350.0,360.0
Swan Hill,REGIONAL COACH,1.0,Special,1.0,Other Regional Centres,2 bedroom house,2024-12-01,365.0,385.0
Swan Hill,REGIONAL COACH,1.0,Special,1.0,Other Regional Centres,3 bedroom flat,2025-03-01,445.0,450.0
Swan Hill,REGIONAL COACH,1.0,Special,1.0,Other Regional Centres,3 bedroom house,2025-03-01,440.0,450.0
Swan Hill,REGIONAL COACH,1.0,Special,1.0,Other Regional Centres,4 bedroom house,2025-03-01,550.0,555.0
Swan Hill,REGIONAL COACH,1.0,Special,1.0,Other Regional Centres,All properties,2025-03-01,400.0,440.0
Swan Hill,REGIONAL TRAIN,2.0,Primary,4.0,Other Regional Centres,1 bedroom flat,2025-03-01,220.0,275.0
Swan Hill,REGIONAL TRAIN,2.0,Primary,4.0,Other Regional Centres,2 bedroom flat,2025-03-01,350.0,360.0
Swan Hill,REGIONAL TRAIN,2.0,Primary,4.0,Other Regional Centres,2 bedroom house,2024-12-01,365.0,385.0
Swan Hill,REGIONAL TRAIN,2.0,Primary,4.0,Other Regional Centres,3 bedroom flat,2025-03-01,445.0,450.0
Swan Hill,REGIONAL TRAIN,2.0,Primary,4.0,Other Regional Centres,3 bedroom house,2025-03-01,440.0,450.0
Swan Hill,REGIONAL TRAIN,2.0,Primary,4.0,Other Regional Centres,4 bedroom house,2025-03-01,550.0,555.0
Swan Hill,REGIONAL TRAIN,2.0,Primary,4.0,Other Regional Centres,All properties,2025-03-01,400.0,440.0
Swan Hill,REGIONAL TRAIN,2.0,Secondary,2.0,Other Regional Centres,1 bedroom flat,2025-03-01,220.0,275.0
Swan Hill,REGIONAL TRAIN,2.0,Secondary,2.0,Other Regional Centres,2 bedroom flat,2025-03-01,350.0,360.0
Swan Hill,REGIONAL TRAIN,2.0,Secondary,2.0,Other Regional Centres,2 bedroom house,2024-12-01,365.0,385.0
Swan Hill,REGIONAL TRAIN,2.0,Secondary,2.0,Other Regional Centres,3 bedroom flat,2025-03-01,445.0,450.0
Swan Hill,REGIONAL TRAIN,2.0,Secondary,2.0,Other Regional Centres,3 bedroom house,2025-03-01,440.0,450.0
Swan Hill,REGIONAL TRAIN,2.0,Secondary,2.0,Other Regional Centres,4 bedroom house,2025-03-01,550.0,555.0
Swan Hill,REGIONAL TRAIN,2.0,Secondary,2.0,Other Regional Centres,All properties,2025-03-01,400.0,440.0
Swan Hill,REGIONAL TRAIN,2.0,Special,1.0,Other Regional Centres,1 bedroom flat,2025-03-01,220.0,275.0
Swan Hill,REGIONAL TRAIN,2.0,Special,1.0,Other Regional Centres,2 bedroom flat,2025-03-01,350.0,360.0
Swan Hill,REGIONAL TRAIN,2.0,Special,1.0,Other Regional Centres,2 bedroom house,2024-12-01,365.0,385.0
Swan Hill,REGIONAL TRAIN,2.0,Special,1.0,Other Regional Centres,3 bedroom flat,2025-03-01,445.0,450.0
Swan Hill,REGIONAL TRAIN,2.0,Special,1.0,Other Regional Centres,3 bedroom house,2025-03-01,440.0,450.0
Swan Hill,REGIONAL TRAIN,2.0,Special,1.0,Other Regional Centres,4 bedroom house,2025-03-01,550.0,555.0
Swan Hill,REGIONAL TRAIN,2.0,Special,1.0,Other Regional Centres,All properties,2025-03-01,400.0,440.0
Swan Hill West,,,,,,,,,
Swan Island,,,,,,,,,
Swan Marsh,,,,,,,,,
Swan Reach,REGIONAL BUS,3.0,Primary,1.0,,,,,
Swan Reach,REGIONAL COACH,1.0,Primary,1.0,,,,,
Swanpool,,,,,,,,,
Swanwater,,,,,,,,,
Swanwater West,,,,,,,,,
Swifts Creek,REGIONAL BUS,1.0,Pri/Sec,1.0,,,,,
Sydenham,METRO BUS,22.0,Primary,2.0,Outer Western Melbourne,1 bedroom flat,2022-09-01,340.0,365.0
Sydenham,METRO BUS,22.0,Primary,2.0,Outer Western Melbourne,2 bedroom flat,2025-03-01,443.0,472.0
Sydenham,METRO BUS,22.0,Primary,2.0,Outer Western Melbourne,2 bedroom house,2025-03-01,440.0,490.0
Sydenham,METRO BUS,22.0,Primary,2.0,Outer Western Melbourne,3 bedroom flat,2025-03-01,470.0,575.0
Sydenham,METRO BUS,22.0,Primary,2.0,Outer Western Melbourne,3 bedroom house,2025-03-01,480.0,549.0
Sydenham,METRO BUS,22.0,Primary,2.0,Outer Western Melbourne,4 bedroom house,2025-03-01,540.0,658.0
Sydenham,METRO BUS,22.0,Primary,2.0,Outer Western Melbourne,All properties,2025-03-01,500.0,530.0
Sydenham,METRO BUS,22.0,Secondary,1.0,Outer Western Melbourne,1 bedroom flat,2022-09-01,340.0,365.0
Sydenham,METRO BUS,22.0,Secondary,1.0,Outer Western Melbourne,2 bedroom flat,2025-03-01,443.0,472.0
Sydenham,METRO BUS,22.0,Secondary,1.0,Outer Western Melbourne,2 bedroom house,2025-03-01,440.0,490.0
Sydenham,METRO BUS,22.0,Secondary,1.0,Outer Western Melbourne,3 bedroom flat,2025-03-01,470.0,575.0
Sydenham,METRO BUS,22.0,Secondary,1.0,Outer Western Melbourne,3 bedroom house,2025-03-01,480.0,549.0
Sydenham,METRO BUS,22.0,Secondary,1.0,Outer Western Melbourne,4 bedroom house,2025-03-01,540.0,658.0
Sydenham,METRO BUS,22.0,Secondary,1.0,Outer Western Melbourne,All properties,2025-03-01,500.0,530.0
Sydenham,METRO TRAIN,1.0,Primary,2.0,Outer Western Melbourne,1 bedroom flat,2022-09-01,340.0,365.0
Sydenham,METRO TRAIN,1.0,Primary,2.0,Outer Western Melbourne,2 bedroom flat,2025-03-01,443.0,472.0
Sydenham,METRO TRAIN,1.0,Primary,2.0,Outer Western Melbourne,2 bedroom house,2025-03-01,440.0,490.0
Sydenham,METRO TRAIN,1.0,Primary,2.0,Outer Western Melbourne,3 bedroom flat,2025-03-01,470.0,575.0
Sydenham,METRO TRAIN,1.0,Primary,2.0,Outer Western Melbourne,3 bedroom house,2025-03-01,480.0,549.0
Sydenham,METRO TRAIN,1.0,Primary,2.0,Outer Western Melbourne,4 bedroom house,2025-03-01,540.0,658.0
Sydenham,METRO TRAIN,1.0,Primary,2.0,Outer Western Melbourne,All properties,2025-03-01,500.0,530.0
Sydenham,METRO TRAIN,1.0,Secondary,1.0,Outer Western Melbourne,1 bedroom flat,2022-09-01,340.0,365.0
Sydenham,METRO TRAIN,1.0,Secondary,1.0,Outer Western Melbourne,2 bedroom flat,2025-03-01,443.0,472.0
Sydenham,METRO TRAIN,1.0,Secondary,1.0,Outer Western Melbourne,2 bedroom house,2025-03-01,440.0,490.0
Sydenham,METRO TRAIN,1.0,Secondary,1.0,Outer Western Melbourne,3 bedroom flat,2025-03-01,470.0,575.0
Sydenham,METRO TRAIN,1.0,Secondary,1.0,Outer Western Melbourne,3 bedroom house,2025-03-01,480.0,549.0
Sydenham,METRO TRAIN,1.0,Secondary,1.0,Outer Western Melbourne,4 bedroom house,2025-03-01,540.0,658.0
Sydenham,METRO TRAIN,1.0,Secondary,1.0,Outer Western Melbourne,All properties,2025-03-01,500.0,530.0
Sylvaterre,,,,,,,,,
Tabberabbera,,,,,,,,,
Tabilk,,,,,,,,,
Tabor,,,,,,,,,
Taggerty,METRO BUS,2.0,,,,,,,
Taggerty,REGIONAL BUS,2.0,,,,,,,
Tahara,,,,,,,,,
Tahara Bridge,,,,,,,,,
Tahara West,,,,,,,,,
Talbot,REGIONAL BUS,2.0,Primary,1.0,,,,,
Talbot,REGIONAL COACH,2.0,Primary,1.0,,,,,
Talbot,REGIONAL TRAIN,2.0,Primary,1.0,,,,,
Talgarno,,,Primary,1.0,,,,,
Tallandoon,,,,,,,,,
Tallangatta,REGIONAL BUS,1.0,Primary,2.0,,,,,
Tallangatta,REGIONAL BUS,1.0,Secondary,1.0,,,,,
Tallangatta East,,,,,,,,,
Tallangatta South,,,,,,,,,
Tallangatta Valley,,,,,,,,,
Tallarook,REGIONAL COACH,1.0,Primary,1.0,,,,,
Tallarook,REGIONAL TRAIN,2.0,Primary,1.0,,,,,
Tallygaroopna,REGIONAL COACH,1.0,Primary,1.0,,,,,
Tambo Crossing,,,,,,,,,
Tambo Upper,,,Primary,1.0,,,,,
Tamboon,,,,,,,,,
Tamboritha,,,,,,,,,
Taminick,,,,,,,,,
Tamleugh,,,,,,,,,
Tamleugh North,,,,,,,,,
Tandarook,,,,,,,,,
Tandarra,,,,,,,,,
Tangambalanga,REGIONAL BUS,1.0,Primary,1.0,,,,,
Tanjil,,,,,,,,,
Tanjil Bren,,,,,,,,,
Tanjil South,,,Primary,1.0,,,,,
Tantaraboo,,,,,,,,,
Tanwood,,,,,,,,,
Tanybryn,REGIONAL BUS,1.0,,,,,,,
Taradale,REGIONAL BUS,3.0,Primary,1.0,,,,,
Tarcombe,,,,,,,,,
Tarilta,,,,,,,,,
Tarnagulla,REGIONAL COACH,1.0,Primary,1.0,,,,,
Tarneit,METRO BUS,101.0,Pri/Sec,3.0,,,,,
Tarneit,METRO BUS,101.0,Primary,9.0,,,,,
Tarneit,METRO BUS,101.0,Secondary,3.0,,,,,
Tarneit,REGIONAL COACH,1.0,Pri/Sec,3.0,,,,,
Tarneit,REGIONAL COACH,1.0,Primary,9.0,,,,,
Tarneit,REGIONAL COACH,1.0,Secondary,3.0,,,,,
Tarneit,REGIONAL TRAIN,2.0,Pri/Sec,3.0,,,,,
Tarneit,REGIONAL TRAIN,2.0,Primary,9.0,,,,,
Tarneit,REGIONAL TRAIN,2.0,Secondary,3.0,,,,,
Tarnook,,,,,,,,,
Taroon,,,,,,,,,
Tarra Valley,,,,,,,,,
Tarranyurk,REGIONAL BUS,1.0,,,,,,,
Tarraville,,,,,,,,,
Tarrawarra,METRO BUS,1.0,,,,,,,
Tarrawingee,,,,,,,,,
Tarrayoukyan,,,,,,,,,
Tarrengower,,,,,,,,,
Tarrenlea,,,,,,,,,
Tarrington,REGIONAL BUS,1.0,Primary,1.0,,,,,
Tarrington,REGIONAL COACH,1.0,Primary,1.0,,,,,
Tarrone,,,,,,,,,
Tarwin,,,,,,,,,
Tarwin Lower,,,Primary,1.0,,,,,
Tatong,,,,,,,,,
Tatura,REGIONAL BUS,1.0,Primary,2.0,,,,,
Tatura,REGIONAL COACH,1.0,Primary,2.0,,,,,
Tatura East,,,,,,,,,
Tatyoon,,,,,,,,,
Tawonga,REGIONAL BUS,2.0,Primary,1.0,,,,,
Tawonga South,REGIONAL BUS,1.0,,,,,,,
Tawonga South,REGIONAL COACH,1.0,,,,,,,
Taylor Bay,,,,,,,,,
Taylors Hill,METRO BUS,21.0,Pri/Sec,1.0,,,,,
Taylors Hill,METRO BUS,21.0,Primary,1.0,,,,,
Taylors Lakes,METRO BUS,39.0,Primary,1.0,,,,,
Taylors Lakes,METRO BUS,39.0,Secondary,1.0,,,,,
Taylors Lakes,METRO TRAIN,3.0,Primary,1.0,,,,,
Taylors Lakes,METRO TRAIN,3.0,Secondary,1.0,,,,,
Taylors Lakes,REGIONAL COACH,1.0,Primary,1.0,,,,,
Taylors Lakes,REGIONAL COACH,1.0,Secondary,1.0,,,,,
Taylors Lakes,REGIONAL TRAIN,2.0,Primary,1.0,,,,,
Taylors Lakes,REGIONAL TRAIN,2.0,Secondary,1.0,,,,,
Teal Point,,,,,,,,,
Tecoma,METRO BUS,13.0,Primary,1.0,,,,,
Tecoma,METRO TRAIN,2.0,Primary,1.0,,,,,
Teddywaddy,REGIONAL COACH,1.0,,,,,,,
Teddywaddy West,,,,,,,,,
Teesdale,,,Primary,1.0,,,,,
Telangatuk East,,,,,,,,,
Telford,,,,,,,,,
Telopea Downs,,,,,,,,,
Templestowe,METRO BUS,79.0,Primary,3.0,,,,,
Templestowe Lower,METRO BUS,49.0,Primary,3.0,,,,,
Templestowe Lower,METRO BUS,49.0,Secondary,1.0,,,,,
Tempy,REGIONAL BUS,1.0,Primary,1.0,,,,,
Tempy,REGIONAL COACH,1.0,Primary,1.0,,,,,
Tenby Point,,,,,,,,,
Tennyson,,,,,,,,,
Terang,REGIONAL COACH,1.0,Pri/Sec,1.0,,,,,
Terang,REGIONAL COACH,1.0,Primary,1.0,,,,,
Terang,REGIONAL TRAIN,2.0,Pri/Sec,1.0,,,,,
Terang,REGIONAL TRAIN,2.0,Primary,1.0,,,,,
Terip Terip,,,,,,,,,
Terrappee,,,,,,,,,
Terrick Terrick,,,,,,,,,
Terrick Terrick East,,,,,,,,,
Tesbury,,,,,,,,,
Tetoora Road,,,,,,,,,
Thalia,,,,,,,,,
Thalloo,,,,,,,,,
The Basin,METRO BUS,15.0,Pri/Sec,1.0,,,,,
The Basin,METRO BUS,15.0,Primary,2.0,,,,,
The Cove,,,,,,,,,
The Gurdies,REGIONAL BUS,2.0,,,,,,,
The Gurdies,REGIONAL COACH,2.0,,,,,,,
The Heart,,,,,,,,,
The Honeysuckles,,,,,,,,,
The Patch,METRO BUS,6.0,Primary,1.0,,,,,
The Sisters,,,,,,,,,
Thologolong,,,,,,,,,
Thomastown,METRO BUS,85.0,Primary,7.0,,,,,
Thomastown,METRO BUS,85.0,Secondary,1.0,,,,,
Thomastown,METRO TRAIN,11.0,Primary,7.0,,,,,
Thomastown,METRO TRAIN,11.0,Secondary,1.0,,,,,
Thomson,REGIONAL BUS,14.0,Primary,3.0,,,,,
Thomson,REGIONAL BUS,14.0,Primary,3.0,,,,,
Thoona,,,,,,,,,
Thornbury,METRO BUS,44.0,Pri/Sec,1.0,North Eastern Melbourne,1 bedroom flat,2025-03-01,395.0,400.0
Thornbury,METRO BUS,44.0,Pri/Sec,1.0,North Eastern Melbourne,2 bedroom flat,2025-03-01,500.0,495.0
Thornbury,METRO BUS,44.0,Pri/Sec,1.0,North Eastern Melbourne,2 bedroom house,2025-03-01,650.0,500.0
Thornbury,METRO BUS,44.0,Pri/Sec,1.0,North Eastern Melbourne,3 bedroom flat,2025-03-01,720.0,635.0
Thornbury,METRO BUS,44.0,Pri/Sec,1.0,North Eastern Melbourne,3 bedroom house,2025-03-01,775.0,625.0
Thornbury,METRO BUS,44.0,Pri/Sec,1.0,North Eastern Melbourne,4 bedroom house,2025-03-01,1000.0,810.0
Thornbury,METRO BUS,44.0,Pri/Sec,1.0,North Eastern Melbourne,All properties,2025-03-01,540.0,550.0
Thornbury,METRO BUS,44.0,Primary,5.0,North Eastern Melbourne,1 bedroom flat,2025-03-01,395.0,400.0
Thornbury,METRO BUS,44.0,Primary,5.0,North Eastern Melbourne,2 bedroom flat,2025-03-01,500.0,495.0
Thornbury,METRO BUS,44.0,Primary,5.0,North Eastern Melbourne,2 bedroom house,2025-03-01,650.0,500.0
Thornbury,METRO BUS,44.0,Primary,5.0,North Eastern Melbourne,3 bedroom flat,2025-03-01,720.0,635.0
Thornbury,METRO BUS,44.0,Primary,5.0,North Eastern Melbourne,3 bedroom house,2025-03-01,775.0,625.0
Thornbury,METRO BUS,44.0,Primary,5.0,North Eastern Melbourne,4 bedroom house,2025-03-01,1000.0,810.0
Thornbury,METRO BUS,44.0,Primary,5.0,North Eastern Melbourne,All properties,2025-03-01,540.0,550.0
Thornbury,METRO BUS,44.0,Secondary,1.0,North Eastern Melbourne,1 bedroom flat,2025-03-01,395.0,400.0
Thornbury,METRO BUS,44.0,Secondary,1.0,North Eastern Melbourne,2 bedroom flat,2025-03-01,500.0,495.0
Thornbury,METRO BUS,44.0,Secondary,1.0,North Eastern Melbourne,2 bedroom house,2025-03-01,650.0,500.0
Thornbury,METRO BUS,44.0,Secondary,1.0,North Eastern Melbourne,3 bedroom flat,2025-03-01,720.0,635.0
Thornbury,METRO BUS,44.0,Secondary,1.0,North Eastern Melbourne,3 bedroom house,2025-03-01,775.0,625.0
Thornbury,METRO BUS,44.0,Secondary,1.0,North Eastern Melbourne,4 bedroom house,2025-03-01,1000.0,810.0
Thornbury,METRO BUS,44.0,Secondary,1.0,North Eastern Melbourne,All properties,2025-03-01,540.0,550.0
Thornbury,METRO TRAIN,7.0,Pri/Sec,1.0,North Eastern Melbourne,1 bedroom flat,2025-03-01,395.0,400.0
Thornbury,METRO TRAIN,7.0,Pri/Sec,1.0,North Eastern Melbourne,2 bedroom flat,2025-03-01,500.0,495.0
Thornbury,METRO TRAIN,7.0,Pri/Sec,1.0,North Eastern Melbourne,2 bedroom house,2025-03-01,650.0,500.0
Thornbury,METRO TRAIN,7.0,Pri/Sec,1.0,North Eastern Melbourne,3 bedroom flat,2025-03-01,720.0,635.0
Thornbury,METRO TRAIN,7.0,Pri/Sec,1.0,North Eastern Melbourne,3 bedroom house,2025-03-01,775.0,625.0
Thornbury,METRO TRAIN,7.0,Pri/Sec,1.0,North Eastern Melbourne,4 bedroom house,2025-03-01,1000.0,810.0
Thornbury,METRO TRAIN,7.0,Pri/Sec,1.0,North Eastern Melbourne,All properties,2025-03-01,540.0,550.0
Thornbury,METRO TRAIN,7.0,Primary,5.0,North Eastern Melbourne,1 bedroom flat,2025-03-01,395.0,400.0
Thornbury,METRO TRAIN,7.0,Primary,5.0,North Eastern Melbourne,2 bedroom flat,2025-03-01,500.0,495.0
Thornbury,METRO TRAIN,7.0,Primary,5.0,North Eastern Melbourne,2 bedroom house,2025-03-01,650.0,500.0
Thornbury,METRO TRAIN,7.0,Primary,5.0,North Eastern Melbourne,3 bedroom flat,2025-03-01,720.0,635.0
Thornbury,METRO TRAIN,7.0,Primary,5.0,North Eastern Melbourne,3 bedroom house,2025-03-01,775.0,625.0
Thornbury,METRO TRAIN,7.0,Primary,5.0,North Eastern Melbourne,4 bedroom house,2025-03-01,1000.0,810.0
Thornbury,METRO TRAIN,7.0,Primary,5.0,North Eastern Melbourne,All properties,2025-03-01,540.0,550.0
Thornbury,METRO TRAIN,7.0,Secondary,1.0,North Eastern Melbourne,1 bedroom flat,2025-03-01,395.0,400.0
Thornbury,METRO TRAIN,7.0,Secondary,1.0,North Eastern Melbourne,2 bedroom flat,2025-03-01,500.0,495.0
Thornbury,METRO TRAIN,7.0,Secondary,1.0,North Eastern Melbourne,2 bedroom house,2025-03-01,650.0,500.0
Thornbury,METRO TRAIN,7.0,Secondary,1.0,North Eastern Melbourne,3 bedroom flat,2025-03-01,720.0,635.0
Thornbury,METRO TRAIN,7.0,Secondary,1.0,North Eastern Melbourne,3 bedroom house,2025-03-01,775.0,625.0
Thornbury,METRO TRAIN,7.0,Secondary,1.0,North Eastern Melbourne,4 bedroom house,2025-03-01,1000.0,810.0
Thornbury,METRO TRAIN,7.0,Secondary,1.0,North Eastern Melbourne,All properties,2025-03-01,540.0,550.0
Thornbury,METRO TRAM,14.0,Pri/Sec,1.0,North Eastern Melbourne,1 bedroom flat,2025-03-01,395.0,400.0
Thornbury,METRO TRAM,14.0,Pri/Sec,1.0,North Eastern Melbourne,2 bedroom flat,2025-03-01,500.0,495.0
Thornbury,METRO TRAM,14.0,Pri/Sec,1.0,North Eastern Melbourne,2 bedroom house,2025-03-01,650.0,500.0
Thornbury,METRO TRAM,14.0,Pri/Sec,1.0,North Eastern Melbourne,3 bedroom flat,2025-03-01,720.0,635.0
Thornbury,METRO TRAM,14.0,Pri/Sec,1.0,North Eastern Melbourne,3 bedroom house,2025-03-01,775.0,625.0
Thornbury,METRO TRAM,14.0,Pri/Sec,1.0,North Eastern Melbourne,4 bedroom house,2025-03-01,1000.0,810.0
Thornbury,METRO TRAM,14.0,Pri/Sec,1.0,North Eastern Melbourne,All properties,2025-03-01,540.0,550.0
Thornbury,METRO TRAM,14.0,Primary,5.0,North Eastern Melbourne,1 bedroom flat,2025-03-01,395.0,400.0
Thornbury,METRO TRAM,14.0,Primary,5.0,North Eastern Melbourne,2 bedroom flat,2025-03-01,500.0,495.0
Thornbury,METRO TRAM,14.0,Primary,5.0,North Eastern Melbourne,2 bedroom house,2025-03-01,650.0,500.0
Thornbury,METRO TRAM,14.0,Primary,5.0,North Eastern Melbourne,3 bedroom flat,2025-03-01,720.0,635.0
Thornbury,METRO TRAM,14.0,Primary,5.0,North Eastern Melbourne,3 bedroom house,2025-03-01,775.0,625.0
Thornbury,METRO TRAM,14.0,Primary,5.0,North Eastern Melbourne,4 bedroom house,2025-03-01,1000.0,810.0
Thornbury,METRO TRAM,14.0,Primary,5.0,North Eastern Melbourne,All properties,2025-03-01,540.0,550.0
Thornbury,METRO TRAM,14.0,Secondary,1.0,North Eastern Melbourne,1 bedroom flat,2025-03-01,395.0,400.0
Thornbury,METRO TRAM,14.0,Secondary,1.0,North Eastern Melbourne,2 bedroom flat,2025-03-01,500.0,495.0
Thornbury,METRO TRAM,14.0,Secondary,1.0,North Eastern Melbourne,2 bedroom house,2025-03-01,650.0,500.0
Thornbury,METRO TRAM,14.0,Secondary,1.0,North Eastern Melbourne,3 bedroom flat,2025-03-01,720.0,635.0
Thornbury,METRO TRAM,14.0,Secondary,1.0,North Eastern Melbourne,3 bedroom house,2025-03-01,775.0,625.0
Thornbury,METRO TRAM,14.0,Secondary,1.0,North Eastern Melbourne,4 bedroom house,2025-03-01,1000.0,810.0
Thornbury,METRO TRAM,14.0,Secondary,1.0,North Eastern Melbourne,All properties,2025-03-01,540.0,550.0
Thornhill Park,,,Primary,1.0,,,,,
Thornton,METRO BUS,1.0,,,,,,,
Thornton,REGIONAL BUS,1.0,,,,,,,
Thorpdale,,,Primary,1.0,,,,,
Thorpdale South,,,,,,,,,
Thowgla Valley,,,,,,,,,
Three Bridges,,,,,,,,,
Tidal River,,,,,,,,,
Timbarra,,,,,,,,,
Timboon,REGIONAL BUS,3.0,Pri/Sec,1.0,,,,,
Timboon West,,,,,,,,,
Timmering,,,,,,,,,
Timor,,,Primary,1.0,,,,,
Timor West,,,,,,,,,
Tinamba,REGIONAL COACH,1.0,,,,,,,
Tinamba West,,,,,,,,,
Tintaldra,REGIONAL BUS,1.0,,,,,,,
Tittybong,,,,,,,,,
Tol Tol,,,,,,,,,
Tolmie,,,,,,,,,
Tom Groggin,,,,,,,,,
Tongala,REGIONAL COACH,1.0,Primary,2.0,,,,,
Tonghi Creek,,,,,,,,,
Tongio,,,,,,,,,
Tonimbuk,,,,,,,,,
Tooan,,,,,,,,,
Tooborac,REGIONAL COACH,1.0,,,,,,,
Toolamba,REGIONAL COACH,1.0,Primary,1.0,,,,,
Toolamba West,,,,,,,,,
Toolangi,,,Primary,1.0,,,,,
Toolern Vale,,,Primary,1.0,,,,,
Toolleen,REGIONAL COACH,1.0,,,,,,,
Toolome,,,,,,,,,
Toolondo,,,,,,,,,
Toolong,,,,,,,,,
Toombon,,,,,,,,,
Toongabbie,REGIONAL COACH,1.0,Primary,1.0,,,,,
Toora,REGIONAL COACH,1.0,Primary,1.0,,,,,
Toora North,,,,,,,,,
Tooradin,METRO BUS,5.0,Primary,1.0,,,,,
Tooradin,REGIONAL COACH,2.0,Primary,1.0,,,,,
Toorak,METRO BUS,17.0,Pri/Sec,3.0,Inner Melbourne,1 bedroom flat,2025-03-01,433.0,500.0
Toorak,METRO BUS,17.0,Pri/Sec,3.0,Inner Melbourne,2 bedroom flat,2025-03-01,650.0,658.0
Toorak,METRO BUS,17.0,Pri/Sec,3.0,Inner Melbourne,2 bedroom house,2025-03-01,698.0,742.0
Toorak,METRO BUS,17.0,Pri/Sec,3.0,Inner Melbourne,3 bedroom flat,2025-03-01,950.0,950.0
Toorak,METRO BUS,17.0,Pri/Sec,3.0,Inner Melbourne,3 bedroom house,2025-03-01,1225.0,973.0
Toorak,METRO BUS,17.0,Pri/Sec,3.0,Inner Melbourne,4 bedroom house,2025-03-01,1700.0,1325.0
Toorak,METRO BUS,17.0,Pri/Sec,3.0,Inner Melbourne,All properties,2025-03-01,650.0,640.0
Toorak,METRO BUS,17.0,Primary,1.0,Inner Melbourne,1 bedroom flat,2025-03-01,433.0,500.0
Toorak,METRO BUS,17.0,Primary,1.0,Inner Melbourne,2 bedroom flat,2025-03-01,650.0,658.0
Toorak,METRO BUS,17.0,Primary,1.0,Inner Melbourne,2 bedroom house,2025-03-01,698.0,742.0
Toorak,METRO BUS,17.0,Primary,1.0,Inner Melbourne,3 bedroom flat,2025-03-01,950.0,950.0
Toorak,METRO BUS,17.0,Primary,1.0,Inner Melbourne,3 bedroom house,2025-03-01,1225.0,973.0
Toorak,METRO BUS,17.0,Primary,1.0,Inner Melbourne,4 bedroom house,2025-03-01,1700.0,1325.0
Toorak,METRO BUS,17.0,Primary,1.0,Inner Melbourne,All properties,2025-03-01,650.0,640.0
Toorak,METRO TRAIN,3.0,Pri/Sec,3.0,Inner Melbourne,1 bedroom flat,2025-03-01,433.0,500.0
Toorak,METRO TRAIN,3.0,Pri/Sec,3.0,Inner Melbourne,2 bedroom flat,2025-03-01,650.0,658.0
Toorak,METRO TRAIN,3.0,Pri/Sec,3.0,Inner Melbourne,2 bedroom house,2025-03-01,698.0,742.0
Toorak,METRO TRAIN,3.0,Pri/Sec,3.0,Inner Melbourne,3 bedroom flat,2025-03-01,950.0,950.0
Toorak,METRO TRAIN,3.0,Pri/Sec,3.0,Inner Melbourne,3 bedroom house,2025-03-01,1225.0,973.0
Toorak,METRO TRAIN,3.0,Pri/Sec,3.0,Inner Melbourne,4 bedroom house,2025-03-01,1700.0,1325.0
Toorak,METRO TRAIN,3.0,Pri/Sec,3.0,Inner Melbourne,All properties,2025-03-01,650.0,640.0
Toorak,METRO TRAIN,3.0,Primary,1.0,Inner Melbourne,1 bedroom flat,2025-03-01,433.0,500.0
Toorak,METRO TRAIN,3.0,Primary,1.0,Inner Melbourne,2 bedroom flat,2025-03-01,650.0,658.0
Toorak,METRO TRAIN,3.0,Primary,1.0,Inner Melbourne,2 bedroom house,2025-03-01,698.0,742.0
Toorak,METRO TRAIN,3.0,Primary,1.0,Inner Melbourne,3 bedroom flat,2025-03-01,950.0,950.0
Toorak,METRO TRAIN,3.0,Primary,1.0,Inner Melbourne,3 bedroom house,2025-03-01,1225.0,973.0
Toorak,METRO TRAIN,3.0,Primary,1.0,Inner Melbourne,4 bedroom house,2025-03-01,1700.0,1325.0
Toorak,METRO TRAIN,3.0,Primary,1.0,Inner Melbourne,All properties,2025-03-01,650.0,640.0
Toorak,METRO TRAM,21.0,Pri/Sec,3.0,Inner Melbourne,1 bedroom flat,2025-03-01,433.0,500.0
Toorak,METRO TRAM,21.0,Pri/Sec,3.0,Inner Melbourne,2 bedroom flat,2025-03-01,650.0,658.0
Toorak,METRO TRAM,21.0,Pri/Sec,3.0,Inner Melbourne,2 bedroom house,2025-03-01,698.0,742.0
Toorak,METRO TRAM,21.0,Pri/Sec,3.0,Inner Melbourne,3 bedroom flat,2025-03-01,950.0,950.0
Toorak,METRO TRAM,21.0,Pri/Sec,3.0,Inner Melbourne,3 bedroom house,2025-03-01,1225.0,973.0
Toorak,METRO TRAM,21.0,Pri/Sec,3.0,Inner Melbourne,4 bedroom house,2025-03-01,1700.0,1325.0
Toorak,METRO TRAM,21.0,Pri/Sec,3.0,Inner Melbourne,All properties,2025-03-01,650.0,640.0
Toorak,METRO TRAM,21.0,Primary,1.0,Inner Melbourne,1 bedroom flat,2025-03-01,433.0,500.0
Toorak,METRO TRAM,21.0,Primary,1.0,Inner Melbourne,2 bedroom flat,2025-03-01,650.0,658.0
Toorak,METRO TRAM,21.0,Primary,1.0,Inner Melbourne,2 bedroom house,2025-03-01,698.0,742.0
Toorak,METRO TRAM,21.0,Primary,1.0,Inner Melbourne,3 bedroom flat,2025-03-01,950.0,950.0
Toorak,METRO TRAM,21.0,Primary,1.0,Inner Melbourne,3 bedroom house,2025-03-01,1225.0,973.0
Toorak,METRO TRAM,21.0,Primary,1.0,Inner Melbourne,4 bedroom house,2025-03-01,1700.0,1325.0
Toorak,METRO TRAM,21.0,Primary,1.0,Inner Melbourne,All properties,2025-03-01,650.0,640.0
Toorloo Arm,REGIONAL BUS,2.0,Primary,1.0,,,,,
Toorongo,,,,,,,,,
Tootgarook,METRO BUS,16.0,Primary,1.0,,,,,
Torquay,REGIONAL BUS,38.0,Primary,4.0,Other Regional Centres,1 bedroom flat,2024-12-01,310.0,275.0
Torquay,REGIONAL BUS,38.0,Primary,4.0,Other Regional Centres,2 bedroom flat,2025-03-01,495.0,360.0
Torquay,REGIONAL BUS,38.0,Primary,4.0,Other Regional Centres,2 bedroom house,2025-03-01,550.0,385.0
Torquay,REGIONAL BUS,38.0,Primary,4.0,Other Regional Centres,3 bedroom flat,2025-03-01,620.0,450.0
Torquay,REGIONAL BUS,38.0,Primary,4.0,Other Regional Centres,3 bedroom house,2025-03-01,650.0,450.0
Torquay,REGIONAL BUS,38.0,Primary,4.0,Other Regional Centres,4 bedroom house,2025-03-01,710.0,555.0
Torquay,REGIONAL BUS,38.0,Primary,4.0,Other Regional Centres,All properties,2025-03-01,650.0,440.0
Torquay,REGIONAL BUS,38.0,Secondary,1.0,Other Regional Centres,1 bedroom flat,2024-12-01,310.0,275.0
Torquay,REGIONAL BUS,38.0,Secondary,1.0,Other Regional Centres,2 bedroom flat,2025-03-01,495.0,360.0
Torquay,REGIONAL BUS,38.0,Secondary,1.0,Other Regional Centres,2 bedroom house,2025-03-01,550.0,385.0
Torquay,REGIONAL BUS,38.0,Secondary,1.0,Other Regional Centres,3 bedroom flat,2025-03-01,620.0,450.0
Torquay,REGIONAL BUS,38.0,Secondary,1.0,Other Regional Centres,3 bedroom house,2025-03-01,650.0,450.0
Torquay,REGIONAL BUS,38.0,Secondary,1.0,Other Regional Centres,4 bedroom house,2025-03-01,710.0,555.0
Torquay,REGIONAL BUS,38.0,Secondary,1.0,Other Regional Centres,All properties,2025-03-01,650.0,440.0
Torquay,REGIONAL COACH,5.0,Primary,4.0,Other Regional Centres,1 bedroom flat,2024-12-01,310.0,275.0
Torquay,REGIONAL COACH,5.0,Primary,4.0,Other Regional Centres,2 bedroom flat,2025-03-01,495.0,360.0
Torquay,REGIONAL COACH,5.0,Primary,4.0,Other Regional Centres,2 bedroom house,2025-03-01,550.0,385.0
Torquay,REGIONAL COACH,5.0,Primary,4.0,Other Regional Centres,3 bedroom flat,2025-03-01,620.0,450.0
Torquay,REGIONAL COACH,5.0,Primary,4.0,Other Regional Centres,3 bedroom house,2025-03-01,650.0,450.0
Torquay,REGIONAL COACH,5.0,Primary,4.0,Other Regional Centres,4 bedroom house,2025-03-01,710.0,555.0
Torquay,REGIONAL COACH,5.0,Primary,4.0,Other Regional Centres,All properties,2025-03-01,650.0,440.0
Torquay,REGIONAL COACH,5.0,Secondary,1.0,Other Regional Centres,1 bedroom flat,2024-12-01,310.0,275.0
Torquay,REGIONAL COACH,5.0,Secondary,1.0,Other Regional Centres,2 bedroom flat,2025-03-01,495.0,360.0
Torquay,REGIONAL COACH,5.0,Secondary,1.0,Other Regional Centres,2 bedroom house,2025-03-01,550.0,385.0
Torquay,REGIONAL COACH,5.0,Secondary,1.0,Other Regional Centres,3 bedroom flat,2025-03-01,620.0,450.0
Torquay,REGIONAL COACH,5.0,Secondary,1.0,Other Regional Centres,3 bedroom house,2025-03-01,650.0,450.0
Torquay,REGIONAL COACH,5.0,Secondary,1.0,Other Regional Centres,4 bedroom house,2025-03-01,710.0,555.0
Torquay,REGIONAL COACH,5.0,Secondary,1.0,Other Regional Centres,All properties,2025-03-01,650.0,440.0
Torrita,REGIONAL BUS,1.0,,,,,,,
Torrumbarry,REGIONAL BUS,1.0,,,,,,,
Torrumbarry,REGIONAL COACH,1.0,,,,,,,
Torwood,,,,,,,,,
Tostaree,REGIONAL COACH,1.0,,,,,,,
Tottenham,,,,,,,,,
Tottington,,,,,,,,,
Tourello,,,,,,,,,
Towan,,,,,,,,,
Towaninny,,,,,,,,,
Towaninny South,,,,,,,,,
Tower Hill,,,,,,,,,
Towong,REGIONAL BUS,1.0,,,,,,,
Towong Upper,,,,,,,,,
Trafalgar,REGIONAL BUS,2.0,Primary,2.0,,,,,
Trafalgar,REGIONAL BUS,2.0,Secondary,1.0,,,,,
Trafalgar,REGIONAL COACH,1.0,Primary,2.0,,,,,
Trafalgar,REGIONAL COACH,1.0,Secondary,1.0,,,,,
Trafalgar,REGIONAL TRAIN,2.0,Primary,2.0,,,,,
Trafalgar,REGIONAL TRAIN,2.0,Secondary,1.0,,,,,
Trafalgar East,REGIONAL BUS,1.0,,,,,,,
Trafalgar South,,,,,,,,,
Tragowel,,,,,,,,,
Traralgon,REGIONAL BUS,103.0,Primary,6.0,Other Regional Centres,1 bedroom flat,2025-03-01,285.0,275.0
Traralgon,REGIONAL BUS,103.0,Primary,6.0,Other Regional Centres,2 bedroom flat,2025-03-01,360.0,360.0
Traralgon,REGIONAL BUS,103.0,Primary,6.0,Other Regional Centres,2 bedroom house,2025-03-01,390.0,385.0
Traralgon,REGIONAL BUS,103.0,Primary,6.0,Other Regional Centres,3 bedroom flat,2025-03-01,450.0,450.0
Traralgon,REGIONAL BUS,103.0,Primary,6.0,Other Regional Centres,3 bedroom house,2025-03-01,443.0,450.0
Traralgon,REGIONAL BUS,103.0,Primary,6.0,Other Regional Centres,4 bedroom house,2025-03-01,555.0,555.0
Traralgon,REGIONAL BUS,103.0,Primary,6.0,Other Regional Centres,All properties,2025-03-01,440.0,440.0
Traralgon,REGIONAL BUS,103.0,Secondary,2.0,Other Regional Centres,1 bedroom flat,2025-03-01,285.0,275.0
Traralgon,REGIONAL BUS,103.0,Secondary,2.0,Other Regional Centres,2 bedroom flat,2025-03-01,360.0,360.0
Traralgon,REGIONAL BUS,103.0,Secondary,2.0,Other Regional Centres,2 bedroom house,2025-03-01,390.0,385.0
Traralgon,REGIONAL BUS,103.0,Secondary,2.0,Other Regional Centres,3 bedroom flat,2025-03-01,450.0,450.0
Traralgon,REGIONAL BUS,103.0,Secondary,2.0,Other Regional Centres,3 bedroom house,2025-03-01,443.0,450.0
Traralgon,REGIONAL BUS,103.0,Secondary,2.0,Other Regional Centres,4 bedroom house,2025-03-01,555.0,555.0
Traralgon,REGIONAL BUS,103.0,Secondary,2.0,Other Regional Centres,All properties,2025-03-01,440.0,440.0
Traralgon,REGIONAL BUS,103.0,Special,1.0,Other Regional Centres,1 bedroom flat,2025-03-01,285.0,275.0
Traralgon,REGIONAL BUS,103.0,Special,1.0,Other Regional Centres,2 bedroom flat,2025-03-01,360.0,360.0
Traralgon,REGIONAL BUS,103.0,Special,1.0,Other Regional Centres,2 bedroom house,2025-03-01,390.0,385.0
Traralgon,REGIONAL BUS,103.0,Special,1.0,Other Regional Centres,3 bedroom flat,2025-03-01,450.0,450.0
Traralgon,REGIONAL BUS,103.0,Special,1.0,Other Regional Centres,3 bedroom house,2025-03-01,443.0,450.0
Traralgon,REGIONAL BUS,103.0,Special,1.0,Other Regional Centres,4 bedroom house,2025-03-01,555.0,555.0
Traralgon,REGIONAL BUS,103.0,Special,1.0,Other Regional Centres,All properties,2025-03-01,440.0,440.0
Traralgon,REGIONAL COACH,3.0,Primary,6.0,Other Regional Centres,1 bedroom flat,2025-03-01,285.0,275.0
Traralgon,REGIONAL COACH,3.0,Primary,6.0,Other Regional Centres,2 bedroom flat,2025-03-01,360.0,360.0
Traralgon,REGIONAL COACH,3.0,Primary,6.0,Other Regional Centres,2 bedroom house,2025-03-01,390.0,385.0
Traralgon,REGIONAL COACH,3.0,Primary,6.0,Other Regional Centres,3 bedroom flat,2025-03-01,450.0,450.0
Traralgon,REGIONAL COACH,3.0,Primary,6.0,Other Regional Centres,3 bedroom house,2025-03-01,443.0,450.0
Traralgon,REGIONAL COACH,3.0,Primary,6.0,Other Regional Centres,4 bedroom house,2025-03-01,555.0,555.0
Traralgon,REGIONAL COACH,3.0,Primary,6.0,Other Regional Centres,All properties,2025-03-01,440.0,440.0
Traralgon,REGIONAL COACH,3.0,Secondary,2.0,Other Regional Centres,1 bedroom flat,2025-03-01,285.0,275.0
Traralgon,REGIONAL COACH,3.0,Secondary,2.0,Other Regional Centres,2 bedroom flat,2025-03-01,360.0,360.0
Traralgon,REGIONAL COACH,3.0,Secondary,2.0,Other Regional Centres,2 bedroom house,2025-03-01,390.0,385.0
Traralgon,REGIONAL COACH,3.0,Secondary,2.0,Other Regional Centres,3 bedroom flat,2025-03-01,450.0,450.0
Traralgon,REGIONAL COACH,3.0,Secondary,2.0,Other Regional Centres,3 bedroom house,2025-03-01,443.0,450.0
Traralgon,REGIONAL COACH,3.0,Secondary,2.0,Other Regional Centres,4 bedroom house,2025-03-01,555.0,555.0
Traralgon,REGIONAL COACH,3.0,Secondary,2.0,Other Regional Centres,All properties,2025-03-01,440.0,440.0
Traralgon,REGIONAL COACH,3.0,Special,1.0,Other Regional Centres,1 bedroom flat,2025-03-01,285.0,275.0
Traralgon,REGIONAL COACH,3.0,Special,1.0,Other Regional Centres,2 bedroom flat,2025-03-01,360.0,360.0
Traralgon,REGIONAL COACH,3.0,Special,1.0,Other Regional Centres,2 bedroom house,2025-03-01,390.0,385.0
Traralgon,REGIONAL COACH,3.0,Special,1.0,Other Regional Centres,3 bedroom flat,2025-03-01,450.0,450.0
Traralgon,REGIONAL COACH,3.0,Special,1.0,Other Regional Centres,3 bedroom house,2025-03-01,443.0,450.0
Traralgon,REGIONAL COACH,3.0,Special,1.0,Other Regional Centres,4 bedroom house,2025-03-01,555.0,555.0
Traralgon,REGIONAL COACH,3.0,Special,1.0,Other Regional Centres,All properties,2025-03-01,440.0,440.0
Traralgon,REGIONAL TRAIN,2.0,Primary,6.0,Other Regional Centres,1 bedroom flat,2025-03-01,285.0,275.0
Traralgon,REGIONAL TRAIN,2.0,Primary,6.0,Other Regional Centres,2 bedroom flat,2025-03-01,360.0,360.0
Traralgon,REGIONAL TRAIN,2.0,Primary,6.0,Other Regional Centres,2 bedroom house,2025-03-01,390.0,385.0
Traralgon,REGIONAL TRAIN,2.0,Primary,6.0,Other Regional Centres,3 bedroom flat,2025-03-01,450.0,450.0
Traralgon,REGIONAL TRAIN,2.0,Primary,6.0,Other Regional Centres,3 bedroom house,2025-03-01,443.0,450.0
Traralgon,REGIONAL TRAIN,2.0,Primary,6.0,Other Regional Centres,4 bedroom house,2025-03-01,555.0,555.0
Traralgon,REGIONAL TRAIN,2.0,Primary,6.0,Other Regional Centres,All properties,2025-03-01,440.0,440.0
Traralgon,REGIONAL TRAIN,2.0,Secondary,2.0,Other Regional Centres,1 bedroom flat,2025-03-01,285.0,275.0
Traralgon,REGIONAL TRAIN,2.0,Secondary,2.0,Other Regional Centres,2 bedroom flat,2025-03-01,360.0,360.0
Traralgon,REGIONAL TRAIN,2.0,Secondary,2.0,Other Regional Centres,2 bedroom house,2025-03-01,390.0,385.0
Traralgon,REGIONAL TRAIN,2.0,Secondary,2.0,Other Regional Centres,3 bedroom flat,2025-03-01,450.0,450.0
Traralgon,REGIONAL TRAIN,2.0,Secondary,2.0,Other Regional Centres,3 bedroom house,2025-03-01,443.0,450.0
Traralgon,REGIONAL TRAIN,2.0,Secondary,2.0,Other Regional Centres,4 bedroom house,2025-03-01,555.0,555.0
Traralgon,REGIONAL TRAIN,2.0,Secondary,2.0,Other Regional Centres,All properties,2025-03-01,440.0,440.0
Traralgon,REGIONAL TRAIN,2.0,Special,1.0,Other Regional Centres,1 bedroom flat,2025-03-01,285.0,275.0
Traralgon,REGIONAL TRAIN,2.0,Special,1.0,Other Regional Centres,2 bedroom flat,2025-03-01,360.0,360.0
Traralgon,REGIONAL TRAIN,2.0,Special,1.0,Other Regional Centres,2 bedroom house,2025-03-01,390.0,385.0
Traralgon,REGIONAL TRAIN,2.0,Special,1.0,Other Regional Centres,3 bedroom flat,2025-03-01,450.0,450.0
Traralgon,REGIONAL TRAIN,2.0,Special,1.0,Other Regional Centres,3 bedroom house,2025-03-01,443.0,450.0
Traralgon,REGIONAL TRAIN,2.0,Special,1.0,Other Regional Centres,4 bedroom house,2025-03-01,555.0,555.0
Traralgon,REGIONAL TRAIN,2.0,Special,1.0,Other Regional Centres,All properties,2025-03-01,440.0,440.0
Traralgon East,REGIONAL BUS,11.0,,,,,,,
Traralgon South,REGIONAL BUS,2.0,Primary,1.0,,,,,
Travancore,METRO BUS,4.0,Primary,1.0,,,,,
Travancore,METRO TRAM,4.0,Primary,1.0,,,,,
Trawalla,REGIONAL COACH,1.0,Primary,1.0,,,,,
Trawool,REGIONAL COACH,1.0,,,,,,,
Traynors Lagoon,,,,,,,,,
Tremont,METRO BUS,6.0,,,,,,,
Trentham,REGIONAL BUS,1.0,Primary,1.0,,,,,
Trentham,REGIONAL COACH,1.0,Primary,1.0,,,,,
Trentham East,,,,,,,,,
Tresco,,,,,,,,,
Tresco West,,,,,,,,,
Trida,,,,,,,,,
Truganina,METRO BUS,47.0,Pri/Sec,4.0,,,,,
Truganina,METRO BUS,47.0,Primary,4.0,,,,,
Truganina,METRO BUS,47.0,Secondary,1.0,,,,,
Tubbut,,,,,,,,,
Tuerong,,,,,,,,,
Tulkara,,,,,,,,,
Tullamarine,METRO BUS,37.0,Primary,1.0,,,,,
Tungamah,REGIONAL COACH,1.0,Primary,1.0,,,,,
Turoar,,,,,,,,,
Turriff,REGIONAL COACH,1.0,,,,,,,
Turriff East,,,,,,,,,
Turtons Creek,,,,,,,,,
Tutye,REGIONAL BUS,1.0,,,,,,,
Tyaak,,,,,,,,,
Tyabb,METRO BUS,10.0,Pri/Sec,1.0,,,,,
Tyabb,METRO BUS,10.0,Primary,2.0,,,,,
Tyabb,METRO TRAIN,2.0,Pri/Sec,1.0,,,,,
Tyabb,METRO TRAIN,2.0,Primary,2.0,,,,,
Tyenna,,,,,,,,,
Tyers,REGIONAL BUS,2.0,Primary,1.0,,,,,
Tyers,REGIONAL COACH,1.0,Primary,1.0,,,,,
Tylden,REGIONAL BUS,1.0,Primary,1.0,,,,,
Tylden,REGIONAL COACH,1.0,Primary,1.0,,,,,
Tylden South,,,,,,,,,
Tynong,REGIONAL BUS,2.0,Pri/Sec,1.0,,,,,
Tynong,REGIONAL COACH,1.0,Pri/Sec,1.0,,,,,
Tynong,REGIONAL TRAIN,2.0,Pri/Sec,1.0,,,,,
Tynong North,,,,,,,,,
Tyntynder,,,,,,,,,
Tyntynder South,,,,,,,,,
Tyrendarra,REGIONAL COACH,1.0,,,,,,,
Tyrendarra East,,,,,,,,,
Tyrrell,,,,,,,,,
Tyrrell Downs,,,,,,,,,
Ullina,,,,,,,,,
Ullswater,,,,,,,,,
Ultima,REGIONAL BUS,1.0,,,,,,,
Ultima East,,,,,,,,,
Ulupna,,,,,,,,,
Undera,,,Primary,1.0,,,,,
Underbool,REGIONAL BUS,2.0,Primary,1.0,,,,,
Underbool,REGIONAL COACH,1.0,Primary,1.0,,,,,
Upotipotpon,,,,,,,,,
Upper Ferntree Gully,METRO BUS,10.0,Primary,1.0,,,,,
Upper Ferntree Gully,METRO TRAIN,2.0,Primary,1.0,,,,,
Upper Gundowring,,,,,,,,,
Upper Lurg,,,,,,,,,
Upper Plenty,,,Primary,1.0,,,,,
Upper Ryans Creek,,,,,,,,,
Upton Hill,,,,,,,,,
Upwey,METRO BUS,27.0,Primary,2.0,,,,,
Upwey,METRO BUS,27.0,Secondary,1.0,,,,,
Upwey,METRO TRAIN,2.0,Primary,2.0,,,,,
Upwey,METRO TRAIN,2.0,Secondary,1.0,,,,,
Valencia Creek,,,,,,,,,
Vasey,,,,,,,,,
Vaughan,,,,,,,,,
Vectis,,,,,,,,,
Ventnor,REGIONAL BUS,6.0,Primary,1.0,,,,,
Venus Bay,,,,,,,,,
Vermont,METRO BUS,37.0,Primary,2.0,,,,,
Vermont,METRO BUS,37.0,Secondary,1.0,,,,,
Vermont South,METRO BUS,32.0,Pri/Sec,1.0,,,,,
Vermont South,METRO BUS,32.0,Primary,2.0,,,,,
Vermont South,METRO BUS,32.0,Special,1.0,,,,,
Vermont South,METRO TRAM,3.0,Pri/Sec,1.0,,,,,
Vermont South,METRO TRAM,3.0,Primary,2.0,,,,,
Vermont South,METRO TRAM,3.0,Special,1.0,,,,,
Vervale,,,,,,,,,
Vesper,,,,,,,,,
Victoria Point,,,,,,,,,
Victoria Valley,,,,,,,,,
Viewbank,METRO BUS,17.0,Primary,1.0,,,,,
Viewbank,METRO BUS,17.0,Secondary,1.0,,,,,
Vinifera,,,,,,,,,
Violet Town,REGIONAL COACH,1.0,Primary,1.0,,,,,
Violet Town,REGIONAL TRAIN,2.0,Primary,1.0,,,,,
Vite Vite,,,,,,,,,
Vite Vite North,,,,,,,,,
W Tree,REGIONAL BUS,1.0,,,,,,,
Waaia,,,,,,,,,
Waanyarra,,,,,,,,,
Waarre,,,,,,,,,
Wabonga,,,,,,,,,
Waggarandall,,,,,,,,,
Wahgunyah,REGIONAL BUS,1.0,Primary,1.0,,,,,
Wahgunyah,REGIONAL COACH,1.0,Primary,1.0,,,,,
Wahring,,,,,,,,,
Wail,,,,,,,,,
Wairewa,,,,,,,,,
Waitchie,,,,,,,,,
Wal Wal,,,,,,,,,
Waldara,,,,,,,,,
Walhalla,,,,,,,,,
Walhalla East,,,,,,,,,
Walkerville,,,,,,,,,
Walkerville North,,,,,,,,,
Walkerville South,,,,,,,,,
Wallace,REGIONAL BUS,2.0,,,,,,,
Wallacedale,,,,,,,,,
Wallagaraugh,,,,,,,,,
Wallaloo,,,,,,,,,
Wallaloo East,,,,,,,,,
Wallan,REGIONAL BUS,23.0,Primary,2.0,,,,,
Wallan,REGIONAL BUS,23.0,Secondary,1.0,,,,,
Wallan,REGIONAL COACH,2.0,Primary,2.0,,,,,
Wallan,REGIONAL COACH,2.0,Secondary,1.0,,,,,
Wallan,REGIONAL TRAIN,2.0,Primary,2.0,,,,,
Wallan,REGIONAL TRAIN,2.0,Secondary,1.0,,,,,
Wallinduc,,,,,,,,,
Wallington,REGIONAL BUS,8.0,Primary,1.0,,,,,
Wallup,,,,,,,,,
Walmer,,,,,,,,,
Walpa,,,,,,,,,
Walpeup,REGIONAL BUS,2.0,,,,,,,
Walpeup,REGIONAL COACH,1.0,,,,,,,
Walwa,REGIONAL BUS,1.0,Primary,1.0,,,,,
Wanalta,,,,,,,,,
Wandana Heights,REGIONAL BUS,2.0,,,,,,,
Wandella,,,,,,,,,
Wandiligong,,,Primary,1.0,,,,,
Wandin East,,,,,,,,,
Wandin North,METRO BUS,12.0,Primary,2.0,,,,,
Wando Bridge,,,,,,,,,
Wando Vale,,,,,,,,,
Wandong,REGIONAL COACH,1.0,Primary,1.0,,,,,
Wandong,REGIONAL TRAIN,2.0,Primary,1.0,,,,,
Wandown,,,,,,,,,
Wangandary,,,,,,,,,
Wangarabell,,,,,,,,,
Wangaratta,REGIONAL BUS,110.0,Pri/Sec,1.0,,,,,
Wangaratta,REGIONAL BUS,110.0,Primary,7.0,,,,,
Wangaratta,REGIONAL BUS,110.0,Secondary,2.0,,,,,
Wangaratta,REGIONAL BUS,110.0,Special,2.0,,,,,
Wangaratta,REGIONAL COACH,3.0,Pri/Sec,1.0,,,,,
Wangaratta,REGIONAL COACH,3.0,Primary,7.0,,,,,
Wangaratta,REGIONAL COACH,3.0,Secondary,2.0,,,,,
Wangaratta,REGIONAL COACH,3.0,Special,2.0,,,,,
Wangaratta,REGIONAL TRAIN,2.0,Pri/Sec,1.0,,,,,
Wangaratta,REGIONAL TRAIN,2.0,Primary,7.0,,,,,
Wangaratta,REGIONAL TRAIN,2.0,Secondary,2.0,,,,,
Wangaratta,REGIONAL TRAIN,2.0,Special,2.0,,,,,
Wangaratta South,,,,,,,,,
Wangie,,,,,,,,,
Wangoom,,,,,,,,,
Wannon,,,,,,,,,
Wantirna,METRO BUS,35.0,Primary,4.0,,,,,
Wantirna,METRO BUS,35.0,Secondary,1.0,,,,,
Wantirna South,METRO BUS,88.0,Pri/Sec,3.0,,,,,
Wantirna South,METRO BUS,88.0,Primary,3.0,,,,,
Wantirna South,METRO BUS,88.0,Special,1.0,,,,,
Waranga,,,,,,,,,
Waranga Shores,,,,,,,,,
Waratah Bay,,,,,,,,,
Warburton,METRO BUS,8.0,Primary,1.0,,,,,
Wareek,,,,,,,,,
Wargan,,,,,,,,,
Warmur,,,,,,,,,
Warncoort,,,,,,,,,
Warne,,,,,,,,,
Warneet,METRO BUS,6.0,,,,,,,
Warrabkook,,,,,,,,,
Warracknabeal,REGIONAL BUS,2.0,Primary,2.0,,,,,
Warracknabeal,REGIONAL BUS,2.0,Secondary,1.0,,,,,
Warracknabeal,REGIONAL BUS,2.0,Special,1.0,,,,,
Warracknabeal,REGIONAL COACH,1.0,Primary,2.0,,,,,
Warracknabeal,REGIONAL COACH,1.0,Secondary,1.0,,,,,
Warracknabeal,REGIONAL COACH,1.0,Special,1.0,,,,,
Warragul,REGIONAL BUS,79.0,Pri/Sec,1.0,Other Regional Centres,1 bedroom flat,2025-03-01,251.0,275.0
Warragul,REGIONAL BUS,79.0,Pri/Sec,1.0,Other Regional Centres,2 bedroom flat,2025-03-01,390.0,360.0
Warragul,REGIONAL BUS,79.0,Pri/Sec,1.0,Other Regional Centres,2 bedroom house,2025-03-01,410.0,385.0
Warragul,REGIONAL BUS,79.0,Pri/Sec,1.0,Other Regional Centres,3 bedroom flat,2025-03-01,440.0,450.0
Warragul,REGIONAL BUS,79.0,Pri/Sec,1.0,Other Regional Centres,3 bedroom house,2025-03-01,470.0,450.0
Warragul,REGIONAL BUS,79.0,Pri/Sec,1.0,Other Regional Centres,4 bedroom house,2025-03-01,580.0,555.0
Warragul,REGIONAL BUS,79.0,Pri/Sec,1.0,Other Regional Centres,All properties,2025-03-01,520.0,440.0
Warragul,REGIONAL BUS,79.0,Primary,4.0,Other Regional Centres,1 bedroom flat,2025-03-01,251.0,275.0
Warragul,REGIONAL BUS,79.0,Primary,4.0,Other Regional Centres,2 bedroom flat,2025-03-01,390.0,360.0
Warragul,REGIONAL BUS,79.0,Primary,4.0,Other Regional Centres,2 bedroom house,2025-03-01,410.0,385.0
Warragul,REGIONAL BUS,79.0,Primary,4.0,Other Regional Centres,3 bedroom flat,2025-03-01,440.0,450.0
Warragul,REGIONAL BUS,79.0,Primary,4.0,Other Regional Centres,3 bedroom house,2025-03-01,470.0,450.0
Warragul,REGIONAL BUS,79.0,Primary,4.0,Other Regional Centres,4 bedroom house,2025-03-01,580.0,555.0
Warragul,REGIONAL BUS,79.0,Primary,4.0,Other Regional Centres,All properties,2025-03-01,520.0,440.0
Warragul,REGIONAL BUS,79.0,Secondary,2.0,Other Regional Centres,1 bedroom flat,2025-03-01,251.0,275.0
Warragul,REGIONAL BUS,79.0,Secondary,2.0,Other Regional Centres,2 bedroom flat,2025-03-01,390.0,360.0
Warragul,REGIONAL BUS,79.0,Secondary,2.0,Other Regional Centres,2 bedroom house,2025-03-01,410.0,385.0
Warragul,REGIONAL BUS,79.0,Secondary,2.0,Other Regional Centres,3 bedroom flat,2025-03-01,440.0,450.0
Warragul,REGIONAL BUS,79.0,Secondary,2.0,Other Regional Centres,3 bedroom house,2025-03-01,470.0,450.0
Warragul,REGIONAL BUS,79.0,Secondary,2.0,Other Regional Centres,4 bedroom house,2025-03-01,580.0,555.0
Warragul,REGIONAL BUS,79.0,Secondary,2.0,Other Regional Centres,All properties,2025-03-01,520.0,440.0
Warragul,REGIONAL BUS,79.0,Special,2.0,Other Regional Centres,1 bedroom flat,2025-03-01,251.0,275.0
Warragul,REGIONAL BUS,79.0,Special,2.0,Other Regional Centres,2 bedroom flat,2025-03-01,390.0,360.0
Warragul,REGIONAL BUS,79.0,Special,2.0,Other Regional Centres,2 bedroom house,2025-03-01,410.0,385.0
Warragul,REGIONAL BUS,79.0,Special,2.0,Other Regional Centres,3 bedroom flat,2025-03-01,440.0,450.0
Warragul,REGIONAL BUS,79.0,Special,2.0,Other Regional Centres,3 bedroom house,2025-03-01,470.0,450.0
Warragul,REGIONAL BUS,79.0,Special,2.0,Other Regional Centres,4 bedroom house,2025-03-01,580.0,555.0
Warragul,REGIONAL BUS,79.0,Special,2.0,Other Regional Centres,All properties,2025-03-01,520.0,440.0
Warragul,REGIONAL COACH,2.0,Pri/Sec,1.0,Other Regional Centres,1 bedroom flat,2025-03-01,251.0,275.0
Warragul,REGIONAL COACH,2.0,Pri/Sec,1.0,Other Regional Centres,2 bedroom flat,2025-03-01,390.0,360.0
Warragul,REGIONAL COACH,2.0,Pri/Sec,1.0,Other Regional Centres,2 bedroom house,2025-03-01,410.0,385.0
Warragul,REGIONAL COACH,2.0,Pri/Sec,1.0,Other Regional Centres,3 bedroom flat,2025-03-01,440.0,450.0
Warragul,REGIONAL COACH,2.0,Pri/Sec,1.0,Other Regional Centres,3 bedroom house,2025-03-01,470.0,450.0
Warragul,REGIONAL COACH,2.0,Pri/Sec,1.0,Other Regional Centres,4 bedroom house,2025-03-01,580.0,555.0
Warragul,REGIONAL COACH,2.0,Pri/Sec,1.0,Other Regional Centres,All properties,2025-03-01,520.0,440.0
Warragul,REGIONAL COACH,2.0,Primary,4.0,Other Regional Centres,1 bedroom flat,2025-03-01,251.0,275.0
Warragul,REGIONAL COACH,2.0,Primary,4.0,Other Regional Centres,2 bedroom flat,2025-03-01,390.0,360.0
Warragul,REGIONAL COACH,2.0,Primary,4.0,Other Regional Centres,2 bedroom house,2025-03-01,410.0,385.0
Warragul,REGIONAL COACH,2.0,Primary,4.0,Other Regional Centres,3 bedroom flat,2025-03-01,440.0,450.0
Warragul,REGIONAL COACH,2.0,Primary,4.0,Other Regional Centres,3 bedroom house,2025-03-01,470.0,450.0
Warragul,REGIONAL COACH,2.0,Primary,4.0,Other Regional Centres,4 bedroom house,2025-03-01,580.0,555.0
Warragul,REGIONAL COACH,2.0,Primary,4.0,Other Regional Centres,All properties,2025-03-01,520.0,440.0
Warragul,REGIONAL COACH,2.0,Secondary,2.0,Other Regional Centres,1 bedroom flat,2025-03-01,251.0,275.0
Warragul,REGIONAL COACH,2.0,Secondary,2.0,Other Regional Centres,2 bedroom flat,2025-03-01,390.0,360.0
Warragul,REGIONAL COACH,2.0,Secondary,2.0,Other Regional Centres,2 bedroom house,2025-03-01,410.0,385.0
Warragul,REGIONAL COACH,2.0,Secondary,2.0,Other Regional Centres,3 bedroom flat,2025-03-01,440.0,450.0
Warragul,REGIONAL COACH,2.0,Secondary,2.0,Other Regional Centres,3 bedroom house,2025-03-01,470.0,450.0
Warragul,REGIONAL COACH,2.0,Secondary,2.0,Other Regional Centres,4 bedroom house,2025-03-01,580.0,555.0
Warragul,REGIONAL COACH,2.0,Secondary,2.0,Other Regional Centres,All properties,2025-03-01,520.0,440.0
Warragul,REGIONAL COACH,2.0,Special,2.0,Other Regional Centres,1 bedroom flat,2025-03-01,251.0,275.0
Warragul,REGIONAL COACH,2.0,Special,2.0,Other Regional Centres,2 bedroom flat,2025-03-01,390.0,360.0
Warragul,REGIONAL COACH,2.0,Special,2.0,Other Regional Centres,2 bedroom house,2025-03-01,410.0,385.0
Warragul,REGIONAL COACH,2.0,Special,2.0,Other Regional Centres,3 bedroom flat,2025-03-01,440.0,450.0
Warragul,REGIONAL COACH,2.0,Special,2.0,Other Regional Centres,3 bedroom house,2025-03-01,470.0,450.0
Warragul,REGIONAL COACH,2.0,Special,2.0,Other Regional Centres,4 bedroom house,2025-03-01,580.0,555.0
Warragul,REGIONAL COACH,2.0,Special,2.0,Other Regional Centres,All properties,2025-03-01,520.0,440.0
Warragul,REGIONAL TRAIN,2.0,Pri/Sec,1.0,Other Regional Centres,1 bedroom flat,2025-03-01,251.0,275.0
Warragul,REGIONAL TRAIN,2.0,Pri/Sec,1.0,Other Regional Centres,2 bedroom flat,2025-03-01,390.0,360.0
Warragul,REGIONAL TRAIN,2.0,Pri/Sec,1.0,Other Regional Centres,2 bedroom house,2025-03-01,410.0,385.0
Warragul,REGIONAL TRAIN,2.0,Pri/Sec,1.0,Other Regional Centres,3 bedroom flat,2025-03-01,440.0,450.0
Warragul,REGIONAL TRAIN,2.0,Pri/Sec,1.0,Other Regional Centres,3 bedroom house,2025-03-01,470.0,450.0
Warragul,REGIONAL TRAIN,2.0,Pri/Sec,1.0,Other Regional Centres,4 bedroom house,2025-03-01,580.0,555.0
Warragul,REGIONAL TRAIN,2.0,Pri/Sec,1.0,Other Regional Centres,All properties,2025-03-01,520.0,440.0
Warragul,REGIONAL TRAIN,2.0,Primary,4.0,Other Regional Centres,1 bedroom flat,2025-03-01,251.0,275.0
Warragul,REGIONAL TRAIN,2.0,Primary,4.0,Other Regional Centres,2 bedroom flat,2025-03-01,390.0,360.0
Warragul,REGIONAL TRAIN,2.0,Primary,4.0,Other Regional Centres,2 bedroom house,2025-03-01,410.0,385.0
Warragul,REGIONAL TRAIN,2.0,Primary,4.0,Other Regional Centres,3 bedroom flat,2025-03-01,440.0,450.0
Warragul,REGIONAL TRAIN,2.0,Primary,4.0,Other Regional Centres,3 bedroom house,2025-03-01,470.0,450.0
Warragul,REGIONAL TRAIN,2.0,Primary,4.0,Other Regional Centres,4 bedroom house,2025-03-01,580.0,555.0
Warragul,REGIONAL TRAIN,2.0,Primary,4.0,Other Regional Centres,All properties,2025-03-01,520.0,440.0
Warragul,REGIONAL TRAIN,2.0,Secondary,2.0,Other Regional Centres,1 bedroom flat,2025-03-01,251.0,275.0
Warragul,REGIONAL TRAIN,2.0,Secondary,2.0,Other Regional Centres,2 bedroom flat,2025-03-01,390.0,360.0
Warragul,REGIONAL TRAIN,2.0,Secondary,2.0,Other Regional Centres,2 bedroom house,2025-03-01,410.0,385.0
Warragul,REGIONAL TRAIN,2.0,Secondary,2.0,Other Regional Centres,3 bedroom flat,2025-03-01,440.0,450.0
Warragul,REGIONAL TRAIN,2.0,Secondary,2.0,Other Regional Centres,3 bedroom house,2025-03-01,470.0,450.0
Warragul,REGIONAL TRAIN,2.0,Secondary,2.0,Other Regional Centres,4 bedroom house,2025-03-01,580.0,555.0
Warragul,REGIONAL TRAIN,2.0,Secondary,2.0,Other Regional Centres,All properties,2025-03-01,520.0,440.0
Warragul,REGIONAL TRAIN,2.0,Special,2.0,Other Regional Centres,1 bedroom flat,2025-03-01,251.0,275.0
Warragul,REGIONAL TRAIN,2.0,Special,2.0,Other Regional Centres,2 bedroom flat,2025-03-01,390.0,360.0
Warragul,REGIONAL TRAIN,2.0,Special,2.0,Other Regional Centres,2 bedroom house,2025-03-01,410.0,385.0
Warragul,REGIONAL TRAIN,2.0,Special,2.0,Other Regional Centres,3 bedroom flat,2025-03-01,440.0,450.0
Warragul,REGIONAL TRAIN,2.0,Special,2.0,Other Regional Centres,3 bedroom house,2025-03-01,470.0,450.0
Warragul,REGIONAL TRAIN,2.0,Special,2.0,Other Regional Centres,4 bedroom house,2025-03-01,580.0,555.0
Warragul,REGIONAL TRAIN,2.0,Special,2.0,Other Regional Centres,All properties,2025-03-01,520.0,440.0
Warragul South,,,,,,,,,
Warragul West,,,,,,,,,
Warrak,,,,,,,,,
Warrandyte,METRO BUS,38.0,Primary,2.0,,,,,
Warrandyte,METRO BUS,38.0,Secondary,1.0,,,,,
Warrandyte South,METRO BUS,4.0,,,,,,,
Warranwood,METRO BUS,19.0,Pri/Sec,1.0,,,,,
Warranwood,METRO BUS,19.0,Primary,1.0,,,,,
Warrayure,,,,,,,,,
Warrenbayne,,,,,,,,,
Warrenheip,REGIONAL COACH,1.0,Primary,1.0,,,,,
Warrenmang,,,,,,,,,
Warrion,REGIONAL BUS,6.0,,,,,,,
Warrnambool,REGIONAL BUS,2.0,Pri/Sec,1.0,Other Regional Centres,1 bedroom flat,2025-03-01,323.0,275.0
Warrnambool,REGIONAL BUS,2.0,Pri/Sec,1.0,Other Regional Centres,2 bedroom flat,2025-03-01,400.0,360.0
Warrnambool,REGIONAL BUS,2.0,Pri/Sec,1.0,Other Regional Centres,2 bedroom house,2025-03-01,450.0,385.0
Warrnambool,REGIONAL BUS,2.0,Pri/Sec,1.0,Other Regional Centres,3 bedroom flat,2025-03-01,490.0,450.0
Warrnambool,REGIONAL BUS,2.0,Pri/Sec,1.0,Other Regional Centres,3 bedroom house,2025-03-01,530.0,450.0
Warrnambool,REGIONAL BUS,2.0,Pri/Sec,1.0,Other Regional Centres,4 bedroom house,2025-03-01,650.0,555.0
Warrnambool,REGIONAL BUS,2.0,Pri/Sec,1.0,Other Regional Centres,All properties,2025-03-01,500.0,440.0
Warrnambool,REGIONAL BUS,2.0,Primary,7.0,Other Regional Centres,1 bedroom flat,2025-03-01,323.0,275.0
Warrnambool,REGIONAL BUS,2.0,Primary,7.0,Other Regional Centres,2 bedroom flat,2025-03-01,400.0,360.0
Warrnambool,REGIONAL BUS,2.0,Primary,7.0,Other Regional Centres,2 bedroom house,2025-03-01,450.0,385.0
Warrnambool,REGIONAL BUS,2.0,Primary,7.0,Other Regional Centres,3 bedroom flat,2025-03-01,490.0,450.0
Warrnambool,REGIONAL BUS,2.0,Primary,7.0,Other Regional Centres,3 bedroom house,2025-03-01,530.0,450.0
Warrnambool,REGIONAL BUS,2.0,Primary,7.0,Other Regional Centres,4 bedroom house,2025-03-01,650.0,555.0
Warrnambool,REGIONAL BUS,2.0,Primary,7.0,Other Regional Centres,All properties,2025-03-01,500.0,440.0
Warrnambool,REGIONAL BUS,2.0,Secondary,3.0,Other Regional Centres,1 bedroom flat,2025-03-01,323.0,275.0
Warrnambool,REGIONAL BUS,2.0,Secondary,3.0,Other Regional Centres,2 bedroom flat,2025-03-01,400.0,360.0
Warrnambool,REGIONAL BUS,2.0,Secondary,3.0,Other Regional Centres,2 bedroom house,2025-03-01,450.0,385.0
Warrnambool,REGIONAL BUS,2.0,Secondary,3.0,Other Regional Centres,3 bedroom flat,2025-03-01,490.0,450.0
Warrnambool,REGIONAL BUS,2.0,Secondary,3.0,Other Regional Centres,3 bedroom house,2025-03-01,530.0,450.0
Warrnambool,REGIONAL BUS,2.0,Secondary,3.0,Other Regional Centres,4 bedroom house,2025-03-01,650.0,555.0
Warrnambool,REGIONAL BUS,2.0,Secondary,3.0,Other Regional Centres,All properties,2025-03-01,500.0,440.0
Warrnambool,REGIONAL BUS,2.0,Special,1.0,Other Regional Centres,1 bedroom flat,2025-03-01,323.0,275.0
Warrnambool,REGIONAL BUS,2.0,Special,1.0,Other Regional Centres,2 bedroom flat,2025-03-01,400.0,360.0
Warrnambool,REGIONAL BUS,2.0,Special,1.0,Other Regional Centres,2 bedroom house,2025-03-01,450.0,385.0
Warrnambool,REGIONAL BUS,2.0,Special,1.0,Other Regional Centres,3 bedroom flat,2025-03-01,490.0,450.0
Warrnambool,REGIONAL BUS,2.0,Special,1.0,Other Regional Centres,3 bedroom house,2025-03-01,530.0,450.0
Warrnambool,REGIONAL BUS,2.0,Special,1.0,Other Regional Centres,4 bedroom house,2025-03-01,650.0,555.0
Warrnambool,REGIONAL BUS,2.0,Special,1.0,Other Regional Centres,All properties,2025-03-01,500.0,440.0
Warrnambool,REGIONAL COACH,3.0,Pri/Sec,1.0,Other Regional Centres,1 bedroom flat,2025-03-01,323.0,275.0
Warrnambool,REGIONAL COACH,3.0,Pri/Sec,1.0,Other Regional Centres,2 bedroom flat,2025-03-01,400.0,360.0
Warrnambool,REGIONAL COACH,3.0,Pri/Sec,1.0,Other Regional Centres,2 bedroom house,2025-03-01,450.0,385.0
Warrnambool,REGIONAL COACH,3.0,Pri/Sec,1.0,Other Regional Centres,3 bedroom flat,2025-03-01,490.0,450.0
Warrnambool,REGIONAL COACH,3.0,Pri/Sec,1.0,Other Regional Centres,3 bedroom house,2025-03-01,530.0,450.0
Warrnambool,REGIONAL COACH,3.0,Pri/Sec,1.0,Other Regional Centres,4 bedroom house,2025-03-01,650.0,555.0
Warrnambool,REGIONAL COACH,3.0,Pri/Sec,1.0,Other Regional Centres,All properties,2025-03-01,500.0,440.0
Warrnambool,REGIONAL COACH,3.0,Primary,7.0,Other Regional Centres,1 bedroom flat,2025-03-01,323.0,275.0
Warrnambool,REGIONAL COACH,3.0,Primary,7.0,Other Regional Centres,2 bedroom flat,2025-03-01,400.0,360.0
Warrnambool,REGIONAL COACH,3.0,Primary,7.0,Other Regional Centres,2 bedroom house,2025-03-01,450.0,385.0
Warrnambool,REGIONAL COACH,3.0,Primary,7.0,Other Regional Centres,3 bedroom flat,2025-03-01,490.0,450.0
Warrnambool,REGIONAL COACH,3.0,Primary,7.0,Other Regional Centres,3 bedroom house,2025-03-01,530.0,450.0
Warrnambool,REGIONAL COACH,3.0,Primary,7.0,Other Regional Centres,4 bedroom house,2025-03-01,650.0,555.0
Warrnambool,REGIONAL COACH,3.0,Primary,7.0,Other Regional Centres,All properties,2025-03-01,500.0,440.0
Warrnambool,REGIONAL COACH,3.0,Secondary,3.0,Other Regional Centres,1 bedroom flat,2025-03-01,323.0,275.0
Warrnambool,REGIONAL COACH,3.0,Secondary,3.0,Other Regional Centres,2 bedroom flat,2025-03-01,400.0,360.0
Warrnambool,REGIONAL COACH,3.0,Secondary,3.0,Other Regional Centres,2 bedroom house,2025-03-01,450.0,385.0
Warrnambool,REGIONAL COACH,3.0,Secondary,3.0,Other Regional Centres,3 bedroom flat,2025-03-01,490.0,450.0
Warrnambool,REGIONAL COACH,3.0,Secondary,3.0,Other Regional Centres,3 bedroom house,2025-03-01,530.0,450.0
Warrnambool,REGIONAL COACH,3.0,Secondary,3.0,Other Regional Centres,4 bedroom house,2025-03-01,650.0,555.0
Warrnambool,REGIONAL COACH,3.0,Secondary,3.0,Other Regional Centres,All properties,2025-03-01,500.0,440.0
Warrnambool,REGIONAL COACH,3.0,Special,1.0,Other Regional Centres,1 bedroom flat,2025-03-01,323.0,275.0
Warrnambool,REGIONAL COACH,3.0,Special,1.0,Other Regional Centres,2 bedroom flat,2025-03-01,400.0,360.0
Warrnambool,REGIONAL COACH,3.0,Special,1.0,Other Regional Centres,2 bedroom house,2025-03-01,450.0,385.0
Warrnambool,REGIONAL COACH,3.0,Special,1.0,Other Regional Centres,3 bedroom flat,2025-03-01,490.0,450.0
Warrnambool,REGIONAL COACH,3.0,Special,1.0,Other Regional Centres,3 bedroom house,2025-03-01,530.0,450.0
Warrnambool,REGIONAL COACH,3.0,Special,1.0,Other Regional Centres,4 bedroom house,2025-03-01,650.0,555.0
Warrnambool,REGIONAL COACH,3.0,Special,1.0,Other Regional Centres,All properties,2025-03-01,500.0,440.0
Warrnambool,REGIONAL TRAIN,4.0,Pri/Sec,1.0,Other Regional Centres,1 bedroom flat,2025-03-01,323.0,275.0
Warrnambool,REGIONAL TRAIN,4.0,Pri/Sec,1.0,Other Regional Centres,2 bedroom flat,2025-03-01,400.0,360.0
Warrnambool,REGIONAL TRAIN,4.0,Pri/Sec,1.0,Other Regional Centres,2 bedroom house,2025-03-01,450.0,385.0
Warrnambool,REGIONAL TRAIN,4.0,Pri/Sec,1.0,Other Regional Centres,3 bedroom flat,2025-03-01,490.0,450.0
Warrnambool,REGIONAL TRAIN,4.0,Pri/Sec,1.0,Other Regional Centres,3 bedroom house,2025-03-01,530.0,450.0
Warrnambool,REGIONAL TRAIN,4.0,Pri/Sec,1.0,Other Regional Centres,4 bedroom house,2025-03-01,650.0,555.0
Warrnambool,REGIONAL TRAIN,4.0,Pri/Sec,1.0,Other Regional Centres,All properties,2025-03-01,500.0,440.0
Warrnambool,REGIONAL TRAIN,4.0,Primary,7.0,Other Regional Centres,1 bedroom flat,2025-03-01,323.0,275.0
Warrnambool,REGIONAL TRAIN,4.0,Primary,7.0,Other Regional Centres,2 bedroom flat,2025-03-01,400.0,360.0
Warrnambool,REGIONAL TRAIN,4.0,Primary,7.0,Other Regional Centres,2 bedroom house,2025-03-01,450.0,385.0
Warrnambool,REGIONAL TRAIN,4.0,Primary,7.0,Other Regional Centres,3 bedroom flat,2025-03-01,490.0,450.0
Warrnambool,REGIONAL TRAIN,4.0,Primary,7.0,Other Regional Centres,3 bedroom house,2025-03-01,530.0,450.0
Warrnambool,REGIONAL TRAIN,4.0,Primary,7.0,Other Regional Centres,4 bedroom house,2025-03-01,650.0,555.0
Warrnambool,REGIONAL TRAIN,4.0,Primary,7.0,Other Regional Centres,All properties,2025-03-01,500.0,440.0
Warrnambool,REGIONAL TRAIN,4.0,Secondary,3.0,Other Regional Centres,1 bedroom flat,2025-03-01,323.0,275.0
Warrnambool,REGIONAL TRAIN,4.0,Secondary,3.0,Other Regional Centres,2 bedroom flat,2025-03-01,400.0,360.0
Warrnambool,REGIONAL TRAIN,4.0,Secondary,3.0,Other Regional Centres,2 bedroom house,2025-03-01,450.0,385.0
Warrnambool,REGIONAL TRAIN,4.0,Secondary,3.0,Other Regional Centres,3 bedroom flat,2025-03-01,490.0,450.0
Warrnambool,REGIONAL TRAIN,4.0,Secondary,3.0,Other Regional Centres,3 bedroom house,2025-03-01,530.0,450.0
Warrnambool,REGIONAL TRAIN,4.0,Secondary,3.0,Other Regional Centres,4 bedroom house,2025-03-01,650.0,555.0
Warrnambool,REGIONAL TRAIN,4.0,Secondary,3.0,Other Regional Centres,All properties,2025-03-01,500.0,440.0
Warrnambool,REGIONAL TRAIN,4.0,Special,1.0,Other Regional Centres,1 bedroom flat,2025-03-01,323.0,275.0
Warrnambool,REGIONAL TRAIN,4.0,Special,1.0,Other Regional Centres,2 bedroom flat,2025-03-01,400.0,360.0
Warrnambool,REGIONAL TRAIN,4.0,Special,1.0,Other Regional Centres,2 bedroom house,2025-03-01,450.0,385.0
Warrnambool,REGIONAL TRAIN,4.0,Special,1.0,Other Regional Centres,3 bedroom flat,2025-03-01,490.0,450.0
Warrnambool,REGIONAL TRAIN,4.0,Special,1.0,Other Regional Centres,3 bedroom house,2025-03-01,530.0,450.0
Warrnambool,REGIONAL TRAIN,4.0,Special,1.0,Other Regional Centres,4 bedroom house,2025-03-01,650.0,555.0
Warrnambool,REGIONAL TRAIN,4.0,Special,1.0,Other Regional Centres,All properties,2025-03-01,500.0,440.0
Warrock,,,,,,,,,
Warrong,,,,,,,,,
Wartook,,,,,,,,,
Watchem,REGIONAL COACH,1.0,,,,,,,
Watchem West,,,,,,,,,
Watchupga,,,,,,,,,
Waterford Park,,,,,,,,,
Waterholes,,,,,,,,,
Waterloo,,,,,,,,,
Waterways,METRO BUS,3.0,,,,,,,
Watsonia,METRO BUS,19.0,Primary,1.0,,,,,
Watsonia,METRO BUS,19.0,Secondary,1.0,,,,,
Watsonia,METRO TRAIN,3.0,Primary,1.0,,,,,
Watsonia,METRO TRAIN,3.0,Secondary,1.0,,,,,
Watsonia North,METRO BUS,13.0,Primary,1.0,,,,,
Watsons Creek,,,,,,,,,
Wattle Bank,,,,,,,,,
Wattle Creek,,,,,,,,,
Wattle Flat,,,,,,,,,
Wattle Glen,METRO BUS,1.0,Primary,1.0,,,,,
Wattle Glen,METRO TRAIN,7.0,Primary,1.0,,,,,
Wattle Hill,,,,,,,,,
Waubra,REGIONAL BUS,1.0,Primary,1.0,,,,,
Waurn Ponds,REGIONAL BUS,14.0,,,,,,,
Waurn Ponds,REGIONAL COACH,2.0,,,,,,,
Waurn Ponds,REGIONAL TRAIN,1.0,,,,,,,
Waygara,REGIONAL COACH,1.0,,,,,,,
Weatherboard,,,,,,,,,
Wedderburn,REGIONAL BUS,2.0,Pri/Sec,1.0,,,,,
Wedderburn,REGIONAL COACH,1.0,Pri/Sec,1.0,,,,,
Wedderburn Junction,,,,,,,,,
Wee Wee Rup,,,,,,,,,
Weeaproinah,,,,,,,,,
Weering,,,,,,,,,
Weerite,,,,,,,,,
Wehla,,,,,,,,,
Weir Views,REGIONAL BUS,4.0,Primary,1.0,,,,,
Wellsford,,,,,,,,,
Welshmans Reef,REGIONAL COACH,1.0,,,,,,,
Welshpool,REGIONAL COACH,1.0,Primary,1.0,,,,,
Wemen,,,,,,,,,
Wendouree,REGIONAL BUS,60.0,Pri/Sec,2.0,,,,,
Wendouree,REGIONAL BUS,60.0,Primary,3.0,,,,,
Wendouree,REGIONAL BUS,60.0,Secondary,1.0,,,,,
Wendouree,REGIONAL COACH,1.0,Pri/Sec,2.0,,,,,
Wendouree,REGIONAL COACH,1.0,Primary,3.0,,,,,
Wendouree,REGIONAL COACH,1.0,Secondary,1.0,,,,,
Wendouree,REGIONAL TRAIN,1.0,Pri/Sec,2.0,,,,,
Wendouree,REGIONAL TRAIN,1.0,Primary,3.0,,,,,
Wendouree,REGIONAL TRAIN,1.0,Secondary,1.0,,,,,
Wensleydale,,,,,,,,,
Wentworth,,,,,,,,,
Werneth,,,,,,,,,
Werona,,,,,,,,,
Werribee,METRO BUS,145.0,Pri/Sec,1.0,,,,,
Werribee,METRO BUS,145.0,Primary,11.0,,,,,
Werribee,METRO BUS,145.0,Secondary,5.0,,,,,
Werribee,METRO BUS,145.0,Special,2.0,,,,,
Werribee,METRO TRAIN,5.0,Pri/Sec,1.0,,,,,
Werribee,METRO TRAIN,5.0,Primary,11.0,,,,,
Werribee,METRO TRAIN,5.0,Secondary,5.0,,,,,
Werribee,METRO TRAIN,5.0,Special,2.0,,,,,
Werribee,SKYBUS,1.0,Pri/Sec,1.0,,,,,
Werribee,SKYBUS,1.0,Primary,11.0,,,,,
Werribee,SKYBUS,1.0,Secondary,5.0,,,,,
Werribee,SKYBUS,1.0,Special,2.0,,,,,
Werribee South,METRO BUS,11.0,,,,,,,
Werrimull,,,Pri/Sec,1.0,,,,,
Wesburn,METRO BUS,6.0,Primary,1.0,,,,,
West Bendigo,REGIONAL BUS,2.0,,,,,,,
West Creek,,,,,,,,,
West Footscray,METRO BUS,43.0,Primary,2.0,Outer Western Melbourne,1 bedroom flat,2025-03-01,350.0,365.0
West Footscray,METRO BUS,43.0,Primary,2.0,Outer Western Melbourne,2 bedroom flat,2025-03-01,475.0,472.0
West Footscray,METRO BUS,43.0,Primary,2.0,Outer Western Melbourne,2 bedroom house,2025-03-01,500.0,490.0
West Footscray,METRO BUS,43.0,Primary,2.0,Outer Western Melbourne,3 bedroom flat,2025-03-01,600.0,575.0
West Footscray,METRO BUS,43.0,Primary,2.0,Outer Western Melbourne,3 bedroom house,2025-03-01,600.0,549.0
West Footscray,METRO BUS,43.0,Primary,2.0,Outer Western Melbourne,4 bedroom house,2025-03-01,723.0,658.0
West Footscray,METRO BUS,43.0,Primary,2.0,Outer Western Melbourne,All properties,2025-03-01,540.0,530.0
West Footscray,METRO BUS,43.0,Secondary,1.0,Outer Western Melbourne,1 bedroom flat,2025-03-01,350.0,365.0
West Footscray,METRO BUS,43.0,Secondary,1.0,Outer Western Melbourne,2 bedroom flat,2025-03-01,475.0,472.0
West Footscray,METRO BUS,43.0,Secondary,1.0,Outer Western Melbourne,2 bedroom house,2025-03-01,500.0,490.0
West Footscray,METRO BUS,43.0,Secondary,1.0,Outer Western Melbourne,3 bedroom flat,2025-03-01,600.0,575.0
West Footscray,METRO BUS,43.0,Secondary,1.0,Outer Western Melbourne,3 bedroom house,2025-03-01,600.0,549.0
West Footscray,METRO BUS,43.0,Secondary,1.0,Outer Western Melbourne,4 bedroom house,2025-03-01,723.0,658.0
West Footscray,METRO BUS,43.0,Secondary,1.0,Outer Western Melbourne,All properties,2025-03-01,540.0,530.0
West Footscray,METRO TRAIN,6.0,Primary,2.0,Outer Western Melbourne,1 bedroom flat,2025-03-01,350.0,365.0
West Footscray,METRO TRAIN,6.0,Primary,2.0,Outer Western Melbourne,2 bedroom flat,2025-03-01,475.0,472.0
West Footscray,METRO TRAIN,6.0,Primary,2.0,Outer Western Melbourne,2 bedroom house,2025-03-01,500.0,490.0
West Footscray,METRO TRAIN,6.0,Primary,2.0,Outer Western Melbourne,3 bedroom flat,2025-03-01,600.0,575.0
West Footscray,METRO TRAIN,6.0,Primary,2.0,Outer Western Melbourne,3 bedroom house,2025-03-01,600.0,549.0
West Footscray,METRO TRAIN,6.0,Primary,2.0,Outer Western Melbourne,4 bedroom house,2025-03-01,723.0,658.0
West Footscray,METRO TRAIN,6.0,Primary,2.0,Outer Western Melbourne,All properties,2025-03-01,540.0,530.0
West Footscray,METRO TRAIN,6.0,Secondary,1.0,Outer Western Melbourne,1 bedroom flat,2025-03-01,350.0,365.0
West Footscray,METRO TRAIN,6.0,Secondary,1.0,Outer Western Melbourne,2 bedroom flat,2025-03-01,475.0,472.0
West Footscray,METRO TRAIN,6.0,Secondary,1.0,Outer Western Melbourne,2 bedroom house,2025-03-01,500.0,490.0
West Footscray,METRO TRAIN,6.0,Secondary,1.0,Outer Western Melbourne,3 bedroom flat,2025-03-01,600.0,575.0
West Footscray,METRO TRAIN,6.0,Secondary,1.0,Outer Western Melbourne,3 bedroom house,2025-03-01,600.0,549.0
West Footscray,METRO TRAIN,6.0,Secondary,1.0,Outer Western Melbourne,4 bedroom house,2025-03-01,723.0,658.0
West Footscray,METRO TRAIN,6.0,Secondary,1.0,Outer Western Melbourne,All properties,2025-03-01,540.0,530.0
West Melbourne,METRO BUS,25.0,Secondary,1.0,,,,,
West Melbourne,METRO TRAIN,5.0,Secondary,1.0,,,,,
West Melbourne,METRO TRAM,5.0,Secondary,1.0,,,,,
West Melbourne,REGIONAL COACH,1.0,Secondary,1.0,,,,,
West Melbourne,REGIONAL TRAIN,2.0,Secondary,1.0,,,,,
West Wodonga,REGIONAL BUS,27.0,Pri/Sec,1.0,,,,,
West Wodonga,REGIONAL BUS,27.0,Primary,1.0,,,,,
West Wodonga,REGIONAL BUS,27.0,Secondary,1.0,,,,,
West Wodonga,REGIONAL BUS,27.0,Special,1.0,,,,,
West Wodonga,REGIONAL COACH,1.0,Pri/Sec,1.0,,,,,
West Wodonga,REGIONAL COACH,1.0,Primary,1.0,,,,,
West Wodonga,REGIONAL COACH,1.0,Secondary,1.0,,,,,
West Wodonga,REGIONAL COACH,1.0,Special,1.0,,,,,
Westbury,,,,,,,,,
Westby,,,,,,,,,
Westmeadows,METRO BUS,21.0,Primary,1.0,,,,,
Westmere,REGIONAL COACH,1.0,,,,,,,
Whanregarwen,,,,,,,,,
Wharparilla,,,,,,,,,
Wheatsheaf,,,,,,,,,
Wheelers Hill,METRO BUS,73.0,Primary,6.0,,,,,
Wheelers Hill,METRO BUS,73.0,Secondary,1.0,,,,,
Wheelers Hill,METRO BUS,73.0,Special,1.0,,,,,
Whipstick,,,,,,,,,
Whirily,,,,,,,,,
White Hills,REGIONAL BUS,26.0,Primary,2.0,,,,,
White Hills,REGIONAL BUS,26.0,Secondary,1.0,,,,,
Whiteheads Creek,REGIONAL COACH,1.0,,,,,,,
Whitelaw,,,,,,,,,
Whitfield,REGIONAL BUS,1.0,Primary,1.0,,,,,
Whitlands,,,,,,,,,
Whittington,REGIONAL BUS,21.0,Primary,1.0,,,,,
Whittington,REGIONAL BUS,21.0,Special,1.0,,,,,
Whittlesea,METRO BUS,19.0,Primary,2.0,North Eastern Melbourne,1 bedroom flat,2023-06-01,310.0,400.0
Whittlesea,METRO BUS,19.0,Primary,2.0,North Eastern Melbourne,2 bedroom flat,2025-03-01,450.0,495.0
Whittlesea,METRO BUS,19.0,Primary,2.0,North Eastern Melbourne,2 bedroom house,2025-03-01,450.0,500.0
Whittlesea,METRO BUS,19.0,Primary,2.0,North Eastern Melbourne,3 bedroom flat,2025-03-01,500.0,635.0
Whittlesea,METRO BUS,19.0,Primary,2.0,North Eastern Melbourne,3 bedroom house,2025-03-01,510.0,625.0
Whittlesea,METRO BUS,19.0,Primary,2.0,North Eastern Melbourne,4 bedroom house,2025-03-01,560.0,810.0
Whittlesea,METRO BUS,19.0,Primary,2.0,North Eastern Melbourne,All properties,2025-03-01,540.0,550.0
Whittlesea,METRO BUS,19.0,Secondary,1.0,North Eastern Melbourne,1 bedroom flat,2023-06-01,310.0,400.0
Whittlesea,METRO BUS,19.0,Secondary,1.0,North Eastern Melbourne,2 bedroom flat,2025-03-01,450.0,495.0
Whittlesea,METRO BUS,19.0,Secondary,1.0,North Eastern Melbourne,2 bedroom house,2025-03-01,450.0,500.0
Whittlesea,METRO BUS,19.0,Secondary,1.0,North Eastern Melbourne,3 bedroom flat,2025-03-01,500.0,635.0
Whittlesea,METRO BUS,19.0,Secondary,1.0,North Eastern Melbourne,3 bedroom house,2025-03-01,510.0,625.0
Whittlesea,METRO BUS,19.0,Secondary,1.0,North Eastern Melbourne,4 bedroom house,2025-03-01,560.0,810.0
Whittlesea,METRO BUS,19.0,Secondary,1.0,North Eastern Melbourne,All properties,2025-03-01,540.0,550.0
Whittlesea,REGIONAL COACH,2.0,Primary,2.0,North Eastern Melbourne,1 bedroom flat,2023-06-01,310.0,400.0
Whittlesea,REGIONAL COACH,2.0,Primary,2.0,North Eastern Melbourne,2 bedroom flat,2025-03-01,450.0,495.0
Whittlesea,REGIONAL COACH,2.0,Primary,2.0,North Eastern Melbourne,2 bedroom house,2025-03-01,450.0,500.0
Whittlesea,REGIONAL COACH,2.0,Primary,2.0,North Eastern Melbourne,3 bedroom flat,2025-03-01,500.0,635.0
Whittlesea,REGIONAL COACH,2.0,Primary,2.0,North Eastern Melbourne,3 bedroom house,2025-03-01,510.0,625.0
Whittlesea,REGIONAL COACH,2.0,Primary,2.0,North Eastern Melbourne,4 bedroom house,2025-03-01,560.0,810.0
Whittlesea,REGIONAL COACH,2.0,Primary,2.0,North Eastern Melbourne,All properties,2025-03-01,540.0,550.0
Whittlesea,REGIONAL COACH,2.0,Secondary,1.0,North Eastern Melbourne,1 bedroom flat,2023-06-01,310.0,400.0
Whittlesea,REGIONAL COACH,2.0,Secondary,1.0,North Eastern Melbourne,2 bedroom flat,2025-03-01,450.0,495.0
Whittlesea,REGIONAL COACH,2.0,Secondary,1.0,North Eastern Melbourne,2 bedroom house,2025-03-01,450.0,500.0
Whittlesea,REGIONAL COACH,2.0,Secondary,1.0,North Eastern Melbourne,3 bedroom flat,2025-03-01,500.0,635.0
Whittlesea,REGIONAL COACH,2.0,Secondary,1.0,North Eastern Melbourne,3 bedroom house,2025-03-01,510.0,625.0
Whittlesea,REGIONAL COACH,2.0,Secondary,1.0,North Eastern Melbourne,4 bedroom house,2025-03-01,560.0,810.0
Whittlesea,REGIONAL COACH,2.0,Secondary,1.0,North Eastern Melbourne,All properties,2025-03-01,540.0,550.0
Whoorel,,,,,,,,,
Whorouly,,,Primary,1.0,,,,,
Whorouly East,,,,,,,,,
Whorouly South,,,,,,,,,
Whroo,,,,,,,,,
Wickliffe,REGIONAL BUS,1.0,,,,,,,
Wickliffe,REGIONAL COACH,1.0,,,,,,,
Wilby,,,,,,,,,
Wild Dog Valley,,,,,,,,,
Wildwood,,,,,,,,,
Wilkur,,,,,,,,,
Willangie,,,,,,,,,
Willatook,,,,,,,,,
Willaura,REGIONAL BUS,2.0,Primary,1.0,,,,,
Willaura North,,,,,,,,,
Willenabrina,,,,,,,,,
Williams Landing,METRO BUS,16.0,,,,,,,
Williams Landing,METRO TRAIN,3.0,,,,,,,
Williamstown,METRO BUS,44.0,Pri/Sec,1.0,Outer Western Melbourne,1 bedroom flat,2025-03-01,460.0,365.0
Williamstown,METRO BUS,44.0,Pri/Sec,1.0,Outer Western Melbourne,2 bedroom flat,2025-03-01,530.0,472.0
Williamstown,METRO BUS,44.0,Pri/Sec,1.0,Outer Western Melbourne,2 bedroom house,2025-03-01,620.0,490.0
Williamstown,METRO BUS,44.0,Pri/Sec,1.0,Outer Western Melbourne,3 bedroom flat,2025-03-01,643.0,575.0
Williamstown,METRO BUS,44.0,Pri/Sec,1.0,Outer Western Melbourne,3 bedroom house,2025-03-01,780.0,549.0
Williamstown,METRO BUS,44.0,Pri/Sec,1.0,Outer Western Melbourne,4 bedroom house,2025-03-01,943.0,658.0
Williamstown,METRO BUS,44.0,Pri/Sec,1.0,Outer Western Melbourne,All properties,2025-03-01,650.0,530.0
Williamstown,METRO BUS,44.0,Primary,4.0,Outer Western Melbourne,1 bedroom flat,2025-03-01,460.0,365.0
Williamstown,METRO BUS,44.0,Primary,4.0,Outer Western Melbourne,2 bedroom flat,2025-03-01,530.0,472.0
Williamstown,METRO BUS,44.0,Primary,4.0,Outer Western Melbourne,2 bedroom house,2025-03-01,620.0,490.0
Williamstown,METRO BUS,44.0,Primary,4.0,Outer Western Melbourne,3 bedroom flat,2025-03-01,643.0,575.0
Williamstown,METRO BUS,44.0,Primary,4.0,Outer Western Melbourne,3 bedroom house,2025-03-01,780.0,549.0
Williamstown,METRO BUS,44.0,Primary,4.0,Outer Western Melbourne,4 bedroom house,2025-03-01,943.0,658.0
Williamstown,METRO BUS,44.0,Primary,4.0,Outer Western Melbourne,All properties,2025-03-01,650.0,530.0
Williamstown,METRO BUS,44.0,Secondary,1.0,Outer Western Melbourne,1 bedroom flat,2025-03-01,460.0,365.0
Williamstown,METRO BUS,44.0,Secondary,1.0,Outer Western Melbourne,2 bedroom flat,2025-03-01,530.0,472.0
Williamstown,METRO BUS,44.0,Secondary,1.0,Outer Western Melbourne,2 bedroom house,2025-03-01,620.0,490.0
Williamstown,METRO BUS,44.0,Secondary,1.0,Outer Western Melbourne,3 bedroom flat,2025-03-01,643.0,575.0
Williamstown,METRO BUS,44.0,Secondary,1.0,Outer Western Melbourne,3 bedroom house,2025-03-01,780.0,549.0
Williamstown,METRO BUS,44.0,Secondary,1.0,Outer Western Melbourne,4 bedroom house,2025-03-01,943.0,658.0
Williamstown,METRO BUS,44.0,Secondary,1.0,Outer Western Melbourne,All properties,2025-03-01,650.0,530.0
Williamstown,METRO TRAIN,7.0,Pri/Sec,1.0,Outer Western Melbourne,1 bedroom flat,2025-03-01,460.0,365.0
Williamstown,METRO TRAIN,7.0,Pri/Sec,1.0,Outer Western Melbourne,2 bedroom flat,2025-03-01,530.0,472.0
Williamstown,METRO TRAIN,7.0,Pri/Sec,1.0,Outer Western Melbourne,2 bedroom house,2025-03-01,620.0,490.0
Williamstown,METRO TRAIN,7.0,Pri/Sec,1.0,Outer Western Melbourne,3 bedroom flat,2025-03-01,643.0,575.0
Williamstown,METRO TRAIN,7.0,Pri/Sec,1.0,Outer Western Melbourne,3 bedroom house,2025-03-01,780.0,549.0
Williamstown,METRO TRAIN,7.0,Pri/Sec,1.0,Outer Western Melbourne,4 bedroom house,2025-03-01,943.0,658.0
Williamstown,METRO TRAIN,7.0,Pri/Sec,1.0,Outer Western Melbourne,All properties,2025-03-01,650.0,530.0
Williamstown,METRO TRAIN,7.0,Primary,4.0,Outer Western Melbourne,1 bedroom flat,2025-03-01,460.0,365.0
Williamstown,METRO TRAIN,7.0,Primary,4.0,Outer Western Melbourne,2 bedroom flat,2025-03-01,530.0,472.0
Williamstown,METRO TRAIN,7.0,Primary,4.0,Outer Western Melbourne,2 bedroom house,2025-03-01,620.0,490.0
Williamstown,METRO TRAIN,7.0,Primary,4.0,Outer Western Melbourne,3 bedroom flat,2025-03-01,643.0,575.0
Williamstown,METRO TRAIN,7.0,Primary,4.0,Outer Western Melbourne,3 bedroom house,2025-03-01,780.0,549.0
Williamstown,METRO TRAIN,7.0,Primary,4.0,Outer Western Melbourne,4 bedroom house,2025-03-01,943.0,658.0
Williamstown,METRO TRAIN,7.0,Primary,4.0,Outer Western Melbourne,All properties,2025-03-01,650.0,530.0
Williamstown,METRO TRAIN,7.0,Secondary,1.0,Outer Western Melbourne,1 bedroom flat,2025-03-01,460.0,365.0
Williamstown,METRO TRAIN,7.0,Secondary,1.0,Outer Western Melbourne,2 bedroom flat,2025-03-01,530.0,472.0
Williamstown,METRO TRAIN,7.0,Secondary,1.0,Outer Western Melbourne,2 bedroom house,2025-03-01,620.0,490.0
Williamstown,METRO TRAIN,7.0,Secondary,1.0,Outer Western Melbourne,3 bedroom flat,2025-03-01,643.0,575.0
Williamstown,METRO TRAIN,7.0,Secondary,1.0,Outer Western Melbourne,3 bedroom house,2025-03-01,780.0,549.0
Williamstown,METRO TRAIN,7.0,Secondary,1.0,Outer Western Melbourne,4 bedroom house,2025-03-01,943.0,658.0
Williamstown,METRO TRAIN,7.0,Secondary,1.0,Outer Western Melbourne,All properties,2025-03-01,650.0,530.0
Williamstown North,METRO BUS,8.0,,,,,,,
Willow Grove,,,Primary,1.0,,,,,
Willowmavin,,,Primary,1.0,,,,,
Willowvale,,,,,,,,,
Willung,,,,,,,,,
Willung South,REGIONAL BUS,1.0,,,,,,,
Wilsons Hill,,,,,,,,,
Wilsons Promontory,,,,,,,,,
Wimbledon Heights,REGIONAL BUS,1.0,,,,,,,
Wimbledon Heights,REGIONAL COACH,1.0,,,,,,,
Winchelsea,REGIONAL COACH,1.0,Primary,1.0,,,,,
Winchelsea,REGIONAL TRAIN,2.0,Primary,1.0,,,,,
Winchelsea South,,,,,,,,,
Windermere,REGIONAL COACH,1.0,,,,,,,
Windsor,METRO BUS,5.0,Primary,1.0,,,,,
Windsor,METRO BUS,5.0,Secondary,1.0,,,,,
Windsor,METRO TRAIN,4.0,Primary,1.0,,,,,
Windsor,METRO TRAIN,4.0,Secondary,1.0,,,,,
Windsor,METRO TRAM,15.0,Primary,1.0,,,,,
Windsor,METRO TRAM,15.0,Secondary,1.0,,,,,
Wingan River,,,,,,,,,
Wingeel,,,,,,,,,
Winjallok,,,,,,,,,
Winlaton,,,,,,,,,
Winnambool,,,,,,,,,
Winnap,,,,,,,,,
Winnindoo,,,,,,,,,
Winslow,,,,,,,,,
Winter Valley,REGIONAL BUS,5.0,,,,,,,
Winton,,,Primary,1.0,,,,,
Winton North,,,,,,,,,
Wirrate,,,,,,,,,
Wiseleigh,,,,,,,,,
Wodonga,REGIONAL BUS,67.0,Pri/Sec,1.0,Other Regional Centres,1 bedroom flat,2025-03-01,270.0,275.0
Wodonga,REGIONAL BUS,67.0,Pri/Sec,1.0,Other Regional Centres,2 bedroom flat,2025-03-01,360.0,360.0
Wodonga,REGIONAL BUS,67.0,Pri/Sec,1.0,Other Regional Centres,2 bedroom house,2025-03-01,420.0,385.0
Wodonga,REGIONAL BUS,67.0,Pri/Sec,1.0,Other Regional Centres,3 bedroom flat,2025-03-01,450.0,450.0
Wodonga,REGIONAL BUS,67.0,Pri/Sec,1.0,Other Regional Centres,3 bedroom house,2025-03-01,480.0,450.0
Wodonga,REGIONAL BUS,67.0,Pri/Sec,1.0,Other Regional Centres,4 bedroom house,2025-03-01,580.0,555.0
Wodonga,REGIONAL BUS,67.0,Pri/Sec,1.0,Other Regional Centres,All properties,2025-03-01,475.0,440.0
Wodonga,REGIONAL BUS,67.0,Primary,5.0,Other Regional Centres,1 bedroom flat,2025-03-01,270.0,275.0
Wodonga,REGIONAL BUS,67.0,Primary,5.0,Other Regional Centres,2 bedroom flat,2025-03-01,360.0,360.0
Wodonga,REGIONAL BUS,67.0,Primary,5.0,Other Regional Centres,2 bedroom house,2025-03-01,420.0,385.0
Wodonga,REGIONAL BUS,67.0,Primary,5.0,Other Regional Centres,3 bedroom flat,2025-03-01,450.0,450.0
Wodonga,REGIONAL BUS,67.0,Primary,5.0,Other Regional Centres,3 bedroom house,2025-03-01,480.0,450.0
Wodonga,REGIONAL BUS,67.0,Primary,5.0,Other Regional Centres,4 bedroom house,2025-03-01,580.0,555.0
Wodonga,REGIONAL BUS,67.0,Primary,5.0,Other Regional Centres,All properties,2025-03-01,475.0,440.0
Wodonga,REGIONAL BUS,67.0,Secondary,1.0,Other Regional Centres,1 bedroom flat,2025-03-01,270.0,275.0
Wodonga,REGIONAL BUS,67.0,Secondary,1.0,Other Regional Centres,2 bedroom flat,2025-03-01,360.0,360.0
Wodonga,REGIONAL BUS,67.0,Secondary,1.0,Other Regional Centres,2 bedroom house,2025-03-01,420.0,385.0
Wodonga,REGIONAL BUS,67.0,Secondary,1.0,Other Regional Centres,3 bedroom flat,2025-03-01,450.0,450.0
Wodonga,REGIONAL BUS,67.0,Secondary,1.0,Other Regional Centres,3 bedroom house,2025-03-01,480.0,450.0
Wodonga,REGIONAL BUS,67.0,Secondary,1.0,Other Regional Centres,4 bedroom house,2025-03-01,580.0,555.0
Wodonga,REGIONAL BUS,67.0,Secondary,1.0,Other Regional Centres,All properties,2025-03-01,475.0,440.0
Wodonga,REGIONAL BUS,67.0,Special,1.0,Other Regional Centres,1 bedroom flat,2025-03-01,270.0,275.0
Wodonga,REGIONAL BUS,67.0,Special,1.0,Other Regional Centres,2 bedroom flat,2025-03-01,360.0,360.0
Wodonga,REGIONAL BUS,67.0,Special,1.0,Other Regional Centres,2 bedroom house,2025-03-01,420.0,385.0
Wodonga,REGIONAL BUS,67.0,Special,1.0,Other Regional Centres,3 bedroom flat,2025-03-01,450.0,450.0
Wodonga,REGIONAL BUS,67.0,Special,1.0,Other Regional Centres,3 bedroom house,2025-03-01,480.0,450.0
Wodonga,REGIONAL BUS,67.0,Special,1.0,Other Regional Centres,4 bedroom house,2025-03-01,580.0,555.0
Wodonga,REGIONAL BUS,67.0,Special,1.0,Other Regional Centres,All properties,2025-03-01,475.0,440.0
Wodonga,REGIONAL COACH,1.0,Pri/Sec,1.0,Other Regional Centres,1 bedroom flat,2025-03-01,270.0,275.0
Wodonga,REGIONAL COACH,1.0,Pri/Sec,1.0,Other Regional Centres,2 bedroom flat,2025-03-01,360.0,360.0
Wodonga,REGIONAL COACH,1.0,Pri/Sec,1.0,Other Regional Centres,2 bedroom house,2025-03-01,420.0,385.0
Wodonga,REGIONAL COACH,1.0,Pri/Sec,1.0,Other Regional Centres,3 bedroom flat,2025-03-01,450.0,450.0
Wodonga,REGIONAL COACH,1.0,Pri/Sec,1.0,Other Regional Centres,3 bedroom house,2025-03-01,480.0,450.0
Wodonga,REGIONAL COACH,1.0,Pri/Sec,1.0,Other Regional Centres,4 bedroom house,2025-03-01,580.0,555.0
Wodonga,REGIONAL COACH,1.0,Pri/Sec,1.0,Other Regional Centres,All properties,2025-03-01,475.0,440.0
Wodonga,REGIONAL COACH,1.0,Primary,5.0,Other Regional Centres,1 bedroom flat,2025-03-01,270.0,275.0
Wodonga,REGIONAL COACH,1.0,Primary,5.0,Other Regional Centres,2 bedroom flat,2025-03-01,360.0,360.0
Wodonga,REGIONAL COACH,1.0,Primary,5.0,Other Regional Centres,2 bedroom house,2025-03-01,420.0,385.0
Wodonga,REGIONAL COACH,1.0,Primary,5.0,Other Regional Centres,3 bedroom flat,2025-03-01,450.0,450.0
Wodonga,REGIONAL COACH,1.0,Primary,5.0,Other Regional Centres,3 bedroom house,2025-03-01,480.0,450.0
Wodonga,REGIONAL COACH,1.0,Primary,5.0,Other Regional Centres,4 bedroom house,2025-03-01,580.0,555.0
Wodonga,REGIONAL COACH,1.0,Primary,5.0,Other Regional Centres,All properties,2025-03-01,475.0,440.0
Wodonga,REGIONAL COACH,1.0,Secondary,1.0,Other Regional Centres,1 bedroom flat,2025-03-01,270.0,275.0
Wodonga,REGIONAL COACH,1.0,Secondary,1.0,Other Regional Centres,2 bedroom flat,2025-03-01,360.0,360.0
Wodonga,REGIONAL COACH,1.0,Secondary,1.0,Other Regional Centres,2 bedroom house,2025-03-01,420.0,385.0
Wodonga,REGIONAL COACH,1.0,Secondary,1.0,Other Regional Centres,3 bedroom flat,2025-03-01,450.0,450.0
Wodonga,REGIONAL COACH,1.0,Secondary,1.0,Other Regional Centres,3 bedroom house,2025-03-01,480.0,450.0
Wodonga,REGIONAL COACH,1.0,Secondary,1.0,Other Regional Centres,4 bedroom house,2025-03-01,580.0,555.0
Wodonga,REGIONAL COACH,1.0,Secondary,1.0,Other Regional Centres,All properties,2025-03-01,475.0,440.0
Wodonga,REGIONAL COACH,1.0,Special,1.0,Other Regional Centres,1 bedroom flat,2025-03-01,270.0,275.0
Wodonga,REGIONAL COACH,1.0,Special,1.0,Other Regional Centres,2 bedroom flat,2025-03-01,360.0,360.0
Wodonga,REGIONAL COACH,1.0,Special,1.0,Other Regional Centres,2 bedroom house,2025-03-01,420.0,385.0
Wodonga,REGIONAL COACH,1.0,Special,1.0,Other Regional Centres,3 bedroom flat,2025-03-01,450.0,450.0
Wodonga,REGIONAL COACH,1.0,Special,1.0,Other Regional Centres,3 bedroom house,2025-03-01,480.0,450.0
Wodonga,REGIONAL COACH,1.0,Special,1.0,Other Regional Centres,4 bedroom house,2025-03-01,580.0,555.0
Wodonga,REGIONAL COACH,1.0,Special,1.0,Other Regional Centres,All properties,2025-03-01,475.0,440.0
Wodonga,REGIONAL TRAIN,2.0,Pri/Sec,1.0,Other Regional Centres,1 bedroom flat,2025-03-01,270.0,275.0
Wodonga,REGIONAL TRAIN,2.0,Pri/Sec,1.0,Other Regional Centres,2 bedroom flat,2025-03-01,360.0,360.0
Wodonga,REGIONAL TRAIN,2.0,Pri/Sec,1.0,Other Regional Centres,2 bedroom house,2025-03-01,420.0,385.0
Wodonga,REGIONAL TRAIN,2.0,Pri/Sec,1.0,Other Regional Centres,3 bedroom flat,2025-03-01,450.0,450.0
Wodonga,REGIONAL TRAIN,2.0,Pri/Sec,1.0,Other Regional Centres,3 bedroom house,2025-03-01,480.0,450.0
Wodonga,REGIONAL TRAIN,2.0,Pri/Sec,1.0,Other Regional Centres,4 bedroom house,2025-03-01,580.0,555.0
Wodonga,REGIONAL TRAIN,2.0,Pri/Sec,1.0,Other Regional Centres,All properties,2025-03-01,475.0,440.0
Wodonga,REGIONAL TRAIN,2.0,Primary,5.0,Other Regional Centres,1 bedroom flat,2025-03-01,270.0,275.0
Wodonga,REGIONAL TRAIN,2.0,Primary,5.0,Other Regional Centres,2 bedroom flat,2025-03-01,360.0,360.0
Wodonga,REGIONAL TRAIN,2.0,Primary,5.0,Other Regional Centres,2 bedroom house,2025-03-01,420.0,385.0
Wodonga,REGIONAL TRAIN,2.0,Primary,5.0,Other Regional Centres,3 bedroom flat,2025-03-01,450.0,450.0
Wodonga,REGIONAL TRAIN,2.0,Primary,5.0,Other Regional Centres,3 bedroom house,2025-03-01,480.0,450.0
Wodonga,REGIONAL TRAIN,2.0,Primary,5.0,Other Regional Centres,4 bedroom house,2025-03-01,580.0,555.0
Wodonga,REGIONAL TRAIN,2.0,Primary,5.0,Other Regional Centres,All properties,2025-03-01,475.0,440.0
Wodonga,REGIONAL TRAIN,2.0,Secondary,1.0,Other Regional Centres,1 bedroom flat,2025-03-01,270.0,275.0
Wodonga,REGIONAL TRAIN,2.0,Secondary,1.0,Other Regional Centres,2 bedroom flat,2025-03-01,360.0,360.0
Wodonga,REGIONAL TRAIN,2.0,Secondary,1.0,Other Regional Centres,2 bedroom house,2025-03-01,420.0,385.0
Wodonga,REGIONAL TRAIN,2.0,Secondary,1.0,Other Regional Centres,3 bedroom flat,2025-03-01,450.0,450.0
Wodonga,REGIONAL TRAIN,2.0,Secondary,1.0,Other Regional Centres,3 bedroom house,2025-03-01,480.0,450.0
Wodonga,REGIONAL TRAIN,2.0,Secondary,1.0,Other Regional Centres,4 bedroom house,2025-03-01,580.0,555.0
Wodonga,REGIONAL TRAIN,2.0,Secondary,1.0,Other Regional Centres,All properties,2025-03-01,475.0,440.0
Wodonga,REGIONAL TRAIN,2.0,Special,1.0,Other Regional Centres,1 bedroom flat,2025-03-01,270.0,275.0
Wodonga,REGIONAL TRAIN,2.0,Special,1.0,Other Regional Centres,2 bedroom flat,2025-03-01,360.0,360.0
Wodonga,REGIONAL TRAIN,2.0,Special,1.0,Other Regional Centres,2 bedroom house,2025-03-01,420.0,385.0
Wodonga,REGIONAL TRAIN,2.0,Special,1.0,Other Regional Centres,3 bedroom flat,2025-03-01,450.0,450.0
Wodonga,REGIONAL TRAIN,2.0,Special,1.0,Other Regional Centres,3 bedroom house,2025-03-01,480.0,450.0
Wodonga,REGIONAL TRAIN,2.0,Special,1.0,Other Regional Centres,4 bedroom house,2025-03-01,580.0,555.0
Wodonga,REGIONAL TRAIN,2.0,Special,1.0,Other Regional Centres,All properties,2025-03-01,475.0,440.0
Wollert,METRO BUS,28.0,Primary,6.0,,,,,
Wollert,METRO BUS,28.0,Secondary,2.0,,,,,
Wombat Creek,,,,,,,,,
Wombelano,,,,,,,,,
Won Wron,REGIONAL BUS,1.0,,,,,,,
Wonga,,,,,,,,,
Wonga Park,METRO BUS,21.0,Primary,1.0,,,,,
Wongarra,,,,,,,,,
Wongungarra,,,,,,,,,
Wonnangatta,,,,,,,,,
Wonthaggi,REGIONAL BUS,27.0,Primary,3.0,,,,,
Wonthaggi,REGIONAL BUS,27.0,Secondary,1.0,,,,,
Wonthaggi,REGIONAL BUS,27.0,Special,1.0,,,,,
Wonthaggi,REGIONAL COACH,4.0,Primary,3.0,,,,,
Wonthaggi,REGIONAL COACH,4.0,Secondary,1.0,,,,,
Wonthaggi,REGIONAL COACH,4.0,Special,1.0,,,,,
Wonwondah,,,,,,,,,
Wonyip,,,,,,,,,
Wood Wood,REGIONAL BUS,1.0,,,,,,,
Wood Wood,REGIONAL COACH,1.0,,,,,,,
Woodend,REGIONAL BUS,1.0,Primary,2.0,,,,,
Woodend,REGIONAL COACH,1.0,Primary,2.0,,,,,
Woodend,REGIONAL TRAIN,2.0,Primary,2.0,,,,,
Woodend North,,,,,,,,,
Woodfield,REGIONAL COACH,1.0,,,,,,,
Woodford,,,Primary,1.0,,,,,
Woodglen,,,,,,,,,
Woodhouse,,,,,,,,,
Woodleigh,,,,,,,,,
Woods Point,REGIONAL BUS,1.0,,,,,,,
Woodside,,,Primary,1.0,,,,,
Woodside Beach,,,,,,,,,
Woodside North,,,,,,,,,
Woodstock,,,,,,,,,
Woodstock West,,,,,,,,,
Woodstock on Loddon,,,,,,,,,
Woodvale,,,,,,,,,
Wool Wool,,,,,,,,,
Woolamai,,,,,,,,,
Woolenook,,,,,,,,,
Woolshed Flat,,,,,,,,,
Woolsthorpe,REGIONAL COACH,1.0,Primary,1.0,,,,,
Woomelang,REGIONAL BUS,1.0,,,,,,,
Woomelang,REGIONAL COACH,1.0,,,,,,,
Wooragee,REGIONAL BUS,1.0,Primary,1.0,,,,,
Woorarra East,,,,,,,,,
Woorarra West,,,,,,,,,
Wooreen,,,,,,,,,
Woori Yallock,METRO BUS,9.0,Primary,1.0,,,,,
Woorinen,,,,,,,,,
Woorinen North,,,,,,,,,
Woorinen South,REGIONAL BUS,1.0,Primary,1.0,,,,,
Woorndoo,,,,,,,,,
Wooroonook,,,,,,,,,
Woosang,,,,,,,,,
Wootong Vale,,,,,,,,,
Worrowing,,,,,,,,,
Wrathung,,,,,,,,,
Wrixon,,,,,,,,,
Wroxham,,,,,,,,,
Wuk Wuk,,,,,,,,,
Wulgulmerang,,,,,,,,,
Wulgulmerang East,,,,,,,,,
Wulgulmerang West,,,,,,,,,
Wunghnu,REGIONAL COACH,1.0,Primary,1.0,,,,,
Wurdiboluc,,,,,,,,,
Wurruk,REGIONAL BUS,6.0,Primary,1.0,,,,,
Wurruk,REGIONAL COACH,1.0,Primary,1.0,,,,,
Wy Yung,REGIONAL BUS,5.0,,,,,,,
Wycheproof,REGIONAL BUS,1.0,Pri/Sec,1.0,,,,,
Wycheproof,REGIONAL COACH,2.0,Pri/Sec,1.0,,,,,
Wycheproof South,,,,,,,,,
Wychitella,,,,,,,,,
Wychitella North,,,,,,,,,
Wye River,REGIONAL COACH,1.0,,,,,,,
Wyelangta,,,,,,,,,
Wyndham Vale,METRO BUS,40.0,Primary,3.0,,,,,
Wyuna,,,,,,,,,
Wyuna East,,,,,,,,,
Yaapeet,REGIONAL BUS,1.0,,,,,,,
Yabba North,,,,,,,,,
Yabba South,,,,,,,,,
Yackandandah,REGIONAL BUS,3.0,Primary,1.0,,,,,
Yalca,,,,,,,,,
Yalla-Y-Poora,,,,,,,,,
Yallambie,METRO BUS,12.0,Primary,1.0,,,,,
Yallourn,,,,,,,,,
Yallourn North,REGIONAL BUS,7.0,Primary,1.0,,,,,
Yalmy,,,,,,,,,
Yambuk,REGIONAL COACH,1.0,,,,,,,
Yambuna,,,,,,,,,
Yan Yean,METRO BUS,9.0,,,,,,,
Yanac,,,,,,,,,
Yanakie,,,,,,,,,
Yando,,,,,,,,,
Yandoit,,,Primary,1.0,,,,,
Yandoit Hills,,,,,,,,,
Yangery,,,,,,,,,
Yangoura,,,,,,,,,
Yannathan,,,,,,,,,
Yapeen,,,,,,,,,
Yarck,REGIONAL COACH,1.0,,,,,,,
Yarpturk,,,,,,,,,
Yarra Glen,METRO BUS,2.0,Primary,1.0,,,,,
Yarra Glen,REGIONAL COACH,1.0,Primary,1.0,,,,,
Yarra Junction,METRO BUS,10.0,Pri/Sec,1.0,,,,,
Yarra Junction,METRO BUS,10.0,Primary,2.0,,,,,
Yarra Junction,METRO BUS,10.0,Secondary,1.0,,,,,
Yarraberb,,,,,,,,,
Yarragon,REGIONAL BUS,2.0,Primary,1.0,,,,,
Yarragon,REGIONAL COACH,1.0,Primary,1.0,,,,,
Yarragon,REGIONAL TRAIN,2.0,Primary,1.0,,,,,
Yarragon South,,,,,,,,,
Yarram,REGIONAL BUS,1.0,Primary,2.0,,,,,
Yarram,REGIONAL BUS,1.0,Secondary,1.0,,,,,
Yarram,REGIONAL COACH,1.0,Primary,2.0,,,,,
Yarram,REGIONAL COACH,1.0,Secondary,1.0,,,,,
Yarrambat,METRO BUS,12.0,Primary,1.0,,,,,
Yarraville,METRO BUS,65.0,Primary,4.0,,,,,
Yarraville,METRO BUS,65.0,Special,1.0,,,,,
Yarraville,METRO TRAIN,3.0,Primary,4.0,,,,,
Yarraville,METRO TRAIN,3.0,Special,1.0,,,,,
Yarrawalla,,,,,,,,,
Yarrawonga,REGIONAL BUS,1.0,Pri/Sec,1.0,,,,,
Yarrawonga,REGIONAL BUS,1.0,Primary,1.0,,,,,
Yarrawonga,REGIONAL BUS,1.0,Secondary,1.0,,,,,
Yarrawonga,REGIONAL COACH,1.0,Pri/Sec,1.0,,,,,
Yarrawonga,REGIONAL COACH,1.0,Primary,1.0,,,,,
Yarrawonga,REGIONAL COACH,1.0,Secondary,1.0,,,,,
Yarrawonga South,,,,,,,,,
Yarroweyah,REGIONAL COACH,1.0,,,,,,,
Yatchaw,,,,,,,,,
Yawong Hills,,,,,,,,,
Yea,REGIONAL COACH,1.0,Primary,2.0,,,,,
Yea,REGIONAL COACH,1.0,Secondary,1.0,,,,,
Yellingbo,,,,,,,,,
Yelta,,,,,,,,,
Yendon,REGIONAL COACH,1.0,,,,,,,
Yeo,,,,,,,,,
Yeodene,,,,,,,,,
Yering,,,Primary,1.0,,,,,
Yeungroon,,,,,,,,,
Yeungroon East,,,,,,,,,
Yielima,,,,,,,,,
Yinnar,REGIONAL BUS,3.0,Primary,1.0,,,,,
Yinnar South,,,Primary,1.0,,,,,
York Plains,,,,,,,,,
Youanmite,,,,,,,,,
Youarang,,,,,,,,,
Yulecart,REGIONAL COACH,1.0,,,,,,,
Yundool,,,,,,,,,
Yuroke,,,,,,,,,
Yuulong,,,,,,,,,
Zeerust,,,Primary,1.0,,,,,
Zumsteins,,,,,,,,,
